id,tvt
000d7d20_1442,11747.816050389289
000d7d20_1443,11747.816050389289
000d7d20_1444,11747.816050389289
000d7d20_1445,11747.816050389289
000d7d20_1446,11747.858030060901
000d7d20_1447,11747.858030060901
000d7d20_1448,11747.858030060901
000d7d20_1449,11747.858030060901
000d7d20_1450,11747.858030060901
000d7d20_1451,11747.858030060901
000d7d20_1452,11747.945232648772
000d7d20_1453,11747.945232648772
000d7d20_1454,11747.945232648772
000d7d20_1455,11747.945232648772
000d7d20_1456,11747.963599777311
000d7d20_1457,11747.963599777311
000d7d20_1458,11747.963599777311
000d7d20_1459,11747.963599777311
000d7d20_1460,11747.963599777311
000d7d20_1461,11747.593735713795
000d7d20_1462,11747.6273841829
000d7d20_1463,11747.6273841829
000d7d20_1464,11747.6273841829
000d7d20_1465,11747.741700115776
000d7d20_1466,11748.144512539802
000d7d20_1467,11748.159992377015
000d7d20_1468,11747.949245732822
000d7d20_1469,11748.352959823855
000d7d20_1470,11748.352959823855
000d7d20_1471,11748.352959823855
000d7d20_1472,11748.352959823855
000d7d20_1473,11748.352959823855
000d7d20_1474,11748.352959823855
000d7d20_1475,11748.352959823855
000d7d20_1476,11748.352959823855
000d7d20_1477,11748.352959823855
000d7d20_1478,11748.327030119428
000d7d20_1479,11748.327030119428
000d7d20_1480,11748.38250715126
000d7d20_1481,11748.185393318308
000d7d20_1482,11748.185393318308
000d7d20_1483,11748.203880537012
000d7d20_1484,11748.203880537012
000d7d20_1485,11748.203880537012
000d7d20_1486,11748.172039256086
000d7d20_1487,11748.376562773887
000d7d20_1488,11748.321085742054
000d7d20_1489,11748.321085742054
000d7d20_1490,11748.321085742054
000d7d20_1491,11748.321085742054
000d7d20_1492,11748.321085742054
000d7d20_1493,11748.321085742054
000d7d20_1494,11748.321085742054
000d7d20_1495,11748.321085742054
000d7d20_1496,11748.321085742054
000d7d20_1497,11748.321085742054
000d7d20_1498,11748.321085742054
000d7d20_1499,11748.321085742054
000d7d20_1500,11748.321085742054
000d7d20_1501,11748.321085742054
000d7d20_1502,11748.321085742054
000d7d20_1503,11748.297260573325
000d7d20_1504,11748.297260573325
000d7d20_1505,11748.297260573325
000d7d20_1506,11748.297260573325
000d7d20_1507,11748.297260573325
000d7d20_1508,11748.297260573325
000d7d20_1509,11748.297260573325
000d7d20_1510,11748.297260573325
000d7d20_1511,11748.297260573325
000d7d20_1512,11748.297260573325
000d7d20_1513,11748.297260573325
000d7d20_1514,11748.297260573325
000d7d20_1515,11748.155623772205
000d7d20_1516,11748.297260573325
000d7d20_1517,11748.297260573325
000d7d20_1518,11748.297260573325
000d7d20_1519,11748.31767061194
000d7d20_1520,11748.31767061194
000d7d20_1521,11748.31767061194
000d7d20_1522,11748.31767061194
000d7d20_1523,11748.299219918345
000d7d20_1524,11748.291810233495
000d7d20_1525,11748.291810233495
000d7d20_1526,11748.291810233495
000d7d20_1527,11748.291810233495
000d7d20_1528,11748.291810233495
000d7d20_1529,11748.291810233495
000d7d20_1530,11748.291810233495
000d7d20_1531,11748.291810233495
000d7d20_1532,11748.291810233495
000d7d20_1533,11748.291810233495
000d7d20_1534,11748.291810233495
000d7d20_1535,11748.291810233495
000d7d20_1536,11748.291810233495
000d7d20_1537,11748.273323014791
000d7d20_1538,11748.273323014791
000d7d20_1539,11748.273323014791
000d7d20_1540,11748.211032406562
000d7d20_1541,11748.211032406562
000d7d20_1542,11748.211032406562
000d7d20_1543,11748.421779050756
000d7d20_1544,11747.96805405501
000d7d20_1545,11747.853738122136
000d7d20_1546,11747.498477087805
000d7d20_1547,11747.853738122136
000d7d20_1548,11747.82008965303
000d7d20_1549,11747.786239625513
000d7d20_1550,11747.786239625513
000d7d20_1551,11747.786239625513
000d7d20_1552,11747.821672360018
000d7d20_1553,11747.821672360018
000d7d20_1554,11747.821672360018
000d7d20_1555,11747.371218018592
000d7d20_1556,11747.371218018592
000d7d20_1557,11747.371218018592
000d7d20_1558,11747.276605745872
000d7d20_1559,11747.357383572806
000d7d20_1560,11747.770983566988
000d7d20_1561,11747.770983566988
000d7d20_1562,11747.770983566988
000d7d20_1563,11747.770983566988
000d7d20_1564,11747.729003895376
000d7d20_1565,11747.736413580225
000d7d20_1566,11747.736413580225
000d7d20_1567,11747.736413580225
000d7d20_1568,11747.736413580225
000d7d20_1569,11747.736413580225
000d7d20_1570,11747.736413580225
000d7d20_1571,11747.770518993773
000d7d20_1572,11747.736413580225
000d7d20_1573,11747.736413580225
000d7d20_1574,11747.736413580225
000d7d20_1575,11747.736413580225
000d7d20_1576,11747.736413580225
000d7d20_1577,11747.736413580225
000d7d20_1578,11747.770518993773
000d7d20_1579,11747.736413580225
000d7d20_1580,11747.736413580225
000d7d20_1581,11747.736413580225
000d7d20_1582,11747.736413580225
000d7d20_1583,11747.736413580225
000d7d20_1584,11747.736413580225
000d7d20_1585,11747.736413580225
000d7d20_1586,11747.770518993773
000d7d20_1587,11747.736413580225
000d7d20_1588,11747.736413580225
000d7d20_1589,11747.736413580225
000d7d20_1590,11747.778393251838
000d7d20_1591,11747.778393251838
000d7d20_1592,11747.778393251838
000d7d20_1593,11747.778393251838
000d7d20_1594,11747.778393251838
000d7d20_1595,11747.778393251838
000d7d20_1596,11747.873005524558
000d7d20_1597,11747.873005524558
000d7d20_1598,11747.873005524558
000d7d20_1599,11747.873005524558
000d7d20_1600,11747.873005524558
000d7d20_1601,11747.873005524558
000d7d20_1602,11747.873005524558
000d7d20_1603,11747.873005524558
000d7d20_1604,11747.935789576228
000d7d20_1605,11747.935789576228
000d7d20_1606,11747.935789576228
000d7d20_1607,11747.935789576228
000d7d20_1608,11747.522189582045
000d7d20_1609,11747.522189582045
000d7d20_1610,11747.522189582045
000d7d20_1611,11747.522189582045
000d7d20_1612,11747.522189582045
000d7d20_1613,11747.522189582045
000d7d20_1614,11747.522189582045
000d7d20_1615,11747.522189582045
000d7d20_1616,11747.522189582045
000d7d20_1617,11747.556039609563
000d7d20_1618,11747.589688078668
000d7d20_1619,11747.589688078668
000d7d20_1620,11747.589688078668
000d7d20_1621,11747.589688078668
000d7d20_1622,11747.589688078668
000d7d20_1623,11748.00328807285
000d7d20_1624,11748.00328807285
000d7d20_1625,11748.00328807285
000d7d20_1626,11748.00328807285
000d7d20_1627,11748.00328807285
000d7d20_1628,11747.979633567957
000d7d20_1629,11747.979633567957
000d7d20_1630,11747.979633567957
000d7d20_1631,11747.979633567957
000d7d20_1632,11747.979633567957
000d7d20_1633,11747.566033573774
000d7d20_1634,11747.566033573774
000d7d20_1635,11747.566033573774
000d7d20_1636,11747.566033573774
000d7d20_1637,11747.566033573774
000d7d20_1638,11747.566033573774
000d7d20_1639,11747.566033573774
000d7d20_1640,11747.598335571249
000d7d20_1641,11747.598335571249
000d7d20_1642,11747.577679559541
000d7d20_1643,11747.577679559541
000d7d20_1644,11747.577679559541
000d7d20_1645,11747.577679559541
000d7d20_1646,11747.957631084619
000d7d20_1647,11747.957631084619
000d7d20_1648,11747.957631084619
000d7d20_1649,11747.923781057101
000d7d20_1650,11747.944437068809
000d7d20_1651,11747.944437068809
000d7d20_1652,11747.944437068809
000d7d20_1653,11747.92702629605
000d7d20_1654,11747.92702629605
000d7d20_1655,11747.92702629605
000d7d20_1656,11747.92702629605
000d7d20_1657,11747.513426301868
000d7d20_1658,11747.92702629605
000d7d20_1659,11747.92702629605
000d7d20_1660,11747.92702629605
000d7d20_1661,11747.92702629605
000d7d20_1662,11747.92702629605
000d7d20_1663,11747.92702629605
000d7d20_1664,11747.92702629605
000d7d20_1665,11747.92702629605
000d7d20_1666,11747.513426301868
000d7d20_1667,11747.92702629605
000d7d20_1668,11747.890171948808
000d7d20_1669,11747.890171948808
000d7d20_1670,11747.890171948808
000d7d20_1671,11747.890171948808
000d7d20_1672,11747.890171948808
000d7d20_1673,11748.031984910702
000d7d20_1674,11748.031984910702
000d7d20_1675,11748.031984910702
000d7d20_1676,11748.031984910702
000d7d20_1677,11748.031984910702
000d7d20_1678,11748.031984910702
000d7d20_1679,11748.209586623003
000d7d20_1680,11748.209586623003
000d7d20_1681,11748.209586623003
000d7d20_1682,11748.209586623003
000d7d20_1683,11748.114974350283
000d7d20_1684,11748.114974350283
000d7d20_1685,11748.114974350283
000d7d20_1686,11748.114974350283
000d7d20_1687,11748.209586623003
000d7d20_1688,11748.209586623003
000d7d20_1689,11748.209586623003
000d7d20_1690,11748.209586623003
000d7d20_1691,11748.209586623003
000d7d20_1692,11748.114974350283
000d7d20_1693,11748.114974350283
000d7d20_1694,11748.114974350283
000d7d20_1695,11748.114974350283
000d7d20_1696,11748.114974350283
000d7d20_1697,11748.114974350283
000d7d20_1698,11748.114974350283
000d7d20_1699,11748.114974350283
000d7d20_1700,11748.114974350283
000d7d20_1701,11748.114974350283
000d7d20_1702,11748.209586623003
000d7d20_1703,11748.209586623003
000d7d20_1704,11748.209586623003
000d7d20_1705,11748.187679832721
000d7d20_1706,11748.404549174982
000d7d20_1707,11748.404549174982
000d7d20_1708,11748.404549174982
000d7d20_1709,11748.404549174982
000d7d20_1710,11748.404549174982
000d7d20_1711,11748.404549174982
000d7d20_1712,11747.9909491808
000d7d20_1713,11747.9909491808
000d7d20_1714,11748.441403522225
000d7d20_1715,11748.404549174982
000d7d20_1716,11748.441403522225
000d7d20_1717,11748.441403522225
000d7d20_1718,11748.441403522225
000d7d20_1719,11748.441403522225
000d7d20_1720,11748.441403522225
000d7d20_1721,11748.027803528043
000d7d20_1722,11748.441403522225
000d7d20_1723,11748.441403522225
000d7d20_1724,11748.441403522225
000d7d20_1725,11748.441403522225
000d7d20_1726,11748.441403522225
000d7d20_1727,11748.441403522225
000d7d20_1728,11748.475253549743
000d7d20_1729,11748.508902018848
000d7d20_1730,11748.508902018848
000d7d20_1731,11748.508902018848
000d7d20_1732,11748.508902018848
000d7d20_1733,11748.508902018848
000d7d20_1734,11748.525297286526
000d7d20_1735,11748.525297286526
000d7d20_1736,11748.111697292343
000d7d20_1737,11748.111697292343
000d7d20_1738,11748.111697292343
000d7d20_1739,11748.525297286526
000d7d20_1740,11748.525297286526
000d7d20_1741,11748.111697292343
000d7d20_1742,11748.111697292343
000d7d20_1743,11748.111697292343
000d7d20_1744,11748.226013225218
000d7d20_1745,11748.628825649244
000d7d20_1746,11748.628825649244
000d7d20_1747,11748.628825649244
000d7d20_1748,11748.557893425406
000d7d20_1749,11748.57337326262
000d7d20_1750,11748.57337326262
000d7d20_1751,11748.57337326262
000d7d20_1752,11748.57337326262
000d7d20_1753,11748.57337326262
000d7d20_1754,11748.57337326262
000d7d20_1755,11748.57337326262
000d7d20_1756,11748.57337326262
000d7d20_1757,11748.57337326262
000d7d20_1758,11748.776226612608
000d7d20_1759,11748.779180501311
000d7d20_1760,11748.779180501311
000d7d20_1761,11749.192780495494
000d7d20_1762,11749.192780495494
000d7d20_1763,11749.192780495494
000d7d20_1764,11748.779180501311
000d7d20_1765,11748.779180501311
000d7d20_1766,11748.779180501311
000d7d20_1767,11748.779180501311
000d7d20_1768,11748.779180501311
000d7d20_1769,11748.779180501311
000d7d20_1770,11748.779180501311
000d7d20_1771,11748.779180501311
000d7d20_1772,11748.779180501311
000d7d20_1773,11749.192780495494
000d7d20_1774,11749.192780495494
000d7d20_1775,11749.192780495494
000d7d20_1776,11749.192780495494
000d7d20_1777,11748.989927145505
000d7d20_1778,11748.989927145505
000d7d20_1779,11748.974447308292
000d7d20_1780,11748.158034890082
000d7d20_1781,11748.043718957208
000d7d20_1782,11748.043718957208
000d7d20_1783,11748.043718957208
000d7d20_1784,11748.043718957208
000d7d20_1785,11748.043718957208
000d7d20_1786,11748.043718957208
000d7d20_1787,11748.043718957208
000d7d20_1788,11748.056907705599
000d7d20_1789,11748.056907705599
000d7d20_1790,11748.056907705599
000d7d20_1791,11748.066536611746
000d7d20_1792,11748.066536611746
000d7d20_1793,11748.066536611746
000d7d20_1794,11748.032888142641
000d7d20_1795,11747.999038115124
000d7d20_1796,11747.999038115124
000d7d20_1797,11747.999038115124
000d7d20_1798,11748.412638109306
000d7d20_1799,11748.412638109306
000d7d20_1800,11748.412638109306
000d7d20_1801,11748.380336111832
000d7d20_1802,11748.380336111832
000d7d20_1803,11748.380336111832
000d7d20_1804,11748.380336111832
000d7d20_1805,11748.380336111832
000d7d20_1806,11748.380336111832
000d7d20_1807,11748.380336111832
000d7d20_1808,11748.380336111832
000d7d20_1809,11748.380336111832
000d7d20_1810,11748.41736805691
000d7d20_1811,11747.966913715483
000d7d20_1812,11747.966913715483
000d7d20_1813,11748.380513709666
000d7d20_1814,11748.380513709666
000d7d20_1815,11748.400032278147
000d7d20_1816,11748.400032278147
000d7d20_1817,11748.400032278147
000d7d20_1818,11748.321349123045
000d7d20_1819,11748.321349123045
000d7d20_1820,11748.321349123045
000d7d20_1821,11748.321349123045
000d7d20_1822,11748.321349123045
000d7d20_1823,11748.321349123045
000d7d20_1824,11748.321349123045
000d7d20_1825,11748.321349123045
000d7d20_1826,11748.321349123045
000d7d20_1827,11747.907749128863
000d7d20_1828,11748.295419418619
000d7d20_1829,11748.295419418619
000d7d20_1830,11748.295419418619
000d7d20_1831,11748.295419418619
000d7d20_1832,11748.295419418619
000d7d20_1833,11748.295419418619
000d7d20_1834,11748.295419418619
000d7d20_1835,11748.295419418619
000d7d20_1836,11748.295419418619
000d7d20_1837,11748.295419418619
000d7d20_1838,11748.295419418619
000d7d20_1839,11748.295419418619
000d7d20_1840,11748.273245572494
000d7d20_1841,11748.273245572494
000d7d20_1842,11748.273245572494
000d7d20_1843,11748.273245572494
000d7d20_1844,11748.273245572494
000d7d20_1845,11748.273245572494
000d7d20_1846,11748.273245572494
000d7d20_1847,11748.23781283799
000d7d20_1848,11748.23781283799
000d7d20_1849,11748.23781283799
000d7d20_1850,11748.23781283799
000d7d20_1851,11748.23781283799
000d7d20_1852,11748.23781283799
000d7d20_1853,11748.23781283799
000d7d20_1854,11748.240949495383
000d7d20_1855,11748.240949495383
000d7d20_1856,11748.240949495383
000d7d20_1857,11748.240949495383
000d7d20_1858,11748.240949495383
000d7d20_1859,11748.240949495383
000d7d20_1860,11748.240949495383
000d7d20_1861,11748.240949495383
000d7d20_1862,11748.220293483675
000d7d20_1863,11748.240949495383
000d7d20_1864,11748.240949495383
000d7d20_1865,11748.240949495383
000d7d20_1866,11748.240949495383
000d7d20_1867,11748.240949495383
000d7d20_1868,11748.240949495383
000d7d20_1869,11748.240949495383
000d7d20_1870,11748.306622271133
000d7d20_1871,11748.306622271133
000d7d20_1872,11748.306622271133
000d7d20_1873,11748.306622271133
000d7d20_1874,11748.306622271133
000d7d20_1875,11748.306622271133
000d7d20_1876,11748.306622271133
000d7d20_1877,11748.306622271133
000d7d20_1878,11748.306622271133
000d7d20_1879,11748.306622271133
000d7d20_1880,11748.306622271133
000d7d20_1881,11748.306622271133
000d7d20_1882,11748.306622271133
000d7d20_1883,11748.306622271133
000d7d20_1884,11748.306622271133
000d7d20_1885,11748.306622271133
000d7d20_1886,11748.306622271133
000d7d20_1887,11748.306622271133
000d7d20_1888,11748.306622271133
000d7d20_1889,11748.306622271133
000d7d20_1890,11748.306622271133
000d7d20_1891,11748.322815878777
000d7d20_1892,11748.322815878777
000d7d20_1893,11748.322815878777
000d7d20_1894,11748.322815878777
000d7d20_1895,11748.322815878777
000d7d20_1896,11748.322815878777
000d7d20_1897,11748.322815878777
000d7d20_1898,11748.4189602038
000d7d20_1899,11748.4189602038
000d7d20_1900,11748.4189602038
000d7d20_1901,11748.4189602038
000d7d20_1902,11748.4189602038
000d7d20_1903,11748.4189602038
000d7d20_1904,11748.4189602038
000d7d20_1905,11748.4189602038
000d7d20_1906,11748.4189602038
000d7d20_1907,11748.4189602038
000d7d20_1908,11748.4189602038
000d7d20_1909,11748.455814551044
000d7d20_1910,11748.448404866194
000d7d20_1911,11748.448404866194
000d7d20_1912,11748.36762703926
000d7d20_1913,11748.36762703926
000d7d20_1914,11748.36762703926
000d7d20_1915,11748.36762703926
000d7d20_1916,11748.401477066778
000d7d20_1917,11748.435125535883
000d7d20_1918,11748.435125535883
000d7d20_1919,11748.435125535883
000d7d20_1920,11748.0215255417
000d7d20_1921,11748.135841474575
000d7d20_1922,11748.538653898602
000d7d20_1923,11748.554133735815
000d7d20_1924,11748.756987085804
000d7d20_1925,11749.170587079987
000d7d20_1926,11748.814641878715
000d7d20_1927,11748.814641878715
000d7d20_1928,11748.814641878715
000d7d20_1929,11748.814641878715
000d7d20_1930,11749.169902913045
000d7d20_1931,11749.169902913045
000d7d20_1932,11748.309841783946
000d7d20_1933,11748.309841783946
000d7d20_1934,11748.106822954018
000d7d20_1935,11748.106822954018
000d7d20_1936,11748.106822954018
000d7d20_1937,11748.168204982827
000d7d20_1938,11748.309841783946
000d7d20_1939,11748.309841783946
000d7d20_1940,11748.309841783946
000d7d20_1941,11748.309841783946
000d7d20_1942,11748.309841783946
000d7d20_1943,11748.309841783946
000d7d20_1944,11748.168204982827
000d7d20_1945,11748.168204982827
000d7d20_1946,11748.168204982827
000d7d20_1947,11748.365318815779
000d7d20_1948,11748.365318815779
000d7d20_1949,11748.309841783946
000d7d20_1950,11748.309841783946
000d7d20_1951,11748.309841783946
000d7d20_1952,11748.365318815779
000d7d20_1953,11748.168204982827
000d7d20_1954,11748.386971942911
000d7d20_1955,11748.412272738013
000d7d20_1956,11748.412272738013
000d7d20_1957,11748.412272738013
000d7d20_1958,11748.412272738013
000d7d20_1959,11748.853547206054
000d7d20_1960,11748.853547206054
000d7d20_1961,11748.853547206054
000d7d20_1962,11748.853547206054
000d7d20_1963,11748.853547206054
000d7d20_1964,11748.853547206054
000d7d20_1965,11748.853547206054
000d7d20_1966,11748.853547206054
000d7d20_1967,11748.439947211871
000d7d20_1968,11748.475379946376
000d7d20_1969,11748.475379946376
000d7d20_1970,11748.475379946376
000d7d20_1971,11748.475379946376
000d7d20_1972,11748.475379946376
000d7d20_1973,11748.475379946376
000d7d20_1974,11748.482789631225
000d7d20_1975,11748.279936281237
000d7d20_1976,11748.279936281237
000d7d20_1977,11748.264456444023
000d7d20_1978,11748.264456444023
000d7d20_1979,11748.201531285291
000d7d20_1980,11747.747328087122
000d7d20_1981,11747.900337168634
000d7d20_1982,11747.900337168634
000d7d20_1983,11747.900337168634
000d7d20_1984,11748.428253095692
000d7d20_1985,11748.768140360986
000d7d20_1986,11748.831065519718
000d7d20_1987,11748.846545356932
000d7d20_1988,11749.04939870692
000d7d20_1989,11749.04939870692
000d7d20_1990,11749.04939870692
000d7d20_1991,11749.04939870692
000d7d20_1992,11748.786904853625
000d7d20_1993,11748.749872908547
000d7d20_1994,11748.749872908547
000d7d20_1995,11748.749872908547
000d7d20_1996,11748.742463223698
000d7d20_1997,11748.742463223698
000d7d20_1998,11748.742463223698
000d7d20_1999,11748.774765221173
000d7d20_2000,11748.774765221173
000d7d20_2001,11748.36116522699
000d7d20_2002,11748.36116522699
000d7d20_2003,11748.36116522699
000d7d20_2004,11748.36116522699
000d7d20_2005,11748.36116522699
000d7d20_2006,11748.36116522699
000d7d20_2007,11748.36116522699
000d7d20_2008,11748.36116522699
000d7d20_2009,11748.3976489438
000d7d20_2010,11748.3976489438
000d7d20_2011,11748.405058628648
000d7d20_2012,11748.405058628648
000d7d20_2013,11748.207944795697
000d7d20_2014,11748.405058628648
000d7d20_2015,11748.405058628648
000d7d20_2016,11748.405058628648
000d7d20_2017,11748.207944795697
000d7d20_2018,11748.53188327533
000d7d20_2019,11748.448297148605
000d7d20_2020,11748.448297148605
000d7d20_2021,11748.40816715077
000d7d20_2022,11748.40816715077
000d7d20_2023,11748.40816715077
000d7d20_2024,11748.40816715077
000d7d20_2025,11748.40816715077
000d7d20_2026,11748.40816715077
000d7d20_2027,11748.40816715077
000d7d20_2028,11748.40816715077
000d7d20_2029,11748.40816715077
000d7d20_2030,11748.40816715077
000d7d20_2031,11748.40816715077
000d7d20_2032,11748.40816715077
000d7d20_2033,11748.40816715077
000d7d20_2034,11748.40816715077
000d7d20_2035,11748.40816715077
000d7d20_2036,11748.40816715077
000d7d20_2037,11748.40816715077
000d7d20_2038,11748.450003043756
000d7d20_2039,11748.450003043756
000d7d20_2040,11748.450003043756
000d7d20_2041,11748.450003043756
000d7d20_2042,11748.450003043756
000d7d20_2043,11748.450003043756
000d7d20_2044,11748.450003043756
000d7d20_2045,11748.450003043756
000d7d20_2046,11748.450003043756
000d7d20_2047,11748.450003043756
000d7d20_2048,11748.450003043756
000d7d20_2049,11748.450003043756
000d7d20_2050,11748.452570958472
000d7d20_2051,11748.249717608483
000d7d20_2052,11748.663317602666
000d7d20_2053,11748.58491260672
000d7d20_2054,11748.130709408551
000d7d20_2055,11748.130709408551
000d7d20_2056,11748.161733324254
000d7d20_2057,11748.161733324254
000d7d20_2058,11748.161733324254
000d7d20_2059,11748.161733324254
000d7d20_2060,11748.128084855149
000d7d20_2061,11747.680634833448
000d7d20_2062,11748.094234827631
000d7d20_2063,11748.094234827631
000d7d20_2064,11748.119547541068
000d7d20_2065,11748.119547541068
000d7d20_2066,11748.119547541068
000d7d20_2067,11748.119547541068
000d7d20_2068,11747.705947546885
000d7d20_2069,11747.705947546885
000d7d20_2070,11748.119547541068
000d7d20_2071,11748.119547541068
000d7d20_2072,11748.119547541068
000d7d20_2073,11748.119547541068
000d7d20_2074,11748.082693193825
000d7d20_2075,11748.082693193825
000d7d20_2076,11748.116222746703
000d7d20_2077,11748.116222746703
000d7d20_2078,11748.116222746703
000d7d20_2079,11748.116222746703
000d7d20_2080,11748.116222746703
000d7d20_2081,11748.116222746703
000d7d20_2082,11748.116222746703
000d7d20_2083,11748.116222746703
000d7d20_2084,11747.70262275252
000d7d20_2085,11747.70262275252
000d7d20_2086,11748.116222746703
000d7d20_2087,11748.116222746703
000d7d20_2088,11748.116222746703
000d7d20_2089,11748.116222746703
000d7d20_2090,11748.116222746703
000d7d20_2091,11748.116222746703
000d7d20_2092,11748.116222746703
000d7d20_2093,11748.15957470619
000d7d20_2094,11748.080891551088
000d7d20_2095,11748.080891551088
000d7d20_2096,11747.667291556905
000d7d20_2097,11748.080891551088
000d7d20_2098,11748.080891551088
000d7d20_2099,11748.080891551088
000d7d20_2100,11747.667291556905
000d7d20_2101,11748.080891551088
000d7d20_2102,11748.080891551088
000d7d20_2103,11748.080891551088
000d7d20_2104,11747.667291556905
000d7d20_2105,11748.080891551088
000d7d20_2106,11748.080891551088
000d7d20_2107,11748.080891551088
000d7d20_2108,11748.080891551088
000d7d20_2109,11748.15957470619
000d7d20_2110,11748.080891551088
000d7d20_2111,11748.080891551088
000d7d20_2112,11748.080891551088
000d7d20_2113,11748.080891551088
000d7d20_2114,11748.080891551088
000d7d20_2115,11748.080891551088
000d7d20_2116,11748.080891551088
000d7d20_2117,11748.080891551088
000d7d20_2118,11748.080891551088
000d7d20_2119,11748.080891551088
000d7d20_2120,11748.080555136425
000d7d20_2121,11748.080555136425
000d7d20_2122,11748.080555136425
000d7d20_2123,11748.080555136425
000d7d20_2124,11748.080555136425
000d7d20_2125,11748.080555136425
000d7d20_2126,11748.080555136425
000d7d20_2127,11748.080555136425
000d7d20_2128,11748.080555136425
000d7d20_2129,11748.080555136425
000d7d20_2130,11747.9496361447
000d7d20_2131,11747.965763381852
000d7d20_2132,11747.965763381852
000d7d20_2133,11747.965763381852
000d7d20_2134,11747.965763381852
000d7d20_2135,11747.965763381852
000d7d20_2136,11747.965763381852
000d7d20_2137,11747.965763381852
000d7d20_2138,11747.965763381852
000d7d20_2139,11747.965763381852
000d7d20_2140,11747.542205065341
000d7d20_2141,11747.955805059524
000d7d20_2142,11747.955805059524
000d7d20_2143,11747.955805059524
000d7d20_2144,11747.955805059524
000d7d20_2145,11747.955805059524
000d7d20_2146,11747.542205065341
000d7d20_2147,11747.955805059524
000d7d20_2148,11747.955805059524
000d7d20_2149,11747.975233259845
000d7d20_2150,11747.975233259845
000d7d20_2151,11747.987139996034
000d7d20_2152,11747.987139996034
000d7d20_2153,11747.953610443155
000d7d20_2154,11747.953610443155
000d7d20_2155,11747.999071210179
000d7d20_2156,11747.999071210179
000d7d20_2157,11747.999071210179
000d7d20_2158,11747.999071210179
000d7d20_2159,11747.999071210179
000d7d20_2160,11747.999071210179
000d7d20_2161,11747.999071210179
000d7d20_2162,11747.999071210179
000d7d20_2163,11747.999071210179
000d7d20_2164,11747.999071210179
000d7d20_2165,11747.999071210179
000d7d20_2166,11747.999071210179
000d7d20_2167,11747.999071210179
000d7d20_2168,11747.999071210179
000d7d20_2169,11747.999071210179
000d7d20_2170,11747.999071210179
000d7d20_2171,11747.999071210179
000d7d20_2172,11747.999071210179
000d7d20_2173,11747.999071210179
000d7d20_2174,11748.035925557422
000d7d20_2175,11748.035925557422
000d7d20_2176,11747.659347502016
000d7d20_2177,11748.072947496199
000d7d20_2178,11747.6567795873
000d7d20_2179,11747.6567795873
000d7d20_2180,11747.6567795873
000d7d20_2181,11748.070379581482
000d7d20_2182,11748.070379581482
000d7d20_2183,11748.070379581482
000d7d20_2184,11748.070379581482
000d7d20_2185,11748.070379581482
000d7d20_2186,11748.070379581482
000d7d20_2187,11748.070379581482
000d7d20_2188,11747.6567795873
000d7d20_2189,11748.070379581482
000d7d20_2190,11748.070379581482
000d7d20_2191,11748.070379581482
000d7d20_2192,11748.070379581482
000d7d20_2193,11747.6567795873
000d7d20_2194,11747.6567795873
000d7d20_2195,11747.6567795873
000d7d20_2196,11747.6567795873
000d7d20_2197,11747.690629614817
000d7d20_2198,11747.724278083922
000d7d20_2199,11747.724278083922
000d7d20_2200,11747.724278083922
000d7d20_2201,11747.724278083922
000d7d20_2202,11747.724278083922
000d7d20_2203,11747.724278083922
000d7d20_2204,11747.724278083922
000d7d20_2205,11747.99834187664
000d7d20_2206,11747.99834187664
000d7d20_2207,11747.99834187664
000d7d20_2208,11747.99834187664
000d7d20_2209,11747.977685864933
000d7d20_2210,11747.56408587075
000d7d20_2211,11747.584741882458
000d7d20_2212,11747.99834187664
000d7d20_2213,11747.99834187664
000d7d20_2214,11747.99834187664
000d7d20_2215,11747.99834187664
000d7d20_2216,11748.112657809515
000d7d20_2217,11748.580251023355
000d7d20_2218,11748.580251023355
000d7d20_2219,11748.595730860568
000d7d20_2220,11748.595730860568
000d7d20_2221,11748.595730860568
000d7d20_2222,11748.798584210557
000d7d20_2223,11748.798584210557
000d7d20_2224,11748.798584210557
000d7d20_2225,11748.798584210557
000d7d20_2226,11748.798584210557
000d7d20_2227,11748.384984216375
000d7d20_2228,11748.384984216375
000d7d20_2229,11748.384984216375
000d7d20_2230,11748.384984216375
000d7d20_2231,11748.40824255313
000d7d20_2232,11748.40824255313
000d7d20_2233,11748.40824255313
000d7d20_2234,11748.40824255313
000d7d20_2235,11748.40824255313
000d7d20_2236,11748.40824255313
000d7d20_2237,11748.40824255313
000d7d20_2238,11748.40824255313
000d7d20_2239,11748.40824255313
000d7d20_2240,11748.688942512807
000d7d20_2241,11748.452062361956
000d7d20_2242,11748.452062361956
000d7d20_2243,11748.452062361956
000d7d20_2244,11748.452062361956
000d7d20_2245,11748.452062361956
000d7d20_2246,11748.365004033174
000d7d20_2247,11748.365004033174
000d7d20_2248,11748.365004033174
000d7d20_2249,11748.365004033174
000d7d20_2250,11748.365004033174
000d7d20_2251,11748.365004033174
000d7d20_2252,11748.452062361956
000d7d20_2253,11748.452062361956
000d7d20_2254,11748.452062361956
000d7d20_2255,11748.365004033174
000d7d20_2256,11748.404168056511
000d7d20_2257,11748.404168056511
000d7d20_2258,11748.404168056511
000d7d20_2259,11748.395186243504
000d7d20_2260,11748.395186243504
000d7d20_2261,11748.395186243504
000d7d20_2262,11748.395186243504
000d7d20_2263,11748.395186243504
000d7d20_2264,11748.395186243504
000d7d20_2265,11748.395186243504
000d7d20_2266,11748.395186243504
000d7d20_2267,11748.395186243504
000d7d20_2268,11748.395186243504
000d7d20_2269,11748.192332893515
000d7d20_2270,11748.176853056302
000d7d20_2271,11747.6597246994
000d7d20_2272,11747.62792594454
000d7d20_2273,11747.62792594454
000d7d20_2274,11747.62792594454
000d7d20_2275,11747.62792594454
000d7d20_2276,11747.62792594454
000d7d20_2277,11747.9740274421
000d7d20_2278,11747.9740274421
000d7d20_2279,11747.9740274421
000d7d20_2280,11747.96661775725
000d7d20_2281,11747.96661775725
000d7d20_2282,11747.96661775725
000d7d20_2283,11747.516163415825
000d7d20_2284,11747.516163415825
000d7d20_2285,11747.929763410008
000d7d20_2286,11747.516163415825
000d7d20_2287,11747.544018248502
000d7d20_2288,11747.544018248502
000d7d20_2289,11747.544018248502
000d7d20_2290,11747.544018248502
000d7d20_2291,11747.544018248502
000d7d20_2292,11747.544018248502
000d7d20_2293,11747.57931635768
000d7d20_2294,11747.57931635768
000d7d20_2295,11747.57931635768
000d7d20_2296,11747.57308167121
000d7d20_2297,11747.643575809727
000d7d20_2298,11747.643575809727
000d7d20_2299,11747.643575809727
000d7d20_2300,11747.643575809727
000d7d20_2301,11747.643575809727
000d7d20_2302,11747.650985494576
000d7d20_2303,11747.650985494576
000d7d20_2304,11747.649254543398
000d7d20_2305,11747.649254543398
000d7d20_2306,11747.649254543398
000d7d20_2307,11747.649254543398
000d7d20_2308,11747.649254543398
000d7d20_2309,11747.649254543398
000d7d20_2310,11747.649254543398
000d7d20_2311,11747.649254543398
000d7d20_2312,11747.649254543398
000d7d20_2313,11747.649254543398
000d7d20_2314,11747.649254543398
000d7d20_2315,11747.674429320818
000d7d20_2316,11747.674429320818
000d7d20_2317,11747.608720134742
000d7d20_2318,11747.608720134742
000d7d20_2319,11747.61045108592
000d7d20_2320,11747.61045108592
000d7d20_2321,11747.61045108592
000d7d20_2322,11747.61045108592
000d7d20_2323,11747.608720134742
000d7d20_2324,11747.61045108592
000d7d20_2325,11747.557648144686
000d7d20_2326,11747.487986628212
000d7d20_2327,11747.487986628212
000d7d20_2328,11747.487986628212
000d7d20_2329,11747.462056923785
000d7d20_2330,11747.395119421479
000d7d20_2331,11747.3598213123
000d7d20_2332,11747.3598213123
000d7d20_2333,11747.3598213123
000d7d20_2334,11747.3598213123
000d7d20_2335,11746.914960479566
000d7d20_2336,11746.93367744474
000d7d20_2337,11746.93367744474
000d7d20_2338,11747.012360599841
000d7d20_2339,11747.012360599841
000d7d20_2340,11747.012360599841
000d7d20_2341,11747.425960594024
000d7d20_2342,11747.425960594024
000d7d20_2343,11747.01977028469
000d7d20_2344,11746.422435503375
000d7d20_2345,11746.422435503375
000d7d20_2346,11746.422435503375
000d7d20_2347,11746.422435503375
000d7d20_2348,11746.8728898448
000d7d20_2349,11746.8728898448
000d7d20_2350,11746.8728898448
000d7d20_2351,11746.8728898448
000d7d20_2352,11746.459289850618
000d7d20_2353,11746.459289850618
000d7d20_2354,11746.459289850618
000d7d20_2355,11746.459289850618
000d7d20_2356,11746.459289850618
000d7d20_2357,11746.422435503375
000d7d20_2358,11746.422435503375
000d7d20_2359,11746.422435503375
000d7d20_2360,11746.836035497558
000d7d20_2361,11746.422435503375
000d7d20_2362,11746.836035497558
000d7d20_2363,11746.836035497558
000d7d20_2364,11746.757352342456
000d7d20_2365,11746.757352342456
000d7d20_2366,11746.757352342456
000d7d20_2367,11746.757352342456
000d7d20_2368,11746.757352342456
000d7d20_2369,11746.738778732346
000d7d20_2370,11746.685074039484
000d7d20_2371,11746.685074039484
000d7d20_2372,11746.685074039484
000d7d20_2373,11746.685074039484
000d7d20_2374,11746.61980881122
000d7d20_2375,11746.61980881122
000d7d20_2376,11746.61980881122
000d7d20_2377,11746.61980881122
000d7d20_2378,11746.61980881122
000d7d20_2379,11746.61980881122
000d7d20_2380,11746.61980881122
000d7d20_2381,11746.61980881122
000d7d20_2382,11746.61980881122
000d7d20_2383,11746.61980881122
000d7d20_2384,11746.689470327694
000d7d20_2385,11746.689470327694
000d7d20_2386,11746.689470327694
000d7d20_2387,11746.689470327694
000d7d20_2388,11746.689470327694
000d7d20_2389,11746.687739376515
000d7d20_2390,11746.61980881122
000d7d20_2391,11746.61980881122
000d7d20_2392,11746.504683164394
000d7d20_2393,11746.504683164394
000d7d20_2394,11746.504683164394
000d7d20_2395,11746.52965624272
000d7d20_2396,11746.52965624272
000d7d20_2397,11746.52965624272
000d7d20_2398,11746.61464132704
000d7d20_2399,11746.61464132704
000d7d20_2400,11746.61464132704
000d7d20_2401,11746.61464132704
000d7d20_2402,11746.61464132704
000d7d20_2403,11746.61464132704
000d7d20_2404,11746.61464132704
000d7d20_2405,11746.61464132704
000d7d20_2406,11746.61464132704
000d7d20_2407,11746.61464132704
000d7d20_2408,11746.61464132704
000d7d20_2409,11746.61464132704
000d7d20_2410,11746.693324482141
000d7d20_2411,11746.672211256791
000d7d20_2412,11746.672211256791
000d7d20_2413,11746.672211256791
000d7d20_2414,11746.258611262609
000d7d20_2415,11746.258611262609
000d7d20_2416,11746.295465609852
000d7d20_2417,11746.295465609852
000d7d20_2418,11746.295465609852
000d7d20_2419,11746.295465609852
000d7d20_2420,11746.295465609852
000d7d20_2421,11746.709065604035
000d7d20_2422,11746.709065604035
000d7d20_2423,11746.709065604035
000d7d20_2424,11746.709065604035
000d7d20_2425,11746.509509379168
000d7d20_2426,11746.509509379168
000d7d20_2427,11746.57700787579
000d7d20_2428,11746.57700787579
000d7d20_2429,11746.57700787579
000d7d20_2430,11746.372650749981
000d7d20_2431,11746.372650749981
000d7d20_2432,11745.959050755799
000d7d20_2433,11745.959050755799
000d7d20_2434,11745.959050755799
000d7d20_2435,11745.959050755799
000d7d20_2436,11745.959050755799
000d7d20_2437,11745.959050755799
000d7d20_2438,11746.372650749981
000d7d20_2439,11746.372650749981
000d7d20_2440,11746.372650749981
000d7d20_2441,11746.372650749981
000d7d20_2442,11745.959050755799
000d7d20_2443,11745.959050755799
000d7d20_2444,11745.959050755799
000d7d20_2445,11745.959050755799
000d7d20_2446,11745.959050755799
000d7d20_2447,11745.7074466686
000d7d20_2448,11745.7074466686
000d7d20_2449,11745.7074466686
000d7d20_2450,11745.7074466686
000d7d20_2451,11745.7074466686
000d7d20_2452,11745.7074466686
000d7d20_2453,11745.641542381367
000d7d20_2454,11745.641542381367
000d7d20_2455,11745.641542381367
000d7d20_2456,11745.641542381367
000d7d20_2457,11745.641542381367
000d7d20_2458,11745.641542381367
000d7d20_2459,11746.05514237555
000d7d20_2460,11746.05514237555
000d7d20_2461,11746.021493906444
000d7d20_2462,11745.987643878927
000d7d20_2463,11745.987643878927
000d7d20_2464,11745.987643878927
000d7d20_2465,11745.74841746185
000d7d20_2466,11745.334817467667
000d7d20_2467,11745.74841746185
000d7d20_2468,11745.74841746185
000d7d20_2469,11745.74841746185
000d7d20_2470,11745.774347166276
000d7d20_2471,11745.759049211481
000d7d20_2472,11745.759049211481
000d7d20_2473,11745.759049211481
000d7d20_2474,11745.759049211481
000d7d20_2475,11745.759049211481
000d7d20_2476,11745.345449217299
000d7d20_2477,11745.759049211481
000d7d20_2478,11745.759049211481
000d7d20_2479,11745.759049211481
000d7d20_2480,11745.777918685215
000d7d20_2481,11745.771564655808
000d7d20_2482,11745.734710308565
000d7d20_2483,11745.734710308565
000d7d20_2484,11745.734710308565
000d7d20_2485,11745.734710308565
000d7d20_2486,11745.734710308565
000d7d20_2487,11745.734710308565
000d7d20_2488,11745.734710308565
000d7d20_2489,11745.482648960147
000d7d20_2490,11745.482648960147
000d7d20_2491,11745.482648960147
000d7d20_2492,11745.482648960147
000d7d20_2493,11745.595743464126
000d7d20_2494,11745.182143469943
000d7d20_2495,11745.595743464126
000d7d20_2496,11745.595743464126
000d7d20_2497,11745.595743464126
000d7d20_2498,11745.595743464126
000d7d20_2499,11745.595743464126
000d7d20_2500,11745.1813108479
000d7d20_2501,11745.594910842083
000d7d20_2502,11745.570928869738
000d7d20_2503,11745.570928869738
000d7d20_2504,11745.570928869738
000d7d20_2505,11745.570928869738
000d7d20_2506,11745.570928869738
000d7d20_2507,11745.570928869738
000d7d20_2508,11745.570928869738
000d7d20_2509,11745.603230867213
000d7d20_2510,11745.603230867213
000d7d20_2511,11745.603230867213
000d7d20_2512,11745.640085214456
000d7d20_2513,11745.671232978357
000d7d20_2514,11745.671232978357
000d7d20_2515,11745.671232978357
000d7d20_2516,11745.671232978357
000d7d20_2517,11745.671232978357
000d7d20_2518,11745.316448041496
000d7d20_2519,11745.316448041496
000d7d20_2520,11745.316448041496
000d7d20_2521,11745.322802070903
000d7d20_2522,11745.322802070903
000d7d20_2523,11745.316448041496
000d7d20_2524,11745.316448041496
000d7d20_2525,11745.316448041496
000d7d20_2526,11745.316448041496
000d7d20_2527,11744.902848047313
000d7d20_2528,11744.902848047313
000d7d20_2529,11744.902848047313
000d7d20_2530,11745.307032963445
000d7d20_2531,11745.416131165444
000d7d20_2532,11745.416131165444
000d7d20_2533,11745.002531171262
000d7d20_2534,11745.002531171262
000d7d20_2535,11745.002531171262
000d7d20_2536,11745.002531171262
000d7d20_2537,11745.002531171262
000d7d20_2538,11745.002531171262
000d7d20_2539,11745.116847104136
000d7d20_2540,11745.45673436943
000d7d20_2541,11745.519659528163
000d7d20_2542,11745.535139365376
000d7d20_2543,11745.535139365376
000d7d20_2544,11745.737992715365
000d7d20_2545,11745.737992715365
000d7d20_2546,11745.737992715365
000d7d20_2547,11745.737992715365
000d7d20_2548,11746.061931194998
000d7d20_2549,11745.781231235322
000d7d20_2550,11745.781231235322
000d7d20_2551,11745.781231235322
000d7d20_2552,11745.781231235322
000d7d20_2553,11745.809550972372
000d7d20_2554,11745.809550972372
000d7d20_2555,11745.809550972372
000d7d20_2556,11745.809550972372
000d7d20_2557,11745.809550972372
000d7d20_2558,11745.809550972372
000d7d20_2559,11745.558582663663
000d7d20_2560,11745.558582663663
000d7d20_2561,11745.558582663663
000d7d20_2562,11745.558582663663
000d7d20_2563,11745.558582663663
000d7d20_2564,11745.558582663663
000d7d20_2565,11745.558582663663
000d7d20_2566,11745.558582663663
000d7d20_2567,11745.558582663663
000d7d20_2568,11745.558582663663
000d7d20_2569,11745.645640992445
000d7d20_2570,11745.645640992445
000d7d20_2571,11745.558582663663
000d7d20_2572,11745.558582663663
000d7d20_2573,11745.626985073806
000d7d20_2574,11745.626985073806
000d7d20_2575,11745.626985073806
000d7d20_2576,11745.626985073806
000d7d20_2577,11745.626985073806
000d7d20_2578,11745.626985073806
000d7d20_2579,11745.626985073806
000d7d20_2580,11746.040585067989
000d7d20_2581,11746.040585067989
000d7d20_2582,11746.149452093294
000d7d20_2583,11746.149452093294
000d7d20_2584,11745.735852099111
000d7d20_2585,11745.532998749122
000d7d20_2586,11745.532998749122
000d7d20_2587,11745.517518911909
000d7d20_2588,11745.86819374736
000d7d20_2589,11745.528306482065
000d7d20_2590,11745.000390555007
000d7d20_2591,11745.41399054919
000d7d20_2592,11745.000390555007
000d7d20_2593,11745.493396611972
000d7d20_2594,11745.493396611972
000d7d20_2595,11745.493396611972
000d7d20_2596,11745.493396611972
000d7d20_2597,11745.493396611972
000d7d20_2598,11745.493396611972
000d7d20_2599,11745.425898115349
000d7d20_2600,11745.099356449948
000d7d20_2601,11745.425898115349
000d7d20_2602,11745.012298121166
000d7d20_2603,11745.425898115349
000d7d20_2604,11745.012298121166
000d7d20_2605,11745.425898115349
000d7d20_2606,11745.425898115349
000d7d20_2607,11745.012298121166
000d7d20_2608,11745.425898115349
000d7d20_2609,11745.425898115349
000d7d20_2610,11745.425898115349
000d7d20_2611,11745.425898115349
000d7d20_2612,11745.425898115349
000d7d20_2613,11745.425898115349
000d7d20_2614,11745.425898115349
000d7d20_2615,11745.439109158548
000d7d20_2616,11745.362658585549
000d7d20_2617,11745.362658585549
000d7d20_2618,11745.362658585549
000d7d20_2619,11745.362658585549
000d7d20_2620,11744.949058591366
000d7d20_2621,11745.362658585549
000d7d20_2622,11745.362658585549
000d7d20_2623,11745.362658585549
000d7d20_2624,11745.362658585549
000d7d20_2625,11745.325804238306
000d7d20_2626,11745.325804238306
000d7d20_2627,11744.912204244123
000d7d20_2628,11744.912204244123
000d7d20_2629,11744.912204244123
000d7d20_2630,11745.325804238306
000d7d20_2631,11745.325804238306
000d7d20_2632,11745.325804238306
000d7d20_2633,11745.247121083205
000d7d20_2634,11745.247121083205
000d7d20_2635,11745.247121083205
000d7d20_2636,11745.247121083205
000d7d20_2637,11745.247121083205
000d7d20_2638,11745.247121083205
000d7d20_2639,11745.247121083205
000d7d20_2640,11745.247121083205
000d7d20_2641,11745.247121083205
000d7d20_2642,11745.247121083205
000d7d20_2643,11745.247121083205
000d7d20_2644,11745.247121083205
000d7d20_2645,11745.249047683703
000d7d20_2646,11745.249047683703
000d7d20_2647,11745.249047683703
000d7d20_2648,11745.249047683703
000d7d20_2649,11745.25540171311
000d7d20_2650,11745.25540171311
000d7d20_2651,11745.25540171311
000d7d20_2652,11745.25540171311
000d7d20_2653,11745.25540171311
000d7d20_2654,11745.25540171311
000d7d20_2655,11745.25540171311
000d7d20_2656,11745.249047683703
000d7d20_2657,11745.249047683703
000d7d20_2658,11745.249047683703
000d7d20_2659,11745.249047683703
000d7d20_2660,11745.249047683703
000d7d20_2661,11745.249047683703
000d7d20_2662,11745.249047683703
000d7d20_2663,11745.249047683703
000d7d20_2664,11745.249047683703
000d7d20_2665,11745.25540171311
000d7d20_2666,11745.249047683703
000d7d20_2667,11745.25540171311
000d7d20_2668,11745.25540171311
000d7d20_2669,11745.249047683703
000d7d20_2670,11745.249047683703
000d7d20_2671,11745.249047683703
000d7d20_2672,11745.249047683703
000d7d20_2673,11745.269025353635
000d7d20_2674,11745.269025353635
000d7d20_2675,11744.963085381647
000d7d20_2676,11744.963085381647
000d7d20_2677,11744.963085381647
000d7d20_2678,11744.963085381647
000d7d20_2679,11744.963085381647
000d7d20_2680,11744.963085381647
000d7d20_2681,11745.041768536748
000d7d20_2682,11745.041768536748
000d7d20_2683,11744.905827397275
000d7d20_2684,11744.905827397275
000d7d20_2685,11744.942681744518
000d7d20_2686,11744.899428997174
000d7d20_2687,11744.899428997174
000d7d20_2688,11744.899428997174
000d7d20_2689,11744.485829002992
000d7d20_2690,11744.485829002992
000d7d20_2691,11744.899428997174
000d7d20_2692,11744.899428997174
000d7d20_2693,11744.928362517134
000d7d20_2694,11744.928362517134
000d7d20_2695,11744.928362517134
000d7d20_2696,11744.93471654654
000d7d20_2697,11744.93471654654
000d7d20_2698,11744.93471654654
000d7d20_2699,11744.928362517134
000d7d20_2700,11744.928362517134
000d7d20_2701,11744.91657723682
000d7d20_2702,11745.370780434989
000d7d20_2703,11745.020105599539
000d7d20_2704,11745.035585436752
000d7d20_2705,11745.23843878674
000d7d20_2706,11745.23843878674
000d7d20_2707,11745.325497115522
000d7d20_2708,11745.325497115522
000d7d20_2709,11745.325497115522
000d7d20_2710,11745.12838328257
000d7d20_2711,11745.12838328257
000d7d20_2712,11744.983316790553
000d7d20_2713,11745.23843878674
000d7d20_2714,11745.23843878674
000d7d20_2715,11745.23843878674
000d7d20_2716,11745.325497115522
000d7d20_2717,11745.325497115522
000d7d20_2718,11745.23843878674
000d7d20_2719,11745.23843878674
000d7d20_2720,11745.23843878674
000d7d20_2721,11745.281691534085
000d7d20_2722,11745.281691534085
000d7d20_2723,11745.281691534085
000d7d20_2724,11745.281691534085
000d7d20_2725,11745.281691534085
000d7d20_2726,11745.281691534085
000d7d20_2727,11745.281691534085
000d7d20_2728,11745.281691534085
000d7d20_2729,11745.368749862866
000d7d20_2730,11745.373094580107
000d7d20_2731,11745.373094580107
000d7d20_2732,11745.373094580107
000d7d20_2733,11745.373094580107
000d7d20_2734,11745.286036251326
000d7d20_2735,11745.286036251326
000d7d20_2736,11745.112564693916
000d7d20_2737,11745.199623022698
000d7d20_2738,11745.112564693916
000d7d20_2739,11745.112564693916
000d7d20_2740,11745.112564693916
000d7d20_2741,11745.112564693916
000d7d20_2742,11745.199623022698
000d7d20_2743,11745.199623022698
000d7d20_2744,11745.199623022698
000d7d20_2745,11745.199623022698
000d7d20_2746,11745.199623022698
000d7d20_2747,11745.199623022698
000d7d20_2748,11745.199623022698
000d7d20_2749,11745.199623022698
000d7d20_2750,11745.199623022698
000d7d20_2751,11745.199623022698
000d7d20_2752,11745.199623022698
000d7d20_2753,11745.199623022698
000d7d20_2754,11745.199623022698
000d7d20_2755,11745.199623022698
000d7d20_2756,11745.199623022698
000d7d20_2757,11745.436804112602
000d7d20_2758,11745.436804112602
000d7d20_2759,11745.436804112602
000d7d20_2760,11745.436804112602
000d7d20_2761,11745.436804112602
000d7d20_2762,11745.34974578382
000d7d20_2763,11745.34974578382
000d7d20_2764,11745.436804112602
000d7d20_2765,11745.436804112602
000d7d20_2766,11745.436804112602
000d7d20_2767,11745.34974578382
000d7d20_2768,11745.34974578382
000d7d20_2769,11745.34974578382
000d7d20_2770,11745.34974578382
000d7d20_2771,11745.34974578382
000d7d20_2772,11745.34974578382
000d7d20_2773,11745.34974578382
000d7d20_2774,11745.34974578382
000d7d20_2775,11745.34974578382
000d7d20_2776,11745.34974578382
000d7d20_2777,11745.34974578382
000d7d20_2778,11745.34974578382
000d7d20_2779,11745.345371731622
000d7d20_2780,11745.345371731622
000d7d20_2781,11745.345371731622
000d7d20_2782,11745.345371731622
000d7d20_2783,11745.345371731622
000d7d20_2784,11745.345371731622
000d7d20_2785,11745.472706816216
000d7d20_2786,11745.472706816216
000d7d20_2787,11745.472706816216
000d7d20_2788,11745.472706816216
000d7d20_2789,11745.472706816216
000d7d20_2790,11745.472706816216
000d7d20_2791,11745.484232381415
000d7d20_2792,11745.571290710197
000d7d20_2793,11745.484232381415
000d7d20_2794,11745.484232381415
000d7d20_2795,11745.484232381415
000d7d20_2796,11745.484232381415
000d7d20_2797,11745.281379031427
000d7d20_2798,11745.281379031427
000d7d20_2799,11745.281379031427
000d7d20_2800,11745.281379031427
000d7d20_2801,11745.281379031427
000d7d20_2802,11745.281379031427
000d7d20_2803,11745.484232381415
000d7d20_2804,11745.484232381415
000d7d20_2805,11745.484232381415
000d7d20_2806,11745.281379031427
000d7d20_2807,11745.281379031427
000d7d20_2808,11745.281379031427
000d7d20_2809,11745.690402112854
000d7d20_2810,11745.69497902561
000d7d20_2811,11745.614468625585
000d7d20_2812,11745.200868631402
000d7d20_2813,11745.82994235306
000d7d20_2814,11745.570002307555
000d7d20_2815,11745.36079492816
000d7d20_2816,11745.36079492816
000d7d20_2817,11744.947194933977
000d7d20_2818,11744.947194933977
000d7d20_2819,11744.947194933977
000d7d20_2820,11745.36079492816
000d7d20_2821,11745.36079492816
000d7d20_2822,11745.36079492816
000d7d20_2823,11745.36079492816
000d7d20_2824,11744.947194933977
000d7d20_2825,11744.947194933977
000d7d20_2826,11744.947194933977
000d7d20_2827,11744.947194933977
000d7d20_2828,11744.947194933977
000d7d20_2829,11744.947194933977
000d7d20_2830,11744.949694447003
000d7d20_2831,11744.949694447003
000d7d20_2832,11744.949694447003
000d7d20_2833,11744.949694447003
000d7d20_2834,11744.95226236172
000d7d20_2835,11744.95226236172
000d7d20_2836,11744.95226236172
000d7d20_2837,11745.155115711708
000d7d20_2838,11745.155115711708
000d7d20_2839,11745.155115711708
000d7d20_2840,11745.155115711708
000d7d20_2841,11745.155115711708
000d7d20_2842,11744.871886502375
000d7d20_2843,11744.871886502375
000d7d20_2844,11744.871886502375
000d7d20_2845,11744.871886502375
000d7d20_2846,11744.871886502375
000d7d20_2847,11744.871886502375
000d7d20_2848,11744.871886502375
000d7d20_2849,11744.871886502375
000d7d20_2850,11744.871886502375
000d7d20_2851,11744.862071595066
000d7d20_2852,11744.862071595066
000d7d20_2853,11744.862071595066
000d7d20_2854,11744.862071595066
000d7d20_2855,11744.862071595066
000d7d20_2856,11744.862071595066
000d7d20_2857,11744.862071595066
000d7d20_2858,11744.862071595066
000d7d20_2859,11744.895601147944
000d7d20_2860,11745.309201142127
000d7d20_2861,11745.309201142127
000d7d20_2862,11744.895601147944
000d7d20_2863,11744.895601147944
000d7d20_2864,11744.895601147944
000d7d20_2865,11744.895601147944
000d7d20_2866,11745.309201142127
000d7d20_2867,11745.309201142127
000d7d20_2868,11744.895601147944
000d7d20_2869,11744.885556243422
000d7d20_2870,11744.885556243422
000d7d20_2871,11744.885556243422
000d7d20_2872,11744.885556243422
000d7d20_2873,11744.881640832473
000d7d20_2874,11744.881640832473
000d7d20_2875,11744.92522017127
000d7d20_2876,11744.92522017127
000d7d20_2877,11744.92522017127
000d7d20_2878,11744.92522017127
000d7d20_2879,11744.92522017127
000d7d20_2880,11744.92522017127
000d7d20_2881,11744.92522017127
000d7d20_2882,11744.92522017127
000d7d20_2883,11744.92522017127
000d7d20_2884,11744.92522017127
000d7d20_2885,11744.92522017127
000d7d20_2886,11744.92522017127
000d7d20_2887,11744.92522017127
000d7d20_2888,11745.027578481537
000d7d20_2889,11745.027578481537
000d7d20_2890,11745.06627560131
000d7d20_2891,11745.06627560131
000d7d20_2892,11745.06627560131
000d7d20_2893,11745.06627560131
000d7d20_2894,11745.06627560131
000d7d20_2895,11745.06627560131
000d7d20_2896,11745.042830347456
000d7d20_2897,11745.042830347456
000d7d20_2898,11744.913131045747
000d7d20_2899,11744.913131045747
000d7d20_2900,11744.913131045747
000d7d20_2901,11744.938606795145
000d7d20_2902,11744.938606795145
000d7d20_2903,11744.735753445157
000d7d20_2904,11744.70008554199
000d7d20_2905,11744.692381025367
000d7d20_2906,11744.676901188153
000d7d20_2907,11744.676901188153
000d7d20_2908,11744.676901188153
000d7d20_2909,11744.676901188153
000d7d20_2910,11744.676901188153
000d7d20_2911,11744.61397602942
000d7d20_2912,11744.274088764127
000d7d20_2913,11744.159772831252
000d7d20_2914,11744.159772831252
000d7d20_2915,11744.167477347875
000d7d20_2916,11744.159772831252
000d7d20_2917,11744.159772831252
000d7d20_2918,11744.159772831252
000d7d20_2919,11744.159772831252
000d7d20_2920,11744.167477347875
000d7d20_2921,11744.581077342058
000d7d20_2922,11744.581077342058
000d7d20_2923,11744.581077342058
000d7d20_2924,11744.159772831252
000d7d20_2925,11744.159772831252
000d7d20_2926,11744.542994781812
000d7d20_2927,11744.542994781812
000d7d20_2928,11744.542994781812
000d7d20_2929,11744.509144754295
000d7d20_2930,11744.137099304253
000d7d20_2931,11743.941238404997
000d7d20_2932,11743.938317762804
000d7d20_2933,11744.351917756987
000d7d20_2934,11744.351917756987
000d7d20_2935,11744.351917756987
000d7d20_2936,11744.351917756987
000d7d20_2937,11744.351917756987
000d7d20_2938,11744.351917756987
000d7d20_2939,11744.351917756987
000d7d20_2940,11744.351917756987
000d7d20_2941,11743.904467735287
000d7d20_2942,11744.31806772947
000d7d20_2943,11744.352433005886
000d7d20_2944,11744.352433005886
000d7d20_2945,11744.352433005886
000d7d20_2946,11744.352433005886
000d7d20_2947,11744.352433005886
000d7d20_2948,11744.352433005886
000d7d20_2949,11744.352433005886
000d7d20_2950,11744.352433005886
000d7d20_2951,11744.352433005886
000d7d20_2952,11744.352433005886
000d7d20_2953,11744.51132546228
000d7d20_2954,11744.51132546228
000d7d20_2955,11744.097725468097
000d7d20_2956,11744.097725468097
000d7d20_2957,11744.51132546228
000d7d20_2958,11744.097725468097
000d7d20_2959,11744.097725468097
000d7d20_2960,11744.097725468097
000d7d20_2961,11744.51132546228
000d7d20_2962,11744.052463514088
000d7d20_2963,11744.052463514088
000d7d20_2964,11744.489508762124
000d7d20_2965,11744.075908767942
000d7d20_2966,11744.489508762124
000d7d20_2967,11744.489508762124
000d7d20_2968,11744.489508762124
000d7d20_2969,11744.489508762124
000d7d20_2970,11744.452654414881
000d7d20_2971,11744.452654414881
000d7d20_2972,11744.412052633845
000d7d20_2973,11744.412052633845
000d7d20_2974,11744.412052633845
000d7d20_2975,11744.412052633845
000d7d20_2976,11744.412052633845
000d7d20_2977,11744.412052633845
000d7d20_2978,11744.333369478743
000d7d20_2979,11744.333369478743
000d7d20_2980,11744.07211729315
000d7d20_2981,11744.485717287333
000d7d20_2982,11744.485717287333
000d7d20_2983,11744.485717287333
000d7d20_2984,11744.485717287333
000d7d20_2985,11744.485717287333
000d7d20_2986,11744.485717287333
000d7d20_2987,11744.485717287333
000d7d20_2988,11744.485717287333
000d7d20_2989,11744.485717287333
000d7d20_2990,11744.485717287333
000d7d20_2991,11744.485717287333
000d7d20_2992,11744.485717287333
000d7d20_2993,11744.485717287333
000d7d20_2994,11744.382890293251
000d7d20_2995,11744.382890293251
000d7d20_2996,11744.49207131674
000d7d20_2997,11744.49207131674
000d7d20_2998,11744.49207131674
000d7d20_2999,11744.49207131674
000d7d20_3000,11744.49207131674
000d7d20_3001,11744.471075425114
000d7d20_3002,11744.471075425114
000d7d20_3003,11744.471075425114
000d7d20_3004,11744.437545872235
000d7d20_3005,11744.437545872235
000d7d20_3006,11744.431191842828
000d7d20_3007,11744.450009582448
000d7d20_3008,11744.450009582448
000d7d20_3009,11744.450009582448
000d7d20_3010,11744.450009582448
000d7d20_3011,11744.450009582448
000d7d20_3012,11744.450009582448
000d7d20_3013,11744.450009582448
000d7d20_3014,11744.450009582448
000d7d20_3015,11744.450009582448
000d7d20_3016,11744.450009582448
000d7d20_3017,11744.450009582448
000d7d20_3018,11744.450009582448
000d7d20_3019,11744.450009582448
000d7d20_3020,11744.450009582448
000d7d20_3021,11744.450009582448
000d7d20_3022,11744.52869273755
000d7d20_3023,11744.52869273755
000d7d20_3024,11744.52869273755
000d7d20_3025,11744.52869273755
000d7d20_3026,11744.52869273755
000d7d20_3027,11744.579750268078
000d7d20_3028,11744.579750268078
000d7d20_3029,11744.579750268078
000d7d20_3030,11744.616604615321
000d7d20_3031,11744.203004621138
000d7d20_3032,11744.203004621138
000d7d20_3033,11744.616604615321
000d7d20_3034,11744.616604615321
000d7d20_3035,11744.616604615321
000d7d20_3036,11744.616604615321
000d7d20_3037,11744.643450713691
000d7d20_3038,11744.643450713691
000d7d20_3039,11744.229850719508
000d7d20_3040,11744.229850719508
000d7d20_3041,11744.229850719508
000d7d20_3042,11744.229850719508
000d7d20_3043,11744.229850719508
000d7d20_3044,11744.205029866023
000d7d20_3045,11744.222773473792
000d7d20_3046,11744.703871964597
000d7d20_3047,11744.794789581527
000d7d20_3048,11744.794789581527
000d7d20_3049,11744.794789581527
000d7d20_3050,11744.381189587344
000d7d20_3051,11744.794789581527
000d7d20_3052,11744.794789581527
000d7d20_3053,11744.794789581527
000d7d20_3054,11744.381189587344
000d7d20_3055,11744.381189587344
000d7d20_3056,11744.495505520219
000d7d20_3057,11744.835392785513
000d7d20_3058,11744.835392785513
000d7d20_3059,11744.898317944246
000d7d20_3060,11744.898317944246
000d7d20_3061,11745.327397775642
000d7d20_3062,11745.38188524161
000d7d20_3063,11745.584738591599
000d7d20_3064,11745.584738591599
000d7d20_3065,11745.110572156294
000d7d20_3066,11745.287105924805
000d7d20_3067,11745.287105924805
000d7d20_3068,11745.287105924805
000d7d20_3069,11745.287105924805
000d7d20_3070,11745.287105924805
000d7d20_3071,11745.287105924805
000d7d20_3072,11745.287105924805
000d7d20_3073,11745.287105924805
000d7d20_3074,11745.287105924805
000d7d20_3075,11745.287105924805
000d7d20_3076,11745.287105924805
000d7d20_3077,11745.287105924805
000d7d20_3078,11745.287105924805
000d7d20_3079,11745.287105924805
000d7d20_3080,11745.197103073055
000d7d20_3081,11745.197103073055
000d7d20_3082,11745.197103073055
000d7d20_3083,11745.197103073055
000d7d20_3084,11745.197103073055
000d7d20_3085,11745.197103073055
000d7d20_3086,11745.197103073055
000d7d20_3087,11745.197103073055
000d7d20_3088,11745.197103073055
000d7d20_3089,11745.197103073055
000d7d20_3090,11745.197103073055
000d7d20_3091,11745.197103073055
000d7d20_3092,11745.197103073055
000d7d20_3093,11745.197103073055
000d7d20_3094,11745.197103073055
000d7d20_3095,11745.197103073055
000d7d20_3096,11745.197103073055
000d7d20_3097,11745.197103073055
000d7d20_3098,11745.197103073055
000d7d20_3099,11745.197103073055
000d7d20_3100,11745.197103073055
000d7d20_3101,11745.197103073055
000d7d20_3102,11745.197103073055
000d7d20_3103,11745.197103073055
000d7d20_3104,11745.197103073055
000d7d20_3105,11745.260970644518
000d7d20_3106,11745.260970644518
000d7d20_3107,11745.260970644518
000d7d20_3108,11745.260970644518
000d7d20_3109,11745.260970644518
000d7d20_3110,11745.260970644518
000d7d20_3111,11745.260970644518
000d7d20_3112,11745.260970644518
000d7d20_3113,11745.260970644518
000d7d20_3114,11745.260970644518
000d7d20_3115,11745.260970644518
000d7d20_3116,11745.260970644518
000d7d20_3117,11745.260970644518
000d7d20_3118,11745.261215657172
000d7d20_3119,11745.261215657172
000d7d20_3120,11745.261215657172
000d7d20_3121,11745.261215657172
000d7d20_3122,11745.261215657172
000d7d20_3123,11745.261215657172
000d7d20_3124,11745.2085083934
000d7d20_3125,11745.2085083934
000d7d20_3126,11745.2085083934
000d7d20_3127,11745.2085083934
000d7d20_3128,11745.2085083934
000d7d20_3129,11745.2085083934
000d7d20_3130,11745.2085083934
000d7d20_3131,11745.2085083934
000d7d20_3132,11745.2085083934
000d7d20_3133,11745.2085083934
000d7d20_3134,11745.2085083934
000d7d20_3135,11745.2085083934
000d7d20_3136,11745.2085083934
000d7d20_3137,11745.2085083934
000d7d20_3138,11745.2085083934
000d7d20_3139,11745.2085083934
000d7d20_3140,11745.2085083934
000d7d20_3141,11745.2085083934
000d7d20_3142,11745.2085083934
000d7d20_3143,11745.2085083934
000d7d20_3144,11745.18608510639
000d7d20_3145,11745.18608510639
000d7d20_3146,11745.18608510639
000d7d20_3147,11745.18608510639
000d7d20_3148,11745.18608510639
000d7d20_3149,11745.18608510639
000d7d20_3150,11745.18608510639
000d7d20_3151,11745.167884038257
000d7d20_3152,11744.970770205306
000d7d20_3153,11745.167884038257
000d7d20_3154,11745.167884038257
000d7d20_3155,11745.167884038257
000d7d20_3156,11745.146812267278
000d7d20_3157,11745.146812267278
000d7d20_3158,11745.146812267278
000d7d20_3159,11745.146812267278
000d7d20_3160,11745.146812267278
000d7d20_3161,11745.146812267278
000d7d20_3162,11745.146812267278
000d7d20_3163,11745.146812267278
000d7d20_3164,11745.146812267278
000d7d20_3165,11745.146812267278
000d7d20_3166,11744.933866426241
000d7d20_3167,11744.933866426241
000d7d20_3168,11744.933866426241
000d7d20_3169,11744.933866426241
000d7d20_3170,11744.933866426241
000d7d20_3171,11744.933866426241
000d7d20_3172,11744.933866426241
000d7d20_3173,11744.933866426241
000d7d20_3174,11744.933866426241
000d7d20_3175,11744.933866426241
000d7d20_3176,11744.933866426241
000d7d20_3177,11744.933866426241
000d7d20_3178,11744.731013076253
000d7d20_3179,11744.699881393075
000d7d20_3180,11744.684401555862
000d7d20_3181,11744.684401555862
000d7d20_3182,11744.62147639713
000d7d20_3183,11744.580873193143
000d7d20_3184,11744.58722722255
000d7d20_3185,11744.580873193143
000d7d20_3186,11744.580873193143
000d7d20_3187,11744.16727319896
000d7d20_3188,11744.580873193143
000d7d20_3189,11744.580873193143
000d7d20_3190,11744.580873193143
000d7d20_3191,11744.580873193143
000d7d20_3192,11744.580873193143
000d7d20_3193,11744.547224724038
000d7d20_3194,11744.51337469652
000d7d20_3195,11744.51337469652
000d7d20_3196,11744.51337469652
000d7d20_3197,11744.099774702338
000d7d20_3198,11744.099774702338
000d7d20_3199,11744.099774702338
000d7d20_3200,11744.099774702338
000d7d20_3201,11744.099774702338
000d7d20_3202,11744.099774702338
000d7d20_3203,11744.099774702338
000d7d20_3204,11744.099774702338
000d7d20_3205,11744.099774702338
000d7d20_3206,11744.51337469652
000d7d20_3207,11744.51337469652
000d7d20_3208,11744.548755611388
000d7d20_3209,11744.548755611388
000d7d20_3210,11744.548755611388
000d7d20_3211,11744.548755611388
000d7d20_3212,11744.548755611388
000d7d20_3213,11744.135155617205
000d7d20_3214,11744.548755611388
000d7d20_3215,11744.548755611388
000d7d20_3216,11744.548755611388
000d7d20_3217,11744.548755611388
000d7d20_3218,11744.548755611388
000d7d20_3219,11744.61625410801
000d7d20_3220,11744.61625410801
000d7d20_3221,11744.61625410801
000d7d20_3222,11744.61625410801
000d7d20_3223,11744.598510500242
000d7d20_3224,11744.598510500242
000d7d20_3225,11744.598510500242
000d7d20_3226,11744.598510500242
000d7d20_3227,11744.598510500242
000d7d20_3228,11744.18491050606
000d7d20_3229,11744.18491050606
000d7d20_3230,11744.18491050606
000d7d20_3231,11744.18491050606
000d7d20_3232,11744.18491050606
000d7d20_3233,11744.18491050606
000d7d20_3234,11744.18491050606
000d7d20_3235,11744.18491050606
000d7d20_3236,11744.18491050606
000d7d20_3237,11744.598510500242
000d7d20_3238,11744.576879237959
000d7d20_3239,11744.576879237959
000d7d20_3240,11744.576879237959
000d7d20_3241,11744.576879237959
000d7d20_3242,11744.163279243776
000d7d20_3243,11744.163279243776
000d7d20_3244,11744.163279243776
000d7d20_3245,11744.163279243776
000d7d20_3246,11744.27759517665
000d7d20_3247,11744.27759517665
000d7d20_3248,11744.617482441945
000d7d20_3249,11745.031082436128
000d7d20_3250,11745.031082436128
000d7d20_3251,11745.09400759486
000d7d20_3252,11745.09400759486
000d7d20_3253,11745.09400759486
000d7d20_3254,11744.680407600677
000d7d20_3255,11744.680407600677
000d7d20_3256,11744.680407600677
000d7d20_3257,11744.680407600677
000d7d20_3258,11744.617482441945
000d7d20_3259,11744.27759517665
000d7d20_3260,11744.576879237959
000d7d20_3261,11744.576879237959
000d7d20_3262,11744.576879237959
000d7d20_3263,11744.576879237959
000d7d20_3264,11744.69376308555
000d7d20_3265,11744.620050356662
000d7d20_3266,11744.682975515394
000d7d20_3267,11744.624119834452
000d7d20_3268,11744.639599671666
000d7d20_3269,11744.639599671666
000d7d20_3270,11744.639599671666
000d7d20_3271,11744.639599671666
000d7d20_3272,11745.053199665848
000d7d20_3273,11745.053199665848
000d7d20_3274,11745.053199665848
000d7d20_3275,11745.053199665848
000d7d20_3276,11745.053199665848
000d7d20_3277,11745.256053015837
000d7d20_3278,11744.842453021654
000d7d20_3279,11744.842453021654
000d7d20_3280,11744.842453021654
000d7d20_3281,11744.842453021654
000d7d20_3282,11745.053199665848
000d7d20_3283,11745.053199665848
000d7d20_3284,11745.053199665848
000d7d20_3285,11744.639599671666
000d7d20_3286,11744.842453021654
000d7d20_3287,11744.842453021654
000d7d20_3288,11744.842453021654
000d7d20_3289,11744.842453021654
000d7d20_3290,11744.842453021654
000d7d20_3291,11744.842453021654
000d7d20_3292,11744.842453021654
000d7d20_3293,11744.842453021654
000d7d20_3294,11744.842453021654
000d7d20_3295,11744.842453021654
000d7d20_3296,11744.897124216419
000d7d20_3297,11744.897124216419
000d7d20_3298,11744.897124216419
000d7d20_3299,11744.897124216419
000d7d20_3300,11744.897124216419
000d7d20_3301,11744.897124216419
000d7d20_3302,11744.897124216419
000d7d20_3303,11744.897124216419
000d7d20_3304,11744.897124216419
000d7d20_3305,11744.716812725088
000d7d20_3306,11744.716812725088
000d7d20_3307,11744.716812725088
000d7d20_3308,11744.716812725088
000d7d20_3309,11744.716812725088
000d7d20_3310,11744.716812725088
000d7d20_3311,11744.716812725088
000d7d20_3312,11744.716812725088
000d7d20_3313,11744.716812725088
000d7d20_3314,11744.689998712294
000d7d20_3315,11744.689998712294
000d7d20_3316,11744.689998712294
000d7d20_3317,11744.699509481714
000d7d20_3318,11744.699509481714
000d7d20_3319,11744.699509481714
000d7d20_3320,11744.699509481714
000d7d20_3321,11744.67269546892
000d7d20_3322,11744.67269546892
000d7d20_3323,11744.67269546892
000d7d20_3324,11744.67269546892
000d7d20_3325,11744.67269546892
000d7d20_3326,11744.67269546892
000d7d20_3327,11744.67269546892
000d7d20_3328,11744.67269546892
000d7d20_3329,11744.67269546892
000d7d20_3330,11744.67269546892
000d7d20_3331,11744.67269546892
000d7d20_3332,11744.699509481714
000d7d20_3333,11744.69523840021
000d7d20_3334,11744.69523840021
000d7d20_3335,11744.69523840021
000d7d20_3336,11744.69523840021
000d7d20_3337,11744.69523840021
000d7d20_3338,11744.69523840021
000d7d20_3339,11744.722052413004
000d7d20_3340,11744.69523840021
000d7d20_3341,11744.69523840021
000d7d20_3342,11744.69523840021
000d7d20_3343,11744.722052413004
000d7d20_3344,11744.54155213494
000d7d20_3345,11744.54155213494
000d7d20_3346,11744.54155213494
000d7d20_3347,11744.535921988301
000d7d20_3348,11744.535921988301
000d7d20_3349,11744.535921988301
000d7d20_3350,11744.535921988301
000d7d20_3351,11744.535921988301
000d7d20_3352,11744.562736001095
000d7d20_3353,11744.269315457634
000d7d20_3354,11744.24250144484
000d7d20_3355,11744.24250144484
000d7d20_3356,11744.24250144484
000d7d20_3357,11744.143308917726
000d7d20_3358,11744.14074100301
000d7d20_3359,11744.167555015803
000d7d20_3360,11744.14074100301
000d7d20_3361,11744.14074100301
000d7d20_3362,11744.14074100301
000d7d20_3363,11744.14074100301
000d7d20_3364,11744.14074100301
000d7d20_3365,11744.14074100301
000d7d20_3366,11744.14074100301
000d7d20_3367,11744.14074100301
000d7d20_3368,11744.14074100301
000d7d20_3369,11744.167555015803
000d7d20_3370,11744.167555015803
000d7d20_3371,11744.167555015803
000d7d20_3372,11744.167555015803
000d7d20_3373,11744.581155009986
000d7d20_3374,11744.167555015803
000d7d20_3375,11744.167555015803
000d7d20_3376,11744.167555015803
000d7d20_3377,11744.167555015803
000d7d20_3378,11744.581155009986
000d7d20_3379,11744.581155009986
000d7d20_3380,11744.581155009986
000d7d20_3381,11744.185298623572
000d7d20_3382,11744.185298623572
000d7d20_3383,11744.158484610778
000d7d20_3384,11744.158484610778
000d7d20_3385,11744.158484610778
000d7d20_3386,11744.185298623572
000d7d20_3387,11744.185298623572
000d7d20_3388,11744.598898617754
000d7d20_3389,11744.598898617754
000d7d20_3390,11744.185298623572
000d7d20_3391,11744.185298623572
000d7d20_3392,11744.185298623572
000d7d20_3393,11744.239537321331
000d7d20_3394,11744.239537321331
000d7d20_3395,11744.212723308538
000d7d20_3396,11744.239537321331
000d7d20_3397,11744.239537321331
000d7d20_3398,11744.222092288222
000d7d20_3399,11744.635692282405
000d7d20_3400,11744.635692282405
000d7d20_3401,11744.222092288222
000d7d20_3402,11744.195278275429
000d7d20_3403,11744.195278275429
000d7d20_3404,11744.02697755129
000d7d20_3405,11744.02697755129
000d7d20_3406,11744.053791564083
000d7d20_3407,11744.053791564083
000d7d20_3408,11744.02697755129
000d7d20_3409,11744.02697755129
000d7d20_3410,11744.02697755129
000d7d20_3411,11744.02697755129
000d7d20_3412,11744.02697755129
000d7d20_3413,11744.02697755129
000d7d20_3414,11744.02697755129
000d7d20_3415,11744.02697755129
000d7d20_3416,11744.02697755129
000d7d20_3417,11744.02697755129
000d7d20_3418,11743.95346721272
000d7d20_3419,11743.95346721272
000d7d20_3420,11743.95346721272
000d7d20_3421,11743.95346721272
000d7d20_3422,11743.95346721272
000d7d20_3423,11743.95346721272
000d7d20_3424,11743.756353379767
000d7d20_3425,11743.95346721272
000d7d20_3426,11743.95346721272
000d7d20_3427,11743.756353379767
000d7d20_3428,11743.95346721272
000d7d20_3429,11743.95346721272
000d7d20_3430,11743.95346721272
000d7d20_3431,11743.885443578116
000d7d20_3432,11743.885443578116
000d7d20_3433,11743.885443578116
000d7d20_3434,11743.885443578116
000d7d20_3435,11743.885443578116
000d7d20_3436,11743.885443578116
000d7d20_3437,11743.885443578116
000d7d20_3438,11743.885443578116
000d7d20_3439,11743.885443578116
000d7d20_3440,11743.885443578116
000d7d20_3441,11743.885443578116
000d7d20_3442,11743.885443578116
000d7d20_3443,11743.885443578116
000d7d20_3444,11743.885443578116
000d7d20_3445,11743.885443578116
000d7d20_3446,11743.885443578116
000d7d20_3447,11743.885443578116
000d7d20_3448,11743.885443578116
000d7d20_3449,11743.885443578116
000d7d20_3450,11743.885443578116
000d7d20_3451,11743.885443578116
000d7d20_3452,11743.885443578116
000d7d20_3453,11743.885443578116
000d7d20_3454,11743.885443578116
000d7d20_3455,11743.885443578116
000d7d20_3456,11744.04884009264
000d7d20_3457,11744.04884009264
000d7d20_3458,11744.04884009264
000d7d20_3459,11744.04884009264
000d7d20_3460,11744.05827788829
000d7d20_3461,11744.05827788829
000d7d20_3462,11743.829642842353
000d7d20_3463,11743.829642842353
000d7d20_3464,11743.829642842353
000d7d20_3465,11744.243242836536
000d7d20_3466,11744.243242836536
000d7d20_3467,11744.243242836536
000d7d20_3468,11744.243242836536
000d7d20_3469,11744.243242836536
000d7d20_3470,11743.829642842353
000d7d20_3471,11743.81982072036
000d7d20_3472,11743.84138998388
000d7d20_3473,11744.254989978062
000d7d20_3474,11744.281803990856
000d7d20_3475,11744.254989978062
000d7d20_3476,11744.254989978062
000d7d20_3477,11744.254989978062
000d7d20_3478,11744.254989978062
000d7d20_3479,11743.84138998388
000d7d20_3480,11743.84138998388
000d7d20_3481,11743.787141949668
000d7d20_3482,11743.676152057456
000d7d20_3483,11744.08975205164
000d7d20_3484,11744.08975205164
000d7d20_3485,11744.074272214426
000d7d20_3486,11743.660672220243
000d7d20_3487,11743.660672220243
000d7d20_3488,11743.660672220243
000d7d20_3489,11743.660672220243
000d7d20_3490,11743.660672220243
000d7d20_3491,11743.660672220243
000d7d20_3492,11743.660672220243
000d7d20_3493,11743.660672220243
000d7d20_3494,11743.660672220243
000d7d20_3495,11743.676152057456
000d7d20_3496,11743.676152057456
000d7d20_3497,11743.676152057456
000d7d20_3498,11743.676152057456
000d7d20_3499,11743.787141949668
000d7d20_3500,11743.724893896222
000d7d20_3501,11743.724893896222
000d7d20_3502,11744.138493890405
000d7d20_3503,11744.165307903198
000d7d20_3504,11744.165307903198
000d7d20_3505,11744.165307903198
000d7d20_3506,11744.138493890405
000d7d20_3507,11744.138493890405
000d7d20_3508,11744.138493890405
000d7d20_3509,11744.138493890405
000d7d20_3510,11744.138493890405
000d7d20_3511,11744.138493890405
000d7d20_3512,11743.724893896222
000d7d20_3513,11743.724893896222
000d7d20_3514,11743.724893896222
000d7d20_3515,11743.724893896222
000d7d20_3516,11743.724893896222
000d7d20_3517,11743.724893896222
000d7d20_3518,11743.724893896222
000d7d20_3519,11743.73276485379
000d7d20_3520,11743.73276485379
000d7d20_3521,11743.73276485379
000d7d20_3522,11743.73276485379
000d7d20_3523,11743.73276485379
000d7d20_3524,11743.73276485379
000d7d20_3525,11743.73276485379
000d7d20_3526,11743.73276485379
000d7d20_3527,11743.73276485379
000d7d20_3528,11743.73276485379
000d7d20_3529,11743.73276485379
000d7d20_3530,11743.623870495609
000d7d20_3531,11743.623870495609
000d7d20_3532,11743.623870495609
000d7d20_3533,11743.623870495609
000d7d20_3534,11743.623870495609
000d7d20_3535,11743.623870495609
000d7d20_3536,11743.623870495609
000d7d20_3537,11743.623870495609
000d7d20_3538,11743.623870495609
000d7d20_3539,11743.623870495609
000d7d20_3540,11743.623870495609
000d7d20_3541,11743.623870495609
000d7d20_3542,11743.623870495609
000d7d20_3543,11743.623870495609
000d7d20_3544,11743.623870495609
000d7d20_3545,11743.619177331244
000d7d20_3546,11743.619177331244
000d7d20_3547,11743.619177331244
000d7d20_3548,11743.619177331244
000d7d20_3549,11743.619177331244
000d7d20_3550,11743.619177331244
000d7d20_3551,11743.619177331244
000d7d20_3552,11743.619177331244
000d7d20_3553,11743.619177331244
000d7d20_3554,11743.619177331244
000d7d20_3555,11743.619177331244
000d7d20_3556,11743.619177331244
000d7d20_3557,11743.619177331244
000d7d20_3558,11743.619177331244
000d7d20_3559,11743.619177331244
000d7d20_3560,11743.522979801774
000d7d20_3561,11743.522979801774
000d7d20_3562,11743.522979801774
000d7d20_3563,11743.522979801774
000d7d20_3564,11743.522979801774
000d7d20_3565,11743.522979801774
000d7d20_3566,11743.518012964063
000d7d20_3567,11743.518012964063
000d7d20_3568,11743.518012964063
000d7d20_3569,11743.518012964063
000d7d20_3570,11743.518012964063
000d7d20_3571,11743.518012964063
000d7d20_3572,11743.518012964063
000d7d20_3573,11743.518012964063
000d7d20_3574,11743.407023071852
000d7d20_3575,11743.407023071852
000d7d20_3576,11743.391543234638
000d7d20_3577,11743.391543234638
000d7d20_3578,11743.517997349149
000d7d20_3579,11743.430495429067
000d7d20_3580,11743.430495429067
000d7d20_3581,11743.430495429067
000d7d20_3582,11743.430495429067
000d7d20_3583,11743.430495429067
000d7d20_3584,11743.403681416274
000d7d20_3585,11743.370032947169
000d7d20_3586,11743.362996932445
000d7d20_3587,11743.362996932445
000d7d20_3588,11743.362996932445
000d7d20_3589,11743.417128315336
000d7d20_3590,11743.417128315336
000d7d20_3591,11743.417128315336
000d7d20_3592,11743.417128315336
000d7d20_3593,11743.417128315336
000d7d20_3594,11743.417128315336
000d7d20_3595,11743.417128315336
000d7d20_3596,11743.417128315336
000d7d20_3597,11743.395589347745
000d7d20_3598,11743.395589347745
000d7d20_3599,11743.395589347745
000d7d20_3600,11742.955175340769
000d7d20_3601,11743.368775334951
000d7d20_3602,11743.368775334951
000d7d20_3603,11743.395589347745
000d7d20_3604,11743.395589347745
000d7d20_3605,11743.316906192644
000d7d20_3606,11743.368775334951
000d7d20_3607,11743.380871188047
000d7d20_3608,11743.329002045739
000d7d20_3609,11743.329002045739
000d7d20_3610,11743.329002045739
000d7d20_3611,11743.329002045739
000d7d20_3612,11743.329002045739
000d7d20_3613,11743.329002045739
000d7d20_3614,11743.329002045739
000d7d20_3615,11743.329002045739
000d7d20_3616,11743.329002045739
000d7d20_3617,11743.300276293914
000d7d20_3618,11743.223703325499
000d7d20_3619,11743.196889312705
000d7d20_3620,11743.223703325499
000d7d20_3621,11743.223703325499
000d7d20_3622,11743.223703325499
000d7d20_3623,11743.223703325499
000d7d20_3624,11743.223703325499
000d7d20_3625,11743.223703325499
000d7d20_3626,11743.223703325499
000d7d20_3627,11743.223703325499
000d7d20_3628,11743.223703325499
000d7d20_3629,11743.223703325499
000d7d20_3630,11743.223703325499
000d7d20_3631,11743.223703325499
000d7d20_3632,11743.223703325499
000d7d20_3633,11743.223703325499
000d7d20_3634,11743.223703325499
000d7d20_3635,11743.223703325499
000d7d20_3636,11743.203729491088
000d7d20_3637,11743.203729491088
000d7d20_3638,11743.203729491088
000d7d20_3639,11743.203729491088
000d7d20_3640,11743.203729491088
000d7d20_3641,11743.233529580111
000d7d20_3642,11743.233529580111
000d7d20_3643,11743.233529580111
000d7d20_3644,11743.233529580111
000d7d20_3645,11743.233529580111
000d7d20_3646,11743.233529580111
000d7d20_3647,11743.233529580111
000d7d20_3648,11743.206715567318
000d7d20_3649,11743.206715567318
000d7d20_3650,11743.233529580111
000d7d20_3651,11743.233529580111
000d7d20_3652,11742.793115573135
000d7d20_3653,11743.206715567318
000d7d20_3654,11743.206715567318
000d7d20_3655,11743.233529580111
000d7d20_3656,11743.308786729303
000d7d20_3657,11743.308786729303
000d7d20_3658,11743.069073763738
000d7d20_3659,11743.069073763738
000d7d20_3660,11743.069073763738
000d7d20_3661,11743.069073763738
000d7d20_3662,11743.069073763738
000d7d20_3663,11743.069073763738
000d7d20_3664,11743.069073763738
000d7d20_3665,11743.069073763738
000d7d20_3666,11743.069073763738
000d7d20_3667,11743.069073763738
000d7d20_3668,11743.069073763738
000d7d20_3669,11743.069073763738
000d7d20_3670,11743.069073763738
000d7d20_3671,11743.069073763738
000d7d20_3672,11743.069073763738
000d7d20_3673,11743.069073763738
000d7d20_3674,11743.069073763738
000d7d20_3675,11743.069073763738
000d7d20_3676,11743.22544943469
000d7d20_3677,11743.22544943469
000d7d20_3678,11743.22544943469
000d7d20_3679,11743.22544943469
000d7d20_3680,11743.230249213539
000d7d20_3681,11743.337658120465
000d7d20_3682,11743.331797519271
000d7d20_3683,11743.331797519271
000d7d20_3684,11743.331797519271
000d7d20_3685,11743.331797519271
000d7d20_3686,11743.331797519271
000d7d20_3687,11743.368651866514
000d7d20_3688,11743.368651866514
000d7d20_3689,11743.34183785372
000d7d20_3690,11743.34183785372
000d7d20_3691,11743.34183785372
000d7d20_3692,11742.928237859538
000d7d20_3693,11743.34183785372
000d7d20_3694,11743.368651866514
000d7d20_3695,11743.35188200227
000d7d20_3696,11743.419380498892
000d7d20_3697,11743.392566486098
000d7d20_3698,11743.392566486098
000d7d20_3699,11742.978966491915
000d7d20_3700,11743.433169690084
000d7d20_3701,11743.448649527298
000d7d20_3702,11743.609357868474
000d7d20_3703,11743.609357868474
000d7d20_3704,11743.609357868474
000d7d20_3705,11743.478590432105
000d7d20_3706,11743.49536029635
000d7d20_3707,11743.49536029635
000d7d20_3708,11743.497732125514
000d7d20_3709,11743.497732125514
000d7d20_3710,11743.497732125514
000d7d20_3711,11743.497732125514
000d7d20_3712,11743.497732125514
000d7d20_3713,11743.497732125514
000d7d20_3714,11743.537436023067
000d7d20_3715,11743.537436023067
000d7d20_3716,11743.537436023067
000d7d20_3717,11743.636597237797
000d7d20_3718,11743.636597237797
000d7d20_3719,11743.636597237797
000d7d20_3720,11743.636597237797
000d7d20_3721,11743.531346862623
000d7d20_3722,11743.636597237797
000d7d20_3723,11743.619827373552
000d7d20_3724,11742.87189411193
000d7d20_3725,11742.791116284996
000d7d20_3726,11742.791116284996
000d7d20_3727,11742.309385521241
000d7d20_3728,11741.627695275578
000d7d20_3729,11741.409374815365
000d7d20_3730,11741.368102422917
000d7d20_3731,11741.300603926295
000d7d20_3732,11741.300603926295
000d7d20_3733,11741.327417939088
000d7d20_3734,11741.741017933271
000d7d20_3735,11741.736705331741
000d7d20_3736,11741.736705331741
000d7d20_3737,11741.647516366387
000d7d20_3738,11741.4725324829
000d7d20_3739,11741.4725324829
000d7d20_3740,11741.4725324829
000d7d20_3741,11741.318803761698
000d7d20_3742,11741.318803761698
000d7d20_3743,11741.318803761698
000d7d20_3744,11741.301675291917
000d7d20_3745,11741.301675291917
000d7d20_3746,11741.301675291917
000d7d20_3747,11741.301675291917
000d7d20_3748,11741.301675291917
000d7d20_3749,11741.191774826782
000d7d20_3750,11741.259883140801
000d7d20_3751,11741.430422300116
000d7d20_3752,11741.429738973691
000d7d20_3753,11741.472079183364
000d7d20_3754,11741.472079183364
000d7d20_3755,11741.472079183364
000d7d20_3756,11741.472079183364
000d7d20_3757,11741.513351575812
000d7d20_3758,11741.516544958891
000d7d20_3759,11741.516544958891
000d7d20_3760,11741.635704204375
000d7d20_3761,11741.816817488689
000d7d20_3762,11741.521176040971
000d7d20_3763,11741.571540747222
000d7d20_3764,11741.571540747222
000d7d20_3765,11741.571540747222
000d7d20_3766,11741.82803285404
000d7d20_3767,11741.82803285404
000d7d20_3768,11741.82803285404
000d7d20_3769,11741.926801781552
000d7d20_3770,11742.15433491525
000d7d20_3771,11741.667568492518
000d7d20_3772,11741.692047219225
000d7d20_3773,11741.770167629762
000d7d20_3774,11741.770167629762
000d7d20_3775,11741.770167629762
000d7d20_3776,11741.692047219225
000d7d20_3777,11741.649707009552
000d7d20_3778,11741.307827211775
000d7d20_3779,11741.012185764057
000d7d20_3780,11741.008992380977
000d7d20_3781,11741.008992380977
000d7d20_3782,11741.010723332156
000d7d20_3783,11741.010723332156
000d7d20_3784,11741.013291246873
000d7d20_3785,11740.847515053694
000d7d20_3786,11740.847515053694
000d7d20_3787,11740.72835580821
000d7d20_3788,11740.72835580821
000d7d20_3789,11740.72835580821
000d7d20_3790,11740.72835580821
000d7d20_3791,11740.72835580821
000d7d20_3792,11740.70169206507
000d7d20_3793,11740.70169206507
000d7d20_3794,11740.6138340101
000d7d20_3795,11740.6138340101
000d7d20_3796,11740.630962479881
000d7d20_3797,11740.630962479881
000d7d20_3798,11740.79136293023
000d7d20_3799,11740.79136293023
000d7d20_3800,11740.880551895583
000d7d20_3801,11740.884864497113
000d7d20_3802,11740.884864497113
000d7d20_3803,11740.884864497113
000d7d20_3804,11740.952362993736
000d7d20_3805,11740.538762999553
000d7d20_3806,11740.653078932428
000d7d20_3807,11741.422046029118
000d7d20_3808,11741.53303592133
000d7d20_3809,11741.048609796106
000d7d20_3810,11741.048609796106
000d7d20_3811,11741.048609796106
000d7d20_3812,11741.183675688855
000d7d20_3813,11741.170822520871
000d7d20_3814,11741.170822520871
000d7d20_3815,11741.170822520871
000d7d20_3816,11741.170822520871
000d7d20_3817,11741.134495109583
000d7d20_3818,11741.147348277567
000d7d20_3819,11741.147348277567
000d7d20_3820,11741.141259117123
000d7d20_3821,11741.042910619974
000d7d20_3822,11741.042910619974
000d7d20_3823,11741.068980787428
000d7d20_3824,11741.068980787428
000d7d20_3825,11741.173418445022
000d7d20_3826,11741.173418445022
000d7d20_3827,11741.068168069847
000d7d20_3828,11741.068168069847
000d7d20_3829,11741.279427808066
000d7d20_3830,11741.201125498623
000d7d20_3831,11741.320284744106
000d7d20_3832,11741.18354905007
000d7d20_3833,11741.459282837694
000d7d20_3834,11741.459282837694
000d7d20_3835,11741.814543872024
000d7d20_3836,11741.814543872024
000d7d20_3837,11741.814543872024
000d7d20_3838,11741.914280099358
000d7d20_3839,11741.932043781117
000d7d20_3840,11741.927044198419
000d7d20_3841,11742.007822025353
000d7d20_3842,11742.007822025353
000d7d20_3843,11741.908034410573
000d7d20_3844,11741.888252203518
000d7d20_3845,11741.888252203518
000d7d20_3846,11741.888252203518
000d7d20_3847,11741.82736329575
000d7d20_3848,11741.809599613991
000d7d20_3849,11741.809599613991
000d7d20_3850,11741.814599196689
000d7d20_3851,11741.814599196689
000d7d20_3852,11741.720389599592
000d7d20_3853,11741.720389599592
000d7d20_3854,11741.720389599592
000d7d20_3855,11741.620653372258
000d7d20_3856,11741.620653372258
000d7d20_3857,11741.62309282656
000d7d20_3858,11741.542314999626
000d7d20_3859,11741.64205122696
000d7d20_3860,11741.392736716827
000d7d20_3861,11741.412257188957
000d7d20_3862,11741.510605686106
000d7d20_3863,11741.510605686106
000d7d20_3864,11741.148320621502
000d7d20_3865,11741.148320621502
000d7d20_3866,11740.86533404316
000d7d20_3867,11740.86533404316
000d7d20_3868,11740.889048030123
000d7d20_3869,11740.889048030123
000d7d20_3870,11740.889048030123
000d7d20_3871,11740.654152880114
000d7d20_3872,11740.356128069881
000d7d20_3873,11740.356128069881
000d7d20_3874,11740.241461631676
000d7d20_3875,11740.236839115665
000d7d20_3876,11740.236839115665
000d7d20_3877,11740.353736037125
000d7d20_3878,11740.24848566195
000d7d20_3879,11740.24848566195
000d7d20_3880,11740.24848566195
000d7d20_3881,11740.24848566195
000d7d20_3882,11740.228608463693
000d7d20_3883,11740.228608463693
000d7d20_3884,11740.312287762717
000d7d20_3885,11740.312287762717
000d7d20_3886,11740.188444702522
000d7d20_3887,11739.833077600015
000d7d20_3888,11739.71876166714
000d7d20_3889,11739.71876166714
000d7d20_3890,11739.651263170517
000d7d20_3891,11739.572641674951
000d7d20_3892,11739.8877451852
000d7d20_3893,11739.764683999256
000d7d20_3894,11739.764683999256
000d7d20_3895,11739.764683999256
000d7d20_3896,11739.764683999256
000d7d20_3897,11739.760371397726
000d7d20_3898,11739.801643790173
000d7d20_3899,11739.799912838995
000d7d20_3900,11739.801643790173
000d7d20_3901,11739.801643790173
000d7d20_3902,11739.919072084478
000d7d20_3903,11739.987180398497
000d7d20_3904,11740.074716793351
000d7d20_3905,11740.074716793351
000d7d20_3906,11740.146723793947
000d7d20_3907,11740.006608479332
000d7d20_3908,11740.008339430511
000d7d20_3909,11740.115748337437
000d7d20_3910,11740.115748337437
000d7d20_3911,11740.115748337437
000d7d20_3912,11740.008339430511
000d7d20_3913,11739.950401169857
000d7d20_3914,11740.057810076783
000d7d20_3915,11739.862864775003
000d7d20_3916,11739.862864775003
000d7d20_3917,11739.862864775003
000d7d20_3918,11739.862864775003
000d7d20_3919,11739.875376657734
000d7d20_3920,11739.875376657734
000d7d20_3921,11739.875376657734
000d7d20_3922,11739.902472458316
000d7d20_3923,11739.506038233647
000d7d20_3924,11739.506038233647
000d7d20_3925,11739.466177770604
000d7d20_3926,11739.466177770604
000d7d20_3927,11739.466177770604
000d7d20_3928,11739.693664818098
000d7d20_3929,11739.76116331472
000d7d20_3930,11739.873437720169
000d7d20_3931,11740.2286987545
000d7d20_3932,11740.682901952669
000d7d20_3933,11740.859820493091
000d7d20_3934,11740.859820493091
000d7d20_3935,11740.76489828594
000d7d20_3936,11740.65262388049
000d7d20_3937,11740.65262388049
000d7d20_3938,11740.65262388049
000d7d20_3939,11740.65262388049
000d7d20_3940,11740.76489828594
000d7d20_3941,11740.669393744736
000d7d20_3942,11741.070140570935
000d7d20_3943,11741.070140570935
000d7d20_3944,11740.669393744736
000d7d20_3945,11740.669393744736
000d7d20_3946,11740.669393744736
000d7d20_3947,11740.669393744736
000d7d20_3948,11740.669393744736
000d7d20_3949,11740.669393744736
000d7d20_3950,11740.508471992427
000d7d20_3951,11740.625368913887
000d7d20_3952,11740.564507918287
000d7d20_3953,11740.452233512839
000d7d20_3954,11740.452233512839
000d7d20_3955,11740.452233512839
000d7d20_3956,11740.300093721922
000d7d20_3957,11740.373453686198
000d7d20_3958,11740.373453686198
000d7d20_3959,11740.373453686198
000d7d20_3960,11740.373453686198
000d7d20_3961,11740.373453686198
000d7d20_3962,11740.373453686198
000d7d20_3963,11740.373453686198
000d7d20_3964,11740.373453686198
000d7d20_3965,11740.244362919264
000d7d20_3966,11740.244362919264
000d7d20_3967,11740.132088513816
000d7d20_3968,11740.132088513816
000d7d20_3969,11740.132088513816
000d7d20_3970,11740.545688507998
000d7d20_3971,11740.132088513816
000d7d20_3972,11740.166603941818
000d7d20_3973,11740.17122645783
000d7d20_3974,11740.17122645783
000d7d20_3975,11740.17122645783
000d7d20_3976,11740.17122645783
000d7d20_3977,11740.584826452012
000d7d20_3978,11740.571973284028
000d7d20_3979,11740.572153311583
000d7d20_3980,11740.1585533174
000d7d20_3981,11740.304878034298
000d7d20_3982,11740.187981112838
000d7d20_3983,11740.1585533174
000d7d20_3984,11740.572153311583
000d7d20_3985,11740.50699390383
000d7d20_3986,11740.50699390383
000d7d20_3987,11740.50699390383
000d7d20_3988,11740.494140735846
000d7d20_3989,11740.494140735846
000d7d20_3990,11740.490224039584
000d7d20_3991,11740.490224039584
000d7d20_3992,11740.482882857654
000d7d20_3993,11740.069282863471
000d7d20_3994,11740.215607580369
000d7d20_3995,11740.215607580369
000d7d20_3996,11740.315343807702
000d7d20_3997,11740.210093432528
000d7d20_3998,11740.315343807702
000d7d20_3999,11740.215607580369
000d7d20_4000,11740.215607580369
000d7d20_4001,11740.215607580369
000d7d20_4002,11740.215607580369
000d7d20_4003,11740.232377444614
000d7d20_4004,11740.140982911746
000d7d20_4005,11740.140982911746
000d7d20_4006,11740.140982911746
000d7d20_4007,11740.140982911746
000d7d20_4008,11740.10868091427
000d7d20_4009,11740.091911050025
000d7d20_4010,11740.091911050025
000d7d20_4011,11740.091911050025
000d7d20_4012,11740.091911050025
000d7d20_4013,11740.19164727736
000d7d20_4014,11739.994564768891
000d7d20_4015,11739.994564768891
000d7d20_4016,11740.086396902185
000d7d20_4017,11739.78829584802
000d7d20_4018,11739.78829584802
000d7d20_4019,11739.78829584802
000d7d20_4020,11739.78829584802
000d7d20_4021,11739.78829584802
000d7d20_4022,11739.805065712266
000d7d20_4023,11739.805065712266
000d7d20_4024,11739.805065712266
000d7d20_4025,11739.688168790806
000d7d20_4026,11739.805065712266
000d7d20_4027,11739.805065712266
000d7d20_4028,11739.658740995368
000d7d20_4029,11740.07234098955
000d7d20_4030,11740.018934913835
000d7d20_4031,11739.75165963655
000d7d20_4032,11739.75165963655
000d7d20_4033,11740.018934913835
000d7d20_4034,11740.018934913835
000d7d20_4035,11739.907611936334
000d7d20_4036,11739.907611936334
000d7d20_4037,11739.892132099121
000d7d20_4038,11739.892132099121
000d7d20_4039,11739.437928900952
000d7d20_4040,11739.437928900952
000d7d20_4041,11739.437928900952
000d7d20_4042,11739.437928900952
000d7d20_4043,11739.437928900952
000d7d20_4044,11739.170653623667
000d7d20_4045,11739.170653623667
000d7d20_4046,11739.170653623667
000d7d20_4047,11739.137005154562
000d7d20_4048,11738.956830410147
000d7d20_4049,11739.37043040433
000d7d20_4050,11739.37043040433
000d7d20_4051,11739.37043040433
000d7d20_4052,11738.956830410147
000d7d20_4053,11739.37043040433
000d7d20_4054,11739.37043040433
000d7d20_4055,11739.37043040433
000d7d20_4056,11739.37043040433
000d7d20_4057,11739.37043040433
000d7d20_4058,11739.37043040433
000d7d20_4059,11739.37043040433
000d7d20_4060,11739.37043040433
000d7d20_4061,11738.956830410147
000d7d20_4062,11739.37043040433
000d7d20_4063,11739.37043040433
000d7d20_4064,11739.357577236346
000d7d20_4065,11739.37043040433
000d7d20_4066,11739.103155127044
000d7d20_4067,11739.103155127044
000d7d20_4068,11739.103155127044
000d7d20_4069,11739.103155127044
000d7d20_4070,11739.103155127044
000d7d20_4071,11739.343281679607
000d7d20_4072,11739.343281679607
000d7d20_4073,11739.343281679607
000d7d20_4074,11739.076006402322
000d7d20_4075,11739.343281679607
000d7d20_4076,11739.343281679607
000d7d20_4077,11739.076006402322
000d7d20_4078,11739.076006402322
000d7d20_4079,11739.076006402322
000d7d20_4080,11739.343281679607
000d7d20_4081,11739.343281679607
000d7d20_4082,11739.099575342194
000d7d20_4083,11739.099575342194
000d7d20_4084,11738.813773485952
000d7d20_4085,11738.800920317968
000d7d20_4086,11738.795730549651
000d7d20_4087,11738.411558350906
000d7d20_4088,11738.795730549651
000d7d20_4089,11738.528455272366
000d7d20_4090,11738.528455272366
000d7d20_4091,11738.411558350906
000d7d20_4092,11738.795730549651
000d7d20_4093,11738.795730549651
000d7d20_4094,11738.795730549651
000d7d20_4095,11738.795730549651
000d7d20_4096,11738.795730549651
000d7d20_4097,11738.795730549651
000d7d20_4098,11738.795730549651
000d7d20_4099,11738.795730549651
000d7d20_4100,11738.795730549651
000d7d20_4101,11738.795730549651
000d7d20_4102,11738.528455272366
000d7d20_4103,11738.795730549651
000d7d20_4104,11738.82515834509
000d7d20_4105,11738.782877381667
000d7d20_4106,11738.781146430489
000d7d20_4107,11738.795730549651
000d7d20_4108,11738.795730549651
000d7d20_4109,11738.795730549651
000d7d20_4110,11738.795730549651
000d7d20_4111,11738.795730549651
000d7d20_4112,11738.795730549651
000d7d20_4113,11738.795730549651
000d7d20_4114,11738.795730549651
000d7d20_4115,11738.825348598302
000d7d20_4116,11738.78849425106
000d7d20_4117,11738.78849425106
000d7d20_4118,11738.374894256876
000d7d20_4119,11738.78849425106
000d7d20_4120,11738.78849425106
000d7d20_4121,11738.61228575457
000d7d20_4122,11738.61228575457
000d7d20_4123,11738.61228575457
000d7d20_4124,11738.61228575457
000d7d20_4125,11738.61228575457
000d7d20_4126,11738.61228575457
000d7d20_4127,11738.61228575457
000d7d20_4128,11738.61228575457
000d7d20_4129,11738.599432586587
000d7d20_4130,11738.599432586587
000d7d20_4131,11738.568284996767
000d7d20_4132,11738.58113816475
000d7d20_4133,11738.473729257825
000d7d20_4134,11738.20645398054
000d7d20_4135,11738.473729257825
000d7d20_4136,11738.473729257825
000d7d20_4137,11738.473729257825
000d7d20_4138,11738.473729257825
000d7d20_4139,11738.473729257825
000d7d20_4140,11738.46087608984
000d7d20_4141,11738.527135333541
000d7d20_4142,11738.440288002877
000d7d20_4143,11738.440288002877
000d7d20_4144,11738.440288002877
000d7d20_4145,11738.440288002877
000d7d20_4146,11738.423518138632
000d7d20_4147,11738.423518138632
000d7d20_4148,11738.423518138632
000d7d20_4149,11738.373069327634
000d7d20_4150,11738.373069327634
000d7d20_4151,11738.017808293303
000d7d20_4152,11738.017808293303
000d7d20_4153,11738.017808293303
000d7d20_4154,11737.828229765111
000d7d20_4155,11737.778273140226
000d7d20_4156,11737.778273140226
000d7d20_4157,11737.778273140226
000d7d20_4158,11737.71542684142
000d7d20_4159,11737.71542684142
000d7d20_4160,11737.767323973196
000d7d20_4161,11737.767323973196
000d7d20_4162,11737.767323973196
000d7d20_4163,11737.767323973196
000d7d20_4164,11737.767323973196
000d7d20_4165,11737.801088402572
000d7d20_4166,11737.801088402572
000d7d20_4167,11737.801088402572
000d7d20_4168,11737.801088402572
000d7d20_4169,11737.86919671659
000d7d20_4170,11737.919153341476
000d7d20_4171,11738.119290083107
000d7d20_4172,11738.29325855504
000d7d20_4173,11738.242283494868
000d7d20_4174,11738.265234373683
000d7d20_4175,11738.265234373683
000d7d20_4176,11738.562015754474
000d7d20_4177,11738.562015754474
000d7d20_4178,11738.542690656901
000d7d20_4179,11738.542690656901
000d7d20_4180,11738.5931394679
000d7d20_4181,11738.5931394679
000d7d20_4182,11738.553426139028
000d7d20_4183,11738.553426139028
000d7d20_4184,11738.553426139028
000d7d20_4185,11738.553426139028
000d7d20_4186,11738.478847235501
000d7d20_4187,11738.412529478788
000d7d20_4188,11738.443531380175
000d7d20_4189,11738.39441808579
000d7d20_4190,11738.443531380175
000d7d20_4191,11738.443531380175
000d7d20_4192,11738.478847235501
000d7d20_4193,11738.412529478788
000d7d20_4194,11738.443531380175
000d7d20_4195,11738.443531380175
000d7d20_4196,11738.04610117909
000d7d20_4197,11738.04610117909
000d7d20_4198,11738.081417034417
000d7d20_4199,11738.015099277703
000d7d20_4200,11738.015099277703
000d7d20_4201,11738.015099277703
000d7d20_4202,11738.081417034417
000d7d20_4203,11738.04610117909
000d7d20_4204,11738.04610117909
000d7d20_4205,11738.04610117909
000d7d20_4206,11738.04610117909
000d7d20_4207,11738.04610117909
000d7d20_4208,11738.04610117909
000d7d20_4209,11738.081417034417
000d7d20_4210,11738.015099277703
000d7d20_4211,11738.081417034417
000d7d20_4212,11738.04610117909
000d7d20_4213,11737.996987884706
000d7d20_4214,11738.04610117909
000d7d20_4215,11738.04610117909
000d7d20_4216,11737.946990963685
000d7d20_4217,11738.015099277703
000d7d20_4218,11738.015099277703
000d7d20_4219,11738.015099277703
000d7d20_4220,11738.015099277703
000d7d20_4221,11738.015099277703
000d7d20_4222,11738.081417034417
000d7d20_4223,11738.04610117909
000d7d20_4224,11738.04610117909
000d7d20_4225,11738.04610117909
000d7d20_4226,11738.04610117909
000d7d20_4227,11738.04610117909
000d7d20_4228,11738.04610117909
000d7d20_4229,11738.015099277703
000d7d20_4230,11738.04610117909
000d7d20_4231,11738.04610117909
000d7d20_4232,11738.04610117909
000d7d20_4233,11738.04610117909
000d7d20_4234,11738.04610117909
000d7d20_4235,11738.015099277703
000d7d20_4236,11738.015099277703
000d7d20_4237,11738.081417034417
000d7d20_4238,11738.081417034417
000d7d20_4239,11738.081417034417
000d7d20_4240,11738.04610117909
000d7d20_4241,11738.04610117909
000d7d20_4242,11738.04610117909
000d7d20_4243,11738.04610117909
000d7d20_4244,11738.081417034417
000d7d20_4245,11738.015099277703
000d7d20_4246,11738.015099277703
000d7d20_4247,11738.081417034417
000d7d20_4248,11738.04610117909
000d7d20_4249,11737.996987884706
000d7d20_4250,11738.04610117909
000d7d20_4251,11738.04610117909
000d7d20_4252,11737.946990963685
000d7d20_4253,11738.015099277703
000d7d20_4254,11738.015099277703
000d7d20_4255,11738.081417034417
000d7d20_4256,11738.04610117909
000d7d20_4257,11738.04610117909
000d7d20_4258,11738.04610117909
000d7d20_4259,11738.04610117909
000d7d20_4260,11738.04610117909
000d7d20_4261,11738.04610117909
000d7d20_4262,11738.04610117909
000d7d20_4263,11738.04610117909
000d7d20_4264,11738.04610117909
000d7d20_4265,11738.065426276664
000d7d20_4266,11737.956644215225
000d7d20_4267,11738.001437916417
000d7d20_4268,11737.97043601503
000d7d20_4269,11738.001437916417
000d7d20_4270,11738.024388795231
000d7d20_4271,11738.001437916417
000d7d20_4272,11738.001437916417
000d7d20_4273,11738.001437916417
000d7d20_4274,11738.001437916417
000d7d20_4275,11737.911980952551
000d7d20_4276,11737.969135918942
000d7d20_4277,11737.94295483296
000d7d20_4278,11737.94295483296
000d7d20_4279,11737.992086797756
000d7d20_4280,11738.0375743109
000d7d20_4281,11737.969135918942
000d7d20_4282,11737.969135918942
000d7d20_4283,11737.969135918942
000d7d20_4284,11737.879678955076
000d7d20_4285,11737.988461016515
000d7d20_4286,11737.969135918942
000d7d20_4287,11737.969135918942
000d7d20_4288,11737.992086797756
000d7d20_4289,11737.879678955076
000d7d20_4290,11737.969135918942
000d7d20_4291,11737.969135918942
000d7d20_4292,11737.969135918942
000d7d20_4293,11737.969135918942
000d7d20_4294,11737.969135918942
000d7d20_4295,11737.969135918942
000d7d20_4296,11738.0375743109
000d7d20_4297,11737.969135918942
000d7d20_4298,11737.9853913597
000d7d20_4299,11737.9853913597
000d7d20_4300,11737.9853913597
000d7d20_4301,11737.9853913597
000d7d20_4302,11737.954389458313
000d7d20_4303,11738.020707215026
000d7d20_4304,11737.9853913597
000d7d20_4305,11737.9853913597
000d7d20_4306,11737.9853913597
000d7d20_4307,11737.9853913597
000d7d20_4308,11738.008342238514
000d7d20_4309,11738.053829751658
000d7d20_4310,11737.9853913597
000d7d20_4311,11737.9853913597
000d7d20_4312,11737.9853913597
000d7d20_4313,11737.9853913597
000d7d20_4314,11738.060935890428
000d7d20_4315,11738.060935890428
000d7d20_4316,11737.994618133715
000d7d20_4317,11737.994618133715
000d7d20_4318,11738.060935890428
000d7d20_4319,11738.025620035101
000d7d20_4320,11738.025620035101
000d7d20_4321,11738.048570913916
000d7d20_4322,11738.025620035101
000d7d20_4323,11738.025620035101
000d7d20_4324,11738.025620035101
000d7d20_4325,11738.025620035101
000d7d20_4326,11738.025620035101
000d7d20_4327,11738.025620035101
000d7d20_4328,11738.025620035101
000d7d20_4329,11738.09405842706
000d7d20_4330,11738.048570913916
000d7d20_4331,11738.048570913916
000d7d20_4332,11737.936163071236
000d7d20_4333,11737.923140789964
000d7d20_4334,11738.035548632644
000d7d20_4335,11738.035548632644
000d7d20_4336,11738.035548632644
000d7d20_4337,11738.035548632644
000d7d20_4338,11738.035548632644
000d7d20_4339,11738.035548632644
000d7d20_4340,11738.035548632644
000d7d20_4341,11737.923140789964
000d7d20_4342,11738.035548632644
000d7d20_4343,11738.035548632644
000d7d20_4344,11738.01259775383
000d7d20_4345,11738.081036145788
000d7d20_4346,11738.035548632644
000d7d20_4347,11737.923140789964
000d7d20_4348,11738.01259775383
000d7d20_4349,11738.01259775383
000d7d20_4350,11738.01259775383
000d7d20_4351,11738.01259775383
000d7d20_4352,11738.081036145788
000d7d20_4353,11738.084661927029
000d7d20_4354,11738.035548632644
000d7d20_4355,11738.084661927029
000d7d20_4356,11737.866101610934
000d7d20_4357,11737.70458047387
000d7d20_4358,11737.81698831655
000d7d20_4359,11737.862475829694
000d7d20_4360,11737.77726757349
000d7d20_4361,11737.77726757349
000d7d20_4362,11737.800218452305
000d7d20_4363,11737.77726757349
000d7d20_4364,11737.77726757349
000d7d20_4365,11737.77726757349
000d7d20_4366,11737.637361798626
000d7d20_4367,11737.726818762492
000d7d20_4368,11737.726818762492
000d7d20_4369,11737.726818762492
000d7d20_4370,11737.726818762492
000d7d20_4371,11737.726818762492
000d7d20_4372,11737.888799240916
000d7d20_4373,11737.85348338559
000d7d20_4374,11737.928512569788
000d7d20_4375,11737.94812510255
000d7d20_4376,11737.715429393867
000d7d20_4377,11737.87046903755
000d7d20_4378,11737.715429393867
000d7d20_4379,11737.603558763494
000d7d20_4380,11737.587303322736
000d7d20_4381,11737.574048881015
000d7d20_4382,11737.574048881015
000d7d20_4383,11737.625023941187
000d7d20_4384,11737.625023941187
000d7d20_4385,11737.625023941187
000d7d20_4386,11737.269762906857
000d7d20_4387,11737.144843565153
000d7d20_4388,11737.501835550662
000d7d20_4389,11737.496911216404
000d7d20_4390,11737.498642167582
000d7d20_4391,11737.498642167582
000d7d20_4392,11737.654698873472
000d7d20_4393,11737.654698873472
000d7d20_4394,11737.654698873472
000d7d20_4395,11737.665648040502
000d7d20_4396,11737.7160968515
000d7d20_4397,11737.7160968515
000d7d20_4398,11737.7160968515
000d7d20_4399,11737.7160968515
000d7d20_4400,11737.7160968515
000d7d20_4401,11737.7160968515
000d7d20_4402,11737.731135764567
000d7d20_4403,11737.731135764567
000d7d20_4404,11737.731135764567
000d7d20_4405,11737.731135764567
000d7d20_4406,11737.74571988373
000d7d20_4407,11737.44399051992
000d7d20_4408,11737.74571988373
000d7d20_4409,11737.74571988373
000d7d20_4410,11737.74571988373
000d7d20_4411,11737.74571988373
000d7d20_4412,11737.732866715745
000d7d20_4413,11737.732866715745
000d7d20_4414,11737.732866715745
000d7d20_4415,11737.732866715745
000d7d20_4416,11737.732866715745
000d7d20_4417,11737.74571988373
000d7d20_4418,11736.986083176016
000d7d20_4419,11736.973230008032
000d7d20_4420,11736.973230008032
000d7d20_4421,11736.910247951644
000d7d20_4422,11736.910247951644
000d7d20_4423,11736.910247951644
000d7d20_4424,11736.910247951644
000d7d20_4425,11736.910247951644
000d7d20_4426,11736.910247951644
000d7d20_4427,11736.910247951644
000d7d20_4428,11736.908517000466
000d7d20_4429,11736.910247951644
000d7d20_4430,11736.910247951644
000d7d20_4431,11736.910247951644
000d7d20_4432,11736.910247951644
000d7d20_4433,11736.910247951644
000d7d20_4434,11736.910247951644
000d7d20_4435,11736.910247951644
000d7d20_4436,11737.006231341025
000d7d20_4437,11737.006231341025
000d7d20_4438,11737.006231341025
000d7d20_4439,11737.006231341025
000d7d20_4440,11737.006231341025
000d7d20_4441,11737.006231341025
000d7d20_4442,11737.006231341025
000d7d20_4443,11737.455495631804
000d7d20_4444,11737.412357079393
000d7d20_4445,11736.990824963486
000d7d20_4446,11736.990824963486
000d7d20_4447,11736.990824963486
000d7d20_4448,11736.990824963486
000d7d20_4449,11736.990824963486
000d7d20_4450,11736.990824963486
000d7d20_4451,11736.990824963486
000d7d20_4452,11736.990824963486
000d7d20_4453,11736.990824963486
000d7d20_4454,11736.908990511243
000d7d20_4455,11736.89613734326
000d7d20_4456,11736.89613734326
000d7d20_4457,11736.89613734326
000d7d20_4458,11736.908990511243
000d7d20_4459,11736.908990511243
000d7d20_4460,11736.908990511243
000d7d20_4461,11736.89613734326
000d7d20_4462,11736.908990511243
000d7d20_4463,11736.753585864331
000d7d20_4464,11736.607261147434
000d7d20_4465,11736.908990511243
000d7d20_4466,11736.89613734326
000d7d20_4467,11736.89613734326
000d7d20_4468,11736.89613734326
000d7d20_4469,11737.273705521893
000d7d20_4470,11737.839469419238
000d7d20_4471,11737.752622088574
000d7d20_4472,11737.752622088574
000d7d20_4473,11737.765475256558
000d7d20_4474,11737.765475256558
000d7d20_4475,11737.696185231467
000d7d20_4476,11737.696185231467
000d7d20_4477,11737.687264246642
000d7d20_4478,11737.687264246642
000d7d20_4479,11737.646853066148
000d7d20_4480,11737.646853066148
000d7d20_4481,11737.646853066148
000d7d20_4482,11737.646853066148
000d7d20_4483,11737.646853066148
000d7d20_4484,11737.646853066148
000d7d20_4485,11737.646853066148
000d7d20_4486,11737.646853066148
000d7d20_4487,11737.646853066148
000d7d20_4488,11737.646853066148
000d7d20_4489,11737.646853066148
000d7d20_4490,11737.665971761846
000d7d20_4491,11737.665971761846
000d7d20_4492,11737.665971761846
000d7d20_4493,11737.665971761846
000d7d20_4494,11737.665971761846
000d7d20_4495,11737.664240810667
000d7d20_4496,11737.664240810667
000d7d20_4497,11737.664240810667
000d7d20_4498,11737.664240810667
000d7d20_4499,11737.665971761846
000d7d20_4500,11737.665971761846
000d7d20_4501,11737.665971761846
000d7d20_4502,11737.665971761846
000d7d20_4503,11737.665971761846
000d7d20_4504,11737.665971761846
000d7d20_4505,11737.665971761846
000d7d20_4506,11737.665971761846
000d7d20_4507,11737.665971761846
000d7d20_4508,11737.665971761846
000d7d20_4509,11737.665971761846
000d7d20_4510,11737.6360944757
000d7d20_4511,11737.626679397648
000d7d20_4512,11737.626679397648
000d7d20_4513,11737.626679397648
000d7d20_4514,11737.626679397648
000d7d20_4515,11737.626679397648
000d7d20_4516,11737.626679397648
000d7d20_4517,11737.670096764114
000d7d20_4518,11737.670096764114
000d7d20_4519,11737.670096764114
000d7d20_4520,11737.670096764114
000d7d20_4521,11737.670096764114
000d7d20_4522,11737.670096764114
000d7d20_4523,11737.623715855667
000d7d20_4524,11737.623715855667
000d7d20_4525,11737.57803377437
000d7d20_4526,11737.57803377437
000d7d20_4527,11737.57803377437
000d7d20_4528,11737.634470631478
000d7d20_4529,11737.634470631478
000d7d20_4530,11737.634470631478
000d7d20_4531,11737.721317962141
000d7d20_4532,11737.721317962141
000d7d20_4533,11737.721317962141
000d7d20_4534,11737.721317962141
000d7d20_4535,11737.721317962141
000d7d20_4536,11737.721317962141
000d7d20_4537,11737.721317962141
000d7d20_4538,11737.721317962141
000d7d20_4539,11737.828726869067
000d7d20_4540,11737.828726869067
000d7d20_4541,11737.828726869067
000d7d20_4542,11737.828726869067
000d7d20_4543,11737.828726869067
000d7d20_4544,11737.86558121631
000d7d20_4545,11737.86558121631
000d7d20_4546,11737.86558121631
000d7d20_4547,11737.86558121631
000d7d20_4548,11737.86558121631
000d7d20_4549,11737.563851852501
000d7d20_4550,11737.576705020485
000d7d20_4551,11737.576705020485
000d7d20_4552,11737.576705020485
000d7d20_4553,11737.503074951226
000d7d20_4554,11737.503074951226
000d7d20_4555,11737.503074951226
000d7d20_4556,11737.503074951226
000d7d20_4557,11737.503074951226
000d7d20_4558,11737.560655514928
000d7d20_4559,11737.560655514928
000d7d20_4560,11737.552465910907
000d7d20_4561,11737.552465910907
000d7d20_4562,11737.540048310288
000d7d20_4563,11737.540048310288
000d7d20_4564,11737.540048310288
000d7d20_4565,11737.540048310288
000d7d20_4566,11737.540048310288
000d7d20_4567,11737.540048310288
000d7d20_4568,11737.540048310288
000d7d20_4569,11737.828924506113
000d7d20_4570,11737.828924506113
000d7d20_4571,11737.828924506113
000d7d20_4572,11737.540048310288
000d7d20_4573,11737.540048310288
000d7d20_4574,11737.540048310288
000d7d20_4575,11737.540048310288
000d7d20_4576,11737.540048310288
000d7d20_4577,11737.841777674097
000d7d20_4578,11737.905738182446
000d7d20_4579,11737.905738182446
000d7d20_4580,11737.905738182446
000d7d20_4581,11737.905738182446
000d7d20_4582,11737.851092853807
000d7d20_4583,11737.851092853807
000d7d20_4584,11737.851092853807
000d7d20_4585,11737.838239685823
000d7d20_4586,11737.851092853807
000d7d20_4587,11737.851092853807
000d7d20_4588,11737.549363489998
000d7d20_4589,11737.549363489998
000d7d20_4590,11737.55877856805
000d7d20_4591,11737.55877856805
000d7d20_4592,11737.671052973497
000d7d20_4593,11737.55877856805
000d7d20_4594,11737.55877856805
000d7d20_4595,11737.577333757104
000d7d20_4596,11737.577333757104
000d7d20_4597,11737.577333757104
000d7d20_4598,11737.56448058912
000d7d20_4599,11737.577333757104
000d7d20_4600,11737.577333757104
000d7d20_4601,11737.577333757104
000d7d20_4602,11737.56448058912
000d7d20_4603,11737.47004768965
000d7d20_4604,11737.47004768965
000d7d20_4605,11737.47004768965
000d7d20_4606,11737.47004768965
000d7d20_4607,11737.47004768965
000d7d20_4608,11737.47004768965
000d7d20_4609,11737.482900857634
000d7d20_4610,11737.482900857634
000d7d20_4611,11737.482900857634
000d7d20_4612,11737.482900857634
000d7d20_4613,11737.482900857634
000d7d20_4614,11737.181171493825
000d7d20_4615,11737.477053076398
000d7d20_4616,11737.457709808272
000d7d20_4617,11737.457709808272
000d7d20_4618,11737.457709808272
000d7d20_4619,11737.457709808272
000d7d20_4620,11737.457709808272
000d7d20_4621,11737.457709808272
000d7d20_4622,11737.457709808272
000d7d20_4623,11737.457709808272
000d7d20_4624,11737.457709808272
000d7d20_4625,11737.457709808272
000d7d20_4626,11737.457709808272
000d7d20_4627,11737.457709808272
000d7d20_4628,11737.48713760371
000d7d20_4629,11737.578104820743
000d7d20_4630,11737.276375456933
000d7d20_4631,11737.24884511469
000d7d20_4632,11737.24884511469
000d7d20_4633,11737.24884511469
000d7d20_4634,11737.24884511469
000d7d20_4635,11737.24884511469
000d7d20_4636,11737.24884511469
000d7d20_4637,11737.24884511469
000d7d20_4638,11737.550574478499
000d7d20_4639,11737.550574478499
000d7d20_4640,11737.33373680937
000d7d20_4641,11737.24884511469
000d7d20_4642,11737.363161047564
000d7d20_4643,11738.004777676668
000d7d20_4644,11738.004777676668
000d7d20_4645,11737.600747195682
000d7d20_4646,11737.616227032895
000d7d20_4647,11737.812108619788
000d7d20_4648,11738.039558782912
000d7d20_4649,11737.737829419102
000d7d20_4650,11738.039558782912
000d7d20_4651,11738.039558782912
000d7d20_4652,11737.893234066014
000d7d20_4653,11737.737829419102
000d7d20_4654,11737.737829419102
000d7d20_4655,11737.737829419102
000d7d20_4656,11737.822721113784
000d7d20_4657,11737.822721113784
000d7d20_4658,11737.737829419102
000d7d20_4659,11737.737829419102
000d7d20_4660,11737.737829419102
000d7d20_4661,11737.737829419102
000d7d20_4662,11737.737829419102
000d7d20_4663,11737.415787115791
000d7d20_4664,11737.368579083874
000d7d20_4665,11737.368579083874
000d7d20_4666,11737.463137798879
000d7d20_4667,11737.463137798879
000d7d20_4668,11737.463137798879
000d7d20_4669,11737.378246104197
000d7d20_4670,11737.378246104197
000d7d20_4671,11737.463137798879
000d7d20_4672,11737.463137798879
000d7d20_4673,11737.463137798879
000d7d20_4674,11737.463137798879
000d7d20_4675,11737.704445061894
000d7d20_4676,11737.704445061894
000d7d20_4677,11737.704445061894
000d7d20_4678,11737.704445061894
000d7d20_4679,11737.704445061894
000d7d20_4680,11737.704445061894
000d7d20_4681,11737.704445061894
000d7d20_4682,11737.704445061894
000d7d20_4683,11737.704445061894
000d7d20_4684,11737.619553367213
000d7d20_4685,11737.704445061894
000d7d20_4686,11737.704445061894
000d7d20_4687,11737.619553367213
000d7d20_4688,11737.81029283881
000d7d20_4689,11737.508563475001
000d7d20_4690,11737.57797533247
000d7d20_4691,11737.493083637788
000d7d20_4692,11737.153196372494
000d7d20_4693,11737.038880439619
000d7d20_4694,11737.038880439619
000d7d20_4695,11737.038880439619
000d7d20_4696,11737.1237721343
000d7d20_4697,11737.038880439619
000d7d20_4698,11737.323839939183
000d7d20_4699,11737.25634144256
000d7d20_4700,11736.971381942996
000d7d20_4701,11736.971381942996
000d7d20_4702,11736.971381942996
000d7d20_4703,11737.042216955555
000d7d20_4704,11737.343946319364
000d7d20_4705,11737.343946319364
000d7d20_4706,11737.197621602467
000d7d20_4707,11737.197621602467
000d7d20_4708,11737.307091972121
000d7d20_4709,11737.190195050662
000d7d20_4710,11737.160767255224
000d7d20_4711,11737.160767255224
000d7d20_4712,11737.053358348297
000d7d20_4713,11737.053358348297
000d7d20_4714,11737.053358348297
000d7d20_4715,11737.053358348297
000d7d20_4716,11737.053358348297
000d7d20_4717,11737.053358348297
000d7d20_4718,11736.978094842285
000d7d20_4719,11736.978094842285
000d7d20_4720,11736.978094842285
000d7d20_4721,11736.978094842285
000d7d20_4722,11737.00019806428
000d7d20_4723,11737.00019806428
000d7d20_4724,11736.959786883785
000d7d20_4725,11736.959786883785
000d7d20_4726,11736.959786883785
000d7d20_4727,11736.959786883785
000d7d20_4728,11736.959786883785
000d7d20_4729,11736.959786883785
000d7d20_4730,11736.959786883785
000d7d20_4731,11736.959786883785
000d7d20_4732,11736.959786883785
000d7d20_4733,11736.959786883785
000d7d20_4734,11736.959786883785
000d7d20_4735,11737.013979810805
000d7d20_4736,11737.001126642821
000d7d20_4737,11737.013979810805
000d7d20_4738,11736.999395691642
000d7d20_4739,11736.999395691642
000d7d20_4740,11737.001126642821
000d7d20_4741,11737.013979810805
000d7d20_4742,11737.013979810805
000d7d20_4743,11736.999395691642
000d7d20_4744,11737.001126642821
000d7d20_4745,11737.001126642821
000d7d20_4746,11737.02735018765
000d7d20_4747,11737.02908113883
000d7d20_4748,11737.02735018765
000d7d20_4749,11737.02735018765
000d7d20_4750,11737.02908113883
000d7d20_4751,11737.02908113883
000d7d20_4752,11737.062782922156
000d7d20_4753,11737.051833755126
000d7d20_4754,11737.051833755126
000d7d20_4755,11737.051833755126
000d7d20_4756,11737.119942069145
000d7d20_4757,11737.051833755126
000d7d20_4758,11737.051833755126
000d7d20_4759,11737.051833755126
000d7d20_4760,11737.051833755126
000d7d20_4761,11737.119942069145
000d7d20_4762,11737.119942069145
000d7d20_4763,11737.051833755126
000d7d20_4764,11737.051833755126
000d7d20_4765,11737.051833755126
000d7d20_4766,11737.053564706304
000d7d20_4767,11737.077763459552
000d7d20_4768,11737.077763459552
000d7d20_4769,11737.077763459552
000d7d20_4770,11737.077763459552
000d7d20_4771,11737.077763459552
000d7d20_4772,11737.077763459552
000d7d20_4773,11737.077763459552
000d7d20_4774,11737.077763459552
000d7d20_4775,11737.077763459552
000d7d20_4776,11737.077763459552
000d7d20_4777,11737.077763459552
000d7d20_4778,11737.077763459552
000d7d20_4779,11737.079494410731
000d7d20_4780,11737.090443577761
000d7d20_4781,11737.074188137003
000d7d20_4782,11737.074188137003
000d7d20_4783,11737.072457185825
000d7d20_4784,11737.074188137003
000d7d20_4785,11737.074188137003
000d7d20_4786,11737.074188137003
000d7d20_4787,11737.074188137003
000d7d20_4788,11737.074188137003
000d7d20_4789,11737.074188137003
000d7d20_4790,11737.074188137003
000d7d20_4791,11737.074188137003
000d7d20_4792,11737.074188137003
000d7d20_4793,11737.074188137003
000d7d20_4794,11737.035962579432
000d7d20_4795,11737.034231628253
000d7d20_4796,11737.034231628253
000d7d20_4797,11737.034231628253
000d7d20_4798,11737.034231628253
000d7d20_4799,11737.034231628253
000d7d20_4800,11737.034231628253
000d7d20_4801,11737.035962579432
000d7d20_4802,11737.035962579432
000d7d20_4803,11737.019192715186
000d7d20_4804,11737.05018881763
000d7d20_4805,11736.999740006631
000d7d20_4806,11736.999740006631
000d7d20_4807,11736.999740006631
000d7d20_4808,11736.999740006631
000d7d20_4809,11736.999740006631
000d7d20_4810,11736.999740006631
000d7d20_4811,11736.999740006631
000d7d20_4812,11737.075003512644
000d7d20_4813,11737.075003512644
000d7d20_4814,11737.075003512644
000d7d20_4815,11737.075003512644
000d7d20_4816,11737.075003512644
000d7d20_4817,11737.125452323642
000d7d20_4818,11737.125452323642
000d7d20_4819,11737.125452323642
000d7d20_4820,11737.009726743176
000d7d20_4821,11737.009726743176
000d7d20_4822,11737.009726743176
000d7d20_4823,11737.009726743176
000d7d20_4824,11737.009726743176
000d7d20_4825,11737.079257998286
000d7d20_4826,11737.079257998286
000d7d20_4827,11736.79038180246
000d7d20_4828,11737.305304836676
000d7d20_4829,11736.902656207909
000d7d20_4830,11736.85220739691
000d7d20_4831,11736.739932991462
000d7d20_4832,11736.651816317466
000d7d20_4833,11736.953545681276
000d7d20_4834,11736.953545681276
000d7d20_4835,11736.953545681276
000d7d20_4836,11736.953545681276
000d7d20_4837,11736.953545681276
000d7d20_4838,11736.953545681276
000d7d20_4839,11736.55787346645
000d7d20_4840,11736.55787346645
000d7d20_4841,11736.55787346645
000d7d20_4842,11736.55787346645
000d7d20_4843,11736.55787346645
000d7d20_4844,11736.556142515272
000d7d20_4845,11736.556142515272
000d7d20_4846,11736.556142515272
000d7d20_4847,11736.556142515272
000d7d20_4848,11736.556142515272
000d7d20_4849,11736.55787346645
000d7d20_4850,11736.55787346645
000d7d20_4851,11736.55787346645
000d7d20_4852,11736.55787346645
000d7d20_4853,11736.91313450078
000d7d20_4854,11736.911403549602
000d7d20_4855,11736.9618523606
000d7d20_4856,11736.978622224846
000d7d20_4857,11736.978622224846
000d7d20_4858,11736.978622224846
000d7d20_4859,11737.020304612048
000d7d20_4860,11737.088412926067
000d7d20_4861,11737.088412926067
000d7d20_4862,11737.088412926067
000d7d20_4863,11737.020304612048
000d7d20_4864,11737.022872526764
000d7d20_4865,11737.011923359734
000d7d20_4866,11737.011923359734
000d7d20_4867,11737.011923359734
000d7d20_4868,11737.011923359734
000d7d20_4869,11737.011923359734
000d7d20_4870,11736.995511986086
000d7d20_4871,11737.060893352287
000d7d20_4872,11737.060893352287
000d7d20_4873,11737.060893352287
000d7d20_4874,11737.059162401109
000d7d20_4875,11737.059162401109
000d7d20_4876,11737.060893352287
000d7d20_4877,11737.060893352287
000d7d20_4878,11737.060893352287
000d7d20_4879,11737.060893352287
000d7d20_4880,11737.060893352287
000d7d20_4881,11737.060893352287
000d7d20_4882,11737.060893352287
000d7d20_4883,11737.059162401109
000d7d20_4884,11737.062355784188
000d7d20_4885,11737.064086735367
000d7d20_4886,11737.064086735367
000d7d20_4887,11737.064086735367
000d7d20_4888,11737.059162401109
000d7d20_4889,11737.059162401109
000d7d20_4890,11737.059162401109
000d7d20_4891,11737.059162401109
000d7d20_4892,11737.059162401109
000d7d20_4893,11737.059162401109
000d7d20_4894,11737.092691953987
000d7d20_4895,11737.092691953987
000d7d20_4896,11737.092691953987
000d7d20_4897,11737.092691953987
000d7d20_4898,11737.092691953987
000d7d20_4899,11737.092691953987
000d7d20_4900,11737.145691168233
000d7d20_4901,11737.213799482251
000d7d20_4902,11737.213799482251
000d7d20_4903,11737.719286592934
000d7d20_4904,11737.497818487765
000d7d20_4905,11737.497818487765
000d7d20_4906,11737.216992865331
000d7d20_4907,11737.216992865331
000d7d20_4908,11737.216992865331
000d7d20_4909,11737.216992865331
000d7d20_4910,11737.148884551312
000d7d20_4911,11737.148884551312
000d7d20_4912,11737.148884551312
000d7d20_4913,11737.148884551312
000d7d20_4914,11737.148884551312
000d7d20_4915,11737.391058704798
000d7d20_4916,11737.392789655976
000d7d20_4917,11737.392789655976
000d7d20_4918,11737.392789655976
000d7d20_4919,11737.392789655976
000d7d20_4920,11737.392789655976
000d7d20_4921,11737.391058704798
000d7d20_4922,11737.391058704798
000d7d20_4923,11737.391058704798
000d7d20_4924,11737.391058704798
000d7d20_4925,11737.391058704798
000d7d20_4926,11737.391058704798
000d7d20_4927,11737.391058704798
000d7d20_4928,11737.391058704798
000d7d20_4929,11737.391058704798
000d7d20_4930,11737.391058704798
000d7d20_4931,11737.365690025272
000d7d20_4932,11737.43379833929
000d7d20_4933,11737.365690025272
000d7d20_4934,11737.365690025272
000d7d20_4935,11737.365690025272
000d7d20_4936,11737.365690025272
000d7d20_4937,11737.43379833929
000d7d20_4938,11737.486612375807
000d7d20_4939,11737.483418992728
000d7d20_4940,11737.678795843163
000d7d20_4941,11737.678795843163
000d7d20_4942,11737.678795843163
000d7d20_4943,11737.746904157182
000d7d20_4944,11737.678795843163
000d7d20_4945,11737.678795843163
000d7d20_4946,11737.678795843163
000d7d20_4947,11737.746904157182
000d7d20_4948,11737.713374604304
000d7d20_4949,11737.645266290285
000d7d20_4950,11737.645266290285
000d7d20_4951,11737.645266290285
000d7d20_4952,11737.645266290285
000d7d20_4953,11737.645266290285
000d7d20_4954,11737.645266290285
000d7d20_4955,11737.645266290285
000d7d20_4956,11737.645266290285
000d7d20_4957,11737.713374604304
000d7d20_4958,11737.645266290285
000d7d20_4959,11737.693588554945
000d7d20_4960,11737.693588554945
000d7d20_4961,11737.693588554945
000d7d20_4962,11737.693588554945
000d7d20_4963,11737.693588554945
000d7d20_4964,11737.693588554945
000d7d20_4965,11737.693588554945
000d7d20_4966,11737.693588554945
000d7d20_4967,11737.691857603766
000d7d20_4968,11737.693588554945
000d7d20_4969,11737.693588554945
000d7d20_4970,11737.693588554945
000d7d20_4971,11737.693588554945
000d7d20_4972,11737.693588554945
000d7d20_4973,11737.693588554945
000d7d20_4974,11737.693588554945
000d7d20_4975,11737.647439586603
000d7d20_4976,11737.704956906675
000d7d20_4977,11737.751105875017
000d7d20_4978,11737.704956906675
000d7d20_4979,11737.704956906675
000d7d20_4980,11737.704956906675
000d7d20_4981,11737.738818065294
000d7d20_4982,11737.738818065294
000d7d20_4983,11737.784967033636
000d7d20_4984,11737.738818065294
000d7d20_4985,11737.784967033636
000d7d20_4986,11737.779229245789
000d7d20_4987,11737.779229245789
000d7d20_4988,11737.825378214131
000d7d20_4989,11737.779229245789
000d7d20_4990,11737.785338947664
000d7d20_4991,11737.843832589431
000d7d20_4992,11737.889981557773
000d7d20_4993,11737.889981557773
000d7d20_4994,11737.843832589431
000d7d20_4995,11737.893581785835
000d7d20_4996,11738.00099069276
000d7d20_4997,11738.00099069276
000d7d20_4998,11738.00099069276
000d7d20_4999,11738.00099069276
000d7d20_5000,11738.037845040004
000d7d20_5001,11738.083994008346
000d7d20_5002,11737.987396229006
000d7d20_5003,11737.987396229006
000d7d20_5004,11738.037845040004
000d7d20_5005,11737.985113374418
000d7d20_5006,11737.985113374418
000d7d20_5007,11737.985113374418
000d7d20_5008,11737.668820449462
000d7d20_5009,11737.752917729566
000d7d20_5010,11737.752917729566
000d7d20_5011,11737.752917729566
000d7d20_5012,11737.752917729566
000d7d20_5013,11737.752917729566
000d7d20_5014,11737.76577089755
000d7d20_5015,11737.880086830424
000d7d20_5016,11738.219974095718
000d7d20_5017,11738.219974095718
000d7d20_5018,11738.181390493544
000d7d20_5019,11738.185538349466
000d7d20_5020,11738.215161381695
000d7d20_5021,11738.215161381695
000d7d20_5022,11738.215161381695
000d7d20_5023,11738.215161381695
000d7d20_5024,11738.202308213711
000d7d20_5025,11738.202308213711
000d7d20_5026,11738.202308213711
000d7d20_5027,11738.215161381695
000d7d20_5028,11738.202308213711
000d7d20_5029,11738.202308213711
000d7d20_5030,11738.215161381695
000d7d20_5031,11738.215161381695
000d7d20_5032,11738.202308213711
000d7d20_5033,11738.202308213711
000d7d20_5034,11738.202308213711
000d7d20_5035,11738.264425467161
000d7d20_5036,11738.264425467161
000d7d20_5037,11738.264425467161
000d7d20_5038,11738.264425467161
000d7d20_5039,11738.56615483097
000d7d20_5040,11738.56615483097
000d7d20_5041,11738.264425467161
000d7d20_5042,11738.26027761124
000d7d20_5043,11738.28600804543
000d7d20_5044,11738.298861213414
000d7d20_5045,11738.28600804543
000d7d20_5046,11738.28600804543
000d7d20_5047,11738.13353421107
000d7d20_5048,11738.13353421107
000d7d20_5049,11738.13353421107
000d7d20_5050,11738.101089076872
000d7d20_5051,11737.799359713063
000d7d20_5052,11737.799359713063
000d7d20_5053,11737.799359713063
000d7d20_5054,11738.101089076872
000d7d20_5055,11738.101089076872
000d7d20_5056,11738.101089076872
000d7d20_5057,11738.101089076872
000d7d20_5058,11738.101089076872
000d7d20_5059,11738.101089076872
000d7d20_5060,11738.101089076872
000d7d20_5061,11737.799359713063
000d7d20_5062,11738.101089076872
000d7d20_5063,11738.101089076872
000d7d20_5064,11738.101089076872
000d7d20_5065,11738.101089076872
000d7d20_5066,11738.555292275041
000d7d20_5067,11738.686328805223
000d7d20_5068,11738.52956184085
000d7d20_5069,11738.512791976606
000d7d20_5070,11738.215210468717
000d7d20_5071,11738.215210468717
000d7d20_5072,11738.215210468717
000d7d20_5073,11738.516939832527
000d7d20_5074,11738.516939832527
000d7d20_5075,11738.516939832527
000d7d20_5076,11738.215210468717
000d7d20_5077,11738.215210468717
000d7d20_5078,11738.20461838166
000d7d20_5079,11738.20461838166
000d7d20_5080,11738.217471549644
000d7d20_5081,11738.217471549644
000d7d20_5082,11738.20461838166
000d7d20_5083,11738.20461838166
000d7d20_5084,11738.217471549644
000d7d20_5085,11738.217471549644
000d7d20_5086,11738.23424141389
000d7d20_5087,11738.23424141389
000d7d20_5088,11738.221388245905
000d7d20_5089,11738.23424141389
000d7d20_5090,11738.23424141389
000d7d20_5091,11738.23424141389
000d7d20_5092,11738.23424141389
000d7d20_5093,11738.29510240949
000d7d20_5094,11738.308407054265
000d7d20_5095,11738.29510240949
000d7d20_5096,11738.29510240949
000d7d20_5097,11738.29510240949
000d7d20_5098,11738.29510240949
000d7d20_5099,11738.29510240949
000d7d20_5100,11738.282249241505
000d7d20_5101,11738.282249241505
000d7d20_5102,11738.583978605315
000d7d20_5103,11738.583978605315
000d7d20_5104,11738.29510240949
000d7d20_5105,11738.23424141389
000d7d20_5106,11738.214903634927
000d7d20_5107,11738.214903634927
000d7d20_5108,11738.214903634927
000d7d20_5109,11738.214903634927
000d7d20_5110,11738.202050466944
000d7d20_5111,11738.214903634927
000d7d20_5112,11738.202050466944
000d7d20_5113,11738.503779830753
000d7d20_5114,11738.453331019755
000d7d20_5115,11738.151601655945
000d7d20_5116,11738.151601655945
000d7d20_5117,11738.16445482393
000d7d20_5118,11738.16445482393
000d7d20_5119,11738.210755779006
000d7d20_5120,11738.236486213196
000d7d20_5121,11737.769429847043
000d7d20_5122,11738.071159210853
000d7d20_5123,11738.42394642344
000d7d20_5124,11738.42394642344
000d7d20_5125,11738.088568590525
000d7d20_5126,11738.103132151671
000d7d20_5127,11738.103132151671
000d7d20_5128,11738.40486151548
000d7d20_5129,11738.40486151548
000d7d20_5130,11738.40486151548
000d7d20_5131,11738.48974907732
000d7d20_5132,11738.552667909908
000d7d20_5133,11738.421631379726
000d7d20_5134,11738.421631379726
000d7d20_5135,11738.421631379726
000d7d20_5136,11738.421631379726
000d7d20_5137,11738.421631379726
000d7d20_5138,11738.421631379726
000d7d20_5139,11738.421631379726
000d7d20_5140,11738.421631379726
000d7d20_5141,11738.421631379726
000d7d20_5142,11738.421631379726
000d7d20_5143,11738.384777032483
000d7d20_5144,11738.384777032483
000d7d20_5145,11738.384777032483
000d7d20_5146,11738.384777032483
000d7d20_5147,11738.277368125557
000d7d20_5148,11738.277368125557
000d7d20_5149,11738.277368125557
000d7d20_5150,11738.227618929153
000d7d20_5151,11738.227618929153
000d7d20_5152,11738.227618929153
000d7d20_5153,11738.227618929153
000d7d20_5154,11737.925889565344
000d7d20_5155,11738.227618929153
000d7d20_5156,11738.227618929153
000d7d20_5157,11738.277368125557
000d7d20_5158,11738.277368125557
000d7d20_5159,11738.277368125557
000d7d20_5160,11738.277368125557
000d7d20_5161,11738.384777032483
000d7d20_5162,11738.384777032483
000d7d20_5163,11738.277368125557
000d7d20_5164,11738.384777032483
000d7d20_5165,11738.083047668673
000d7d20_5166,11738.384777032483
000d7d20_5167,11738.384777032483
000d7d20_5168,11738.384777032483
000d7d20_5169,11738.384777032483
000d7d20_5170,11738.384777032483
000d7d20_5171,11738.372398416801
000d7d20_5172,11738.372398416801
000d7d20_5173,11738.45728597864
000d7d20_5174,11738.349877071714
000d7d20_5175,11738.264989509875
000d7d20_5176,11738.264989509875
000d7d20_5177,11738.264989509875
000d7d20_5178,11738.264989509875
000d7d20_5179,11738.264989509875
000d7d20_5180,11738.215240313471
000d7d20_5181,11738.215240313471
000d7d20_5182,11738.215240313471
000d7d20_5183,11738.215240313471
000d7d20_5184,11738.215240313471
000d7d20_5185,11738.215240313471
000d7d20_5186,11737.913510949662
000d7d20_5187,11738.207334877141
000d7d20_5188,11738.207334877141
000d7d20_5189,11737.905605513331
000d7d20_5190,11738.207334877141
000d7d20_5191,11738.207334877141
000d7d20_5192,11738.207334877141
000d7d20_5193,11738.207334877141
000d7d20_5194,11738.207334877141
000d7d20_5195,11738.207334877141
000d7d20_5196,11738.29222243898
000d7d20_5197,11738.29222243898
000d7d20_5198,11738.29099130982
000d7d20_5199,11738.20610374798
000d7d20_5200,11738.313512654906
000d7d20_5201,11738.313512654906
000d7d20_5202,11738.313512654906
000d7d20_5203,11738.313512654906
000d7d20_5204,11738.313512654906
000d7d20_5205,11738.313512654906
000d7d20_5206,11738.313512654906
000d7d20_5207,11738.313512654906
000d7d20_5208,11738.313512654906
000d7d20_5209,11738.398400216745
000d7d20_5210,11738.313512654906
000d7d20_5211,11738.313512654906
000d7d20_5212,11738.313512654906
000d7d20_5213,11738.398400216745
000d7d20_5214,11738.313512654906
000d7d20_5215,11738.313512654906
000d7d20_5216,11738.313512654906
000d7d20_5217,11738.011783291096
000d7d20_5218,11738.316080569622
000d7d20_5219,11738.316080569622
000d7d20_5220,11738.316080569622
000d7d20_5221,11738.014351205813
000d7d20_5222,11738.014351205813
000d7d20_5223,11738.316080569622
000d7d20_5224,11738.352934916866
000d7d20_5225,11738.051205553056
000d7d20_5226,11738.352934916866
000d7d20_5227,11738.352934916866
000d7d20_5228,11738.352934916866
000d7d20_5229,11738.352934916866
000d7d20_5230,11738.352934916866
000d7d20_5231,11738.352934916866
000d7d20_5232,11738.352934916866
000d7d20_5233,11738.352934916866
000d7d20_5234,11738.352934916866
000d7d20_5235,11738.051205553056
000d7d20_5236,11738.352934916866
000d7d20_5237,11738.352934916866
000d7d20_5238,11738.051205553056
000d7d20_5239,11738.051205553056
000d7d20_5240,11738.051205553056
000d7d20_5241,11738.051205553056
000d7d20_5242,11738.051205553056
000d7d20_5243,11738.352934916866
000d7d20_5244,11738.352934916866
000d7d20_5245,11738.352934916866
000d7d20_5246,11738.352934916866
000d7d20_5247,11738.352934916866
000d7d20_5248,11738.352934916866
000d7d20_5249,11738.051205553056
000d7d20_5250,11738.352934916866
000d7d20_5251,11738.35963688916
000d7d20_5252,11738.490673419341
000d7d20_5253,11738.444524450999
000d7d20_5254,11738.35963688916
000d7d20_5255,11738.35963688916
000d7d20_5256,11738.05790752535
000d7d20_5257,11738.05790752535
000d7d20_5258,11738.35963688916
000d7d20_5259,11738.35963688916
000d7d20_5260,11738.05790752535
000d7d20_5261,11738.35963688916
000d7d20_5262,11738.35963688916
000d7d20_5263,11738.35963688916
000d7d20_5264,11738.05790752535
000d7d20_5265,11738.35963688916
000d7d20_5266,11738.35963688916
000d7d20_5267,11738.35963688916
000d7d20_5268,11738.35963688916
000d7d20_5269,11738.35963688916
000d7d20_5270,11738.35963688916
000d7d20_5271,11738.35963688916
000d7d20_5272,11738.35963688916
000d7d20_5273,11738.322782541916
000d7d20_5274,11738.322782541916
000d7d20_5275,11738.453819072098
000d7d20_5276,11738.407670103756
000d7d20_5277,11738.322782541916
00bbac68_1545,12224.735260945226
00bbac68_1546,12224.735260945226
00bbac68_1547,12224.735260945226
00bbac68_1548,12224.735260945226
00bbac68_1549,12224.735260945226
00bbac68_1550,12224.735260945226
00bbac68_1551,12224.735260945226
00bbac68_1552,12224.735260945226
00bbac68_1553,12224.735260945226
00bbac68_1554,12224.735260945226
00bbac68_1555,12224.735260945226
00bbac68_1556,12224.735260945226
00bbac68_1557,12224.735260945226
00bbac68_1558,12224.735260945226
00bbac68_1559,12224.735260945226
00bbac68_1560,12224.735260945226
00bbac68_1561,12224.735260945226
00bbac68_1562,12224.770693679731
00bbac68_1563,12224.770693679731
00bbac68_1564,12224.770693679731
00bbac68_1565,12224.770693679731
00bbac68_1566,12224.770693679731
00bbac68_1567,12224.770693679731
00bbac68_1568,12224.770693679731
00bbac68_1569,12224.770693679731
00bbac68_1570,12224.770693679731
00bbac68_1571,12224.770693679731
00bbac68_1572,12224.770693679731
00bbac68_1573,12225.060162409163
00bbac68_1574,12225.060162409163
00bbac68_1575,12225.060162409163
00bbac68_1576,12225.060162409163
00bbac68_1577,12225.060162409163
00bbac68_1578,12225.060162409163
00bbac68_1579,12225.060162409163
00bbac68_1580,12225.060162409163
00bbac68_1581,12225.09401243668
00bbac68_1582,12225.128802105719
00bbac68_1583,12225.128802105719
00bbac68_1584,12225.128802105719
00bbac68_1585,12225.128802105719
00bbac68_1586,12225.128802105719
00bbac68_1587,12225.128802105719
00bbac68_1588,12225.128802105719
00bbac68_1589,12225.22726145285
00bbac68_1590,12225.22726145285
00bbac68_1591,12225.242741290063
00bbac68_1592,12225.27566907285
00bbac68_1593,12225.27566907285
00bbac68_1594,12225.27566907285
00bbac68_1595,12225.27566907285
00bbac68_1596,12225.27566907285
00bbac68_1597,12225.27566907285
00bbac68_1598,12225.27566907285
00bbac68_1599,12225.27566907285
00bbac68_1600,12225.27566907285
00bbac68_1601,12225.27566907285
00bbac68_1602,12225.27566907285
00bbac68_1603,12225.27566907285
00bbac68_1604,12225.27566907285
00bbac68_1605,12225.27566907285
00bbac68_1606,12225.27566907285
00bbac68_1607,12225.27566907285
00bbac68_1608,12225.27566907285
00bbac68_1609,12225.27566907285
00bbac68_1610,12225.27566907285
00bbac68_1611,12225.27566907285
00bbac68_1612,12225.27566907285
00bbac68_1613,12225.27566907285
00bbac68_1614,12225.27566907285
00bbac68_1615,12225.27566907285
00bbac68_1616,12225.27566907285
00bbac68_1617,12225.27566907285
00bbac68_1618,12225.27566907285
00bbac68_1619,12225.27566907285
00bbac68_1620,12225.27566907285
00bbac68_1621,12225.45796433119
00bbac68_1622,12225.478374369804
00bbac68_1623,12225.478374369804
00bbac68_1624,12225.478374369804
00bbac68_1625,12225.478374369804
00bbac68_1626,12225.478374369804
00bbac68_1627,12225.554506596869
00bbac68_1628,12225.554506596869
00bbac68_1629,12225.554506596869
00bbac68_1630,12225.554506596869
00bbac68_1631,12225.554506596869
00bbac68_1632,12225.456047249738
00bbac68_1633,12225.456047249738
00bbac68_1634,12225.456047249738
00bbac68_1635,12225.456047249738
00bbac68_1636,12225.456047249738
00bbac68_1637,12225.456047249738
00bbac68_1638,12225.456047249738
00bbac68_1639,12225.423119466952
00bbac68_1640,12225.491477629734
00bbac68_1641,12225.491477629734
00bbac68_1642,12225.491477629734
00bbac68_1643,12225.46535188714
00bbac68_1644,12225.46535188714
00bbac68_1645,12225.46535188714
00bbac68_1646,12225.46535188714
00bbac68_1647,12225.46535188714
00bbac68_1648,12225.46535188714
00bbac68_1649,12225.38055573363
00bbac68_1650,12225.38055573363
00bbac68_1651,12224.902887815448
00bbac68_1652,12224.95836484728
00bbac68_1653,12224.902887815448
00bbac68_1654,12224.902887815448
00bbac68_1655,12224.902887815448
00bbac68_1656,12224.936993228996
00bbac68_1657,12224.902887815448
00bbac68_1658,12224.902887815448
00bbac68_1659,12224.902887815448
00bbac68_1660,12224.943587308007
00bbac68_1661,12224.943587308007
00bbac68_1662,12224.867455080943
00bbac68_1663,12224.867455080943
00bbac68_1664,12224.943587308007
00bbac68_1665,12224.943587308007
00bbac68_1666,12224.943587308007
00bbac68_1667,12224.977437335525
00bbac68_1668,12224.98610126197
00bbac68_1669,12224.98610126197
00bbac68_1670,12224.98610126197
00bbac68_1671,12224.98610126197
00bbac68_1672,12224.98610126197
00bbac68_1673,12224.98610126197
00bbac68_1674,12224.98610126197
00bbac68_1675,12224.98610126197
00bbac68_1676,12224.98610126197
00bbac68_1677,12224.98610126197
00bbac68_1678,12224.909969034905
00bbac68_1679,12224.909969034905
00bbac68_1680,12224.909969034905
00bbac68_1681,12224.925448872118
00bbac68_1682,12224.958376654904
00bbac68_1683,12224.958376654904
00bbac68_1684,12224.958376654904
00bbac68_1685,12224.958376654904
00bbac68_1686,12224.958376654904
00bbac68_1687,12224.958376654904
00bbac68_1688,12224.958376654904
00bbac68_1689,12224.958376654904
00bbac68_1690,12224.958376654904
00bbac68_1691,12224.958376654904
00bbac68_1692,12224.958376654904
00bbac68_1693,12224.958376654904
00bbac68_1694,12224.958376654904
00bbac68_1695,12224.958376654904
00bbac68_1696,12224.958376654904
00bbac68_1697,12224.958376654904
00bbac68_1698,12224.993809389409
00bbac68_1699,12224.993809389409
00bbac68_1700,12224.993809389409
00bbac68_1701,12224.993809389409
00bbac68_1702,12224.993809389409
00bbac68_1703,12224.993809389409
00bbac68_1704,12224.993809389409
00bbac68_1705,12224.993809389409
00bbac68_1706,12225.437627280075
00bbac68_1707,12225.437627280075
00bbac68_1708,12225.437627280075
00bbac68_1709,12225.437627280075
00bbac68_1710,12225.437627280075
00bbac68_1711,12225.437627280075
00bbac68_1712,12225.437627280075
00bbac68_1713,12225.463753022668
00bbac68_1714,12225.463753022668
00bbac68_1715,12225.463753022668
00bbac68_1716,12225.539885249733
00bbac68_1717,12225.539885249733
00bbac68_1718,12225.539885249733
00bbac68_1719,12225.638344596864
00bbac68_1720,12225.638344596864
00bbac68_1721,12225.638344596864
00bbac68_1722,12225.638344596864
00bbac68_1723,12225.638344596864
00bbac68_1724,12225.638344596864
00bbac68_1725,12225.638344596864
00bbac68_1726,12225.638344596864
00bbac68_1727,12225.638344596864
00bbac68_1728,12225.638344596864
00bbac68_1729,12225.638344596864
00bbac68_1730,12226.055728251373
00bbac68_1731,12226.055728251373
00bbac68_1732,12226.055728251373
00bbac68_1733,12226.055728251373
00bbac68_1734,12226.055728251373
00bbac68_1735,12226.055728251373
00bbac68_1736,12226.055728251373
00bbac68_1737,12226.055728251373
00bbac68_1738,12226.055728251373
00bbac68_1739,12226.055728251373
00bbac68_1740,12226.055728251373
00bbac68_1741,12226.428019839112
00bbac68_1742,12226.055728251373
00bbac68_1743,12226.055728251373
00bbac68_1744,12226.055728251373
00bbac68_1745,12226.055728251373
00bbac68_1746,12226.055728251373
00bbac68_1747,12226.055728251373
00bbac68_1748,12226.055728251373
00bbac68_1749,12226.055728251373
00bbac68_1750,12226.055728251373
00bbac68_1751,12226.055728251373
00bbac68_1752,12226.055728251373
00bbac68_1753,12226.055728251373
00bbac68_1754,12226.055728251373
00bbac68_1755,12226.055728251373
00bbac68_1756,12226.055728251373
00bbac68_1757,12226.055728251373
00bbac68_1758,12225.96378601503
00bbac68_1759,12225.96378601503
00bbac68_1760,12225.96378601503
00bbac68_1761,12225.96378601503
00bbac68_1762,12225.96378601503
00bbac68_1763,12225.96378601503
00bbac68_1764,12225.988000506248
00bbac68_1765,12225.988000506248
00bbac68_1766,12225.988000506248
00bbac68_1767,12225.911868279183
00bbac68_1768,12225.911868279183
00bbac68_1769,12225.911868279183
00bbac68_1770,12225.911868279183
00bbac68_1771,12225.911868279183
00bbac68_1772,12225.911868279183
00bbac68_1773,12225.911868279183
00bbac68_1774,12225.911868279183
00bbac68_1775,12225.911868279183
00bbac68_1776,12225.911868279183
00bbac68_1777,12225.911868279183
00bbac68_1778,12225.911868279183
00bbac68_1779,12225.911868279183
00bbac68_1780,12225.911868279183
00bbac68_1781,12225.911868279183
00bbac68_1782,12226.248793270115
00bbac68_1783,12226.248793270115
00bbac68_1784,12226.248793270115
00bbac68_1785,12226.248793270115
00bbac68_1786,12226.248793270115
00bbac68_1787,12226.248793270115
00bbac68_1788,12226.248793270115
00bbac68_1789,12226.248793270115
00bbac68_1790,12226.248793270115
00bbac68_1791,12226.248793270115
00bbac68_1792,12226.248793270115
00bbac68_1793,12226.248793270115
00bbac68_1794,12226.248793270115
00bbac68_1795,12226.248793270115
00bbac68_1796,12226.248793270115
00bbac68_1797,12226.248793270115
00bbac68_1798,12226.248793270115
00bbac68_1799,12226.248793270115
00bbac68_1800,12226.248793270115
00bbac68_1801,12226.278777446176
00bbac68_1802,12226.278777446176
00bbac68_1803,12226.278777446176
00bbac68_1804,12226.278777446176
00bbac68_1805,12226.278777446176
00bbac68_1806,12226.278777446176
00bbac68_1807,12226.278777446176
00bbac68_1808,12226.278777446176
00bbac68_1809,12226.278777446176
00bbac68_1810,12226.278777446176
00bbac68_1811,12226.278777446176
00bbac68_1812,12226.278777446176
00bbac68_1813,12226.278777446176
00bbac68_1814,12226.278777446176
00bbac68_1815,12226.278777446176
00bbac68_1816,12226.278777446176
00bbac68_1817,12226.278777446176
00bbac68_1818,12226.278777446176
00bbac68_1819,12226.278777446176
00bbac68_1820,12226.278777446176
00bbac68_1821,12226.278777446176
00bbac68_1822,12226.278777446176
00bbac68_1823,12226.399278978704
00bbac68_1824,12226.399278978704
00bbac68_1825,12226.399278978704
00bbac68_1826,12226.399278978704
00bbac68_1827,12226.399278978704
00bbac68_1828,12226.399278978704
00bbac68_1829,12226.399278978704
00bbac68_1830,12226.399278978704
00bbac68_1831,12226.399278978704
00bbac68_1832,12226.399278978704
00bbac68_1833,12226.399278978704
00bbac68_1834,12226.399278978704
00bbac68_1835,12226.399278978704
00bbac68_1836,12226.399278978704
00bbac68_1837,12226.399278978704
00bbac68_1838,12226.399278978704
00bbac68_1839,12226.405898529452
00bbac68_1840,12226.405898529452
00bbac68_1841,12226.405898529452
00bbac68_1842,12226.405898529452
00bbac68_1843,12226.485813049248
00bbac68_1844,12226.485813049248
00bbac68_1845,12226.485813049248
00bbac68_1846,12226.485813049248
00bbac68_1847,12226.485813049248
00bbac68_1848,12226.485813049248
00bbac68_1849,12226.485813049248
00bbac68_1850,12226.485813049248
00bbac68_1851,12226.485813049248
00bbac68_1852,12226.485813049248
00bbac68_1853,12226.485813049248
00bbac68_1854,12226.485813049248
00bbac68_1855,12226.104895740375
00bbac68_1856,12226.104895740375
00bbac68_1857,12226.104895740375
00bbac68_1858,12226.104895740375
00bbac68_1859,12226.104895740375
00bbac68_1860,12226.104895740375
00bbac68_1861,12226.104895740375
00bbac68_1862,12226.104895740375
00bbac68_1863,12226.104895740375
00bbac68_1864,12226.104895740375
00bbac68_1865,12226.104895740375
00bbac68_1866,12226.104895740375
00bbac68_1867,12226.864198230081
00bbac68_1868,12226.864198230081
00bbac68_1869,12226.864198230081
00bbac68_1870,12226.864198230081
00bbac68_1871,12226.864198230081
00bbac68_1872,12226.864198230081
00bbac68_1873,12226.864198230081
00bbac68_1874,12226.864198230081
00bbac68_1875,12227.149968340058
00bbac68_1876,12227.149968340058
00bbac68_1877,12227.149968340058
00bbac68_1878,12227.149968340058
00bbac68_1879,12227.149968340058
00bbac68_1880,12227.149968340058
00bbac68_1881,12227.149968340058
00bbac68_1882,12227.149968340058
00bbac68_1883,12227.149968340058
00bbac68_1884,12227.149968340058
00bbac68_1885,12227.149968340058
00bbac68_1886,12226.771435287315
00bbac68_1887,12226.84756751438
00bbac68_1888,12226.84756751438
00bbac68_1889,12226.84756751438
00bbac68_1890,12226.988330198978
00bbac68_1891,12226.988330198978
00bbac68_1892,12226.952510787525
00bbac68_1893,12226.952510787525
00bbac68_1894,12227.026590530779
00bbac68_1895,12227.026590530779
00bbac68_1896,12226.952510787525
00bbac68_1897,12226.952510787525
00bbac68_1898,12226.952510787525
00bbac68_1899,12226.952510787525
00bbac68_1900,12226.952510787525
00bbac68_1901,12226.952510787525
00bbac68_1902,12226.952510787525
00bbac68_1903,12226.952510787525
00bbac68_1904,12226.952510787525
00bbac68_1905,12226.952510787525
00bbac68_1906,12227.011065947898
00bbac68_1907,12227.011065947898
00bbac68_1908,12227.011065947898
00bbac68_1909,12226.934512569336
00bbac68_1910,12226.860432826083
00bbac68_1911,12226.80806864184
00bbac68_1912,12227.245869916442
00bbac68_1913,12227.100035894122
00bbac68_1914,12227.243712534544
00bbac68_1915,12227.243712534544
00bbac68_1916,12227.243712534544
00bbac68_1917,12227.243712534544
00bbac68_1918,12227.243712534544
00bbac68_1919,12227.224937865854
00bbac68_1920,12227.224937865854
00bbac68_1921,12227.224937865854
00bbac68_1922,12227.275571098919
00bbac68_1923,12227.275571098919
00bbac68_1924,12227.275571098919
00bbac68_1925,12227.275571098919
00bbac68_1926,12227.275571098919
00bbac68_1927,12227.275571098919
00bbac68_1928,12227.341308310959
00bbac68_1929,12227.341308310959
00bbac68_1930,12227.341308310959
00bbac68_1931,12227.341308310959
00bbac68_1932,12227.265176083894
00bbac68_1933,12227.280700666775
00bbac68_1934,12227.280700666775
00bbac68_1935,12227.280700666775
00bbac68_1936,12227.280700666775
00bbac68_1937,12227.501054410275
00bbac68_1938,12227.501054410275
00bbac68_1939,12227.501054410275
00bbac68_1940,12227.501054410275
00bbac68_1941,12227.501054410275
00bbac68_1942,12227.501054410275
00bbac68_1943,12227.575134153529
00bbac68_1944,12227.575134153529
00bbac68_1945,12227.536873821728
00bbac68_1946,12227.536873821728
00bbac68_1947,12227.536873821728
00bbac68_1948,12227.536873821728
00bbac68_1949,12227.536873821728
00bbac68_1950,12227.536873821728
00bbac68_1951,12228.01890053762
00bbac68_1952,12228.01890053762
00bbac68_1953,12228.01890053762
00bbac68_1954,12228.01890053762
00bbac68_1955,12228.01890053762
00bbac68_1956,12228.01890053762
00bbac68_1957,12228.01890053762
00bbac68_1958,12227.898989545298
00bbac68_1959,12227.898989545298
00bbac68_1960,12227.800530198167
00bbac68_1961,12228.142955444982
00bbac68_1962,12228.142955444982
00bbac68_1963,12228.116829702389
00bbac68_1964,12228.116829702389
00bbac68_1965,12227.673011811723
00bbac68_1966,12227.673011811723
00bbac68_1967,12227.673011811723
00bbac68_1968,12227.637579077218
00bbac68_1969,12227.637579077218
00bbac68_1970,12227.637579077218
00bbac68_1971,12227.637579077218
00bbac68_1972,12227.637579077218
00bbac68_1973,12227.637579077218
00bbac68_1974,12227.637579077218
00bbac68_1975,12227.370759832382
00bbac68_1976,12227.370759832382
00bbac68_1977,12227.607532966156
00bbac68_1978,12227.51822482987
00bbac68_1979,12227.51822482987
00bbac68_1980,12227.51822482987
00bbac68_1981,12227.51822482987
00bbac68_1982,12227.51822482987
00bbac68_1983,12227.51822482987
00bbac68_1984,12227.51822482987
00bbac68_1985,12227.701174086895
00bbac68_1986,12227.701174086895
00bbac68_1987,12227.701174086895
00bbac68_1988,12227.701174086895
00bbac68_1989,12227.701174086895
00bbac68_1990,12227.701174086895
00bbac68_1991,12227.852858377284
00bbac68_1992,12227.852858377284
00bbac68_1993,12227.852858377284
00bbac68_1994,12227.83334113885
00bbac68_1995,12227.83334113885
00bbac68_1996,12227.852858377284
00bbac68_1997,12227.876326944037
00bbac68_1998,12227.887143110558
00bbac68_1999,12227.887143110558
00bbac68_2000,12227.887143110558
00bbac68_2001,12227.887143110558
00bbac68_2002,12227.887143110558
00bbac68_2003,12227.887143110558
00bbac68_2004,12227.887143110558
00bbac68_2005,12227.887143110558
00bbac68_2006,12227.887143110558
00bbac68_2007,12227.887143110558
00bbac68_2008,12227.887143110558
00bbac68_2009,12227.968372279573
00bbac68_2010,12227.616059076661
00bbac68_2011,12227.616059076661
00bbac68_2012,12227.616059076661
00bbac68_2013,12227.616059076661
00bbac68_2014,12227.616059076661
00bbac68_2015,12227.616059076661
00bbac68_2016,12227.616059076661
00bbac68_2017,12227.616059076661
00bbac68_2018,12227.616059076661
00bbac68_2019,12227.616059076661
00bbac68_2020,12227.616059076661
00bbac68_2021,12227.616059076661
00bbac68_2022,12228.053398605198
00bbac68_2023,12228.05143042899
00bbac68_2024,12227.616059076661
00bbac68_2025,12227.616059076661
00bbac68_2026,12227.616059076661
00bbac68_2027,12227.616059076661
00bbac68_2028,12227.770740369348
00bbac68_2029,12227.770740369348
00bbac68_2030,12227.770740369348
00bbac68_2031,12227.959118594272
00bbac68_2032,12227.959118594272
00bbac68_2033,12227.959118594272
00bbac68_2034,12227.959118594272
00bbac68_2035,12227.959118594272
00bbac68_2036,12227.959118594272
00bbac68_2037,12227.959118594272
00bbac68_2038,12227.839254026134
00bbac68_2039,12227.839254026134
00bbac68_2040,12227.839254026134
00bbac68_2041,12227.839254026134
00bbac68_2042,12228.10607327097
00bbac68_2043,12228.10607327097
00bbac68_2044,12228.10607327097
00bbac68_2045,12228.10607327097
00bbac68_2046,12228.10607327097
00bbac68_2047,12228.10607327097
00bbac68_2048,12228.095257104449
00bbac68_2049,12228.071788537696
00bbac68_2050,12228.071788537696
00bbac68_2051,12228.071788537696
00bbac68_2052,12228.071788537696
00bbac68_2053,12228.071788537696
00bbac68_2054,12228.071788537696
00bbac68_2055,12228.071788537696
00bbac68_2056,12228.119575861958
00bbac68_2057,12228.119575861958
00bbac68_2058,12228.119575861958
00bbac68_2059,12228.119575861958
00bbac68_2060,12228.119575861958
00bbac68_2061,12228.119575861958
00bbac68_2062,12228.119575861958
00bbac68_2063,12228.119575861958
00bbac68_2064,12228.119575861958
00bbac68_2065,12227.634203436563
00bbac68_2066,12227.634203436563
00bbac68_2067,12227.634203436563
00bbac68_2068,12227.634203436563
00bbac68_2069,12227.647392184954
00bbac68_2070,12227.647392184954
00bbac68_2071,12227.647392184954
00bbac68_2072,12227.647392184954
00bbac68_2073,12227.647392184954
00bbac68_2074,12227.647392184954
00bbac68_2075,12227.647392184954
00bbac68_2076,12227.647392184954
00bbac68_2077,12227.647392184954
00bbac68_2078,12227.647392184954
00bbac68_2079,12227.647392184954
00bbac68_2080,12227.791066143569
00bbac68_2081,12227.791066143569
00bbac68_2082,12227.791066143569
00bbac68_2083,12227.791066143569
00bbac68_2084,12227.791066143569
00bbac68_2085,12227.826498878074
00bbac68_2086,12227.826498878074
00bbac68_2087,12227.826498878074
00bbac68_2088,12227.826498878074
00bbac68_2089,12227.793571095288
00bbac68_2090,12227.793571095288
00bbac68_2091,12227.793571095288
00bbac68_2092,12227.84760650052
00bbac68_2093,12228.275944553972
00bbac68_2094,12228.275944553972
00bbac68_2095,12228.275944553972
00bbac68_2096,12228.275944553972
00bbac68_2097,12228.31755013378
00bbac68_2098,12228.31755013378
00bbac68_2099,12228.448937263696
00bbac68_2100,12228.448937263696
00bbac68_2101,12228.448937263696
00bbac68_2102,12228.448937263696
00bbac68_2103,12228.448937263696
00bbac68_2104,12228.448937263696
00bbac68_2105,12228.333095109212
00bbac68_2106,12228.333095109212
00bbac68_2107,12228.333095109212
00bbac68_2108,12228.679337874497
00bbac68_2109,12228.535070808848
00bbac68_2110,12228.535070808848
00bbac68_2111,12228.535070808848
00bbac68_2112,12228.535070808848
00bbac68_2113,12228.535070808848
00bbac68_2114,12228.535070808848
00bbac68_2115,12228.535070808848
00bbac68_2116,12228.535070808848
00bbac68_2117,12228.535070808848
00bbac68_2118,12228.535070808848
00bbac68_2119,12228.535070808848
00bbac68_2120,12228.535070808848
00bbac68_2121,12228.535070808848
00bbac68_2122,12228.535070808848
00bbac68_2123,12228.535070808848
00bbac68_2124,12228.535070808848
00bbac68_2125,12228.535070808848
00bbac68_2126,12228.535070808848
00bbac68_2127,12228.535070808848
00bbac68_2128,12228.542557957746
00bbac68_2129,12228.542557957746
00bbac68_2130,12228.542557957746
00bbac68_2131,12228.542557957746
00bbac68_2132,12228.542557957746
00bbac68_2133,12228.542557957746
00bbac68_2134,12228.542557957746
00bbac68_2135,12228.542557957746
00bbac68_2136,12228.542557957746
00bbac68_2137,12228.542557957746
00bbac68_2138,12228.542557957746
00bbac68_2139,12228.542557957746
00bbac68_2140,12228.542557957746
00bbac68_2141,12228.542557957746
00bbac68_2142,12228.542557957746
00bbac68_2143,12228.542557957746
00bbac68_2144,12228.520384111622
00bbac68_2145,12228.520384111622
00bbac68_2146,12228.520384111622
00bbac68_2147,12228.520384111622
00bbac68_2148,12228.520384111622
00bbac68_2149,12228.520384111622
00bbac68_2150,12228.520384111622
00bbac68_2151,12228.520384111622
00bbac68_2152,12228.520384111622
00bbac68_2153,12228.354114744065
00bbac68_2154,12228.322088834548
00bbac68_2155,12228.322088834548
00bbac68_2156,12228.322088834548
00bbac68_2157,12228.322088834548
00bbac68_2158,12228.322088834548
00bbac68_2159,12228.322088834548
00bbac68_2160,12228.322088834548
00bbac68_2161,12228.322088834548
00bbac68_2162,12228.322088834548
00bbac68_2163,12228.322088834548
00bbac68_2164,12228.322088834548
00bbac68_2165,12228.322088834548
00bbac68_2166,12228.223629487416
00bbac68_2167,12228.24709805417
00bbac68_2168,12228.24709805417
00bbac68_2169,12228.24709805417
00bbac68_2170,12228.220972311576
00bbac68_2171,12228.231788478097
00bbac68_2172,12228.272362044714
00bbac68_2173,12228.272362044714
00bbac68_2174,12227.828544154048
00bbac68_2175,12227.828544154048
00bbac68_2176,12227.828544154048
00bbac68_2177,12227.828544154048
00bbac68_2178,12227.828544154048
00bbac68_2179,12227.827072106042
00bbac68_2180,12227.827072106042
00bbac68_2181,12227.827072106042
00bbac68_2182,12227.852717925709
00bbac68_2183,12227.873332696698
00bbac68_2184,12227.873332696698
00bbac68_2185,12227.873332696698
00bbac68_2186,12227.873332696698
00bbac68_2187,12227.900876060328
00bbac68_2188,12227.900876060328
00bbac68_2189,12227.900876060328
00bbac68_2190,12227.900876060328
00bbac68_2191,12227.89914510915
00bbac68_2192,12227.884115245297
00bbac68_2193,12227.67751548453
00bbac68_2194,12227.67751548453
00bbac68_2195,12227.732992516363
00bbac68_2196,12228.196420525668
00bbac68_2197,12228.196420525668
00bbac68_2198,12228.196420525668
00bbac68_2199,12227.732992516363
00bbac68_2200,12227.67751548453
00bbac68_2201,12227.67751548453
00bbac68_2202,12227.67751548453
00bbac68_2203,12227.67751548453
00bbac68_2204,12227.67751548453
00bbac68_2205,12228.011464416079
00bbac68_2206,12228.011464416079
00bbac68_2207,12228.011464416079
00bbac68_2208,12228.011464416079
00bbac68_2209,12228.011464416079
00bbac68_2210,12227.961679937885
00bbac68_2211,12227.961679937885
00bbac68_2212,12227.961679937885
00bbac68_2213,12227.961679937885
00bbac68_2214,12227.961679937885
00bbac68_2215,12227.961679937885
00bbac68_2216,12227.961679937885
00bbac68_2217,12228.201813877911
00bbac68_2218,12227.961679937885
00bbac68_2219,12227.961679937885
00bbac68_2220,12227.961679937885
00bbac68_2221,12227.963755203296
00bbac68_2222,12227.943140432308
00bbac68_2223,12227.91749461264
00bbac68_2224,12227.926705524216
00bbac68_2225,12228.370523414882
00bbac68_2226,12228.41586226695
00bbac68_2227,12228.41586226695
00bbac68_2228,12228.41586226695
00bbac68_2229,12228.41586226695
00bbac68_2230,12228.334321808175
00bbac68_2231,12228.574337680457
00bbac68_2232,12228.574337680457
00bbac68_2233,12228.649482727831
00bbac68_2234,12228.649482727831
00bbac68_2235,12228.649482727831
00bbac68_2236,12228.640271816255
00bbac68_2237,12228.640271816255
00bbac68_2238,12228.640271816255
00bbac68_2239,12228.640271816255
00bbac68_2240,12228.640271816255
00bbac68_2241,12228.640271816255
00bbac68_2242,12228.640271816255
00bbac68_2243,12228.649482727831
00bbac68_2244,12228.649482727831
00bbac68_2245,12228.584412270156
00bbac68_2246,12228.584412270156
00bbac68_2247,12228.584412270156
00bbac68_2248,12228.584412270156
00bbac68_2249,12228.584412270156
00bbac68_2250,12228.584412270156
00bbac68_2251,12228.584412270156
00bbac68_2252,12228.584412270156
00bbac68_2253,12228.584412270156
00bbac68_2254,12228.584412270156
00bbac68_2255,12228.584412270156
00bbac68_2256,12228.94008895324
00bbac68_2257,12228.94008895324
00bbac68_2258,12228.94008895324
00bbac68_2259,12228.94008895324
00bbac68_2260,12228.94008895324
00bbac68_2261,12228.94008895324
00bbac68_2262,12228.94008895324
00bbac68_2263,12228.94008895324
00bbac68_2264,12228.94008895324
00bbac68_2265,12228.857615887138
00bbac68_2266,12228.857615887138
00bbac68_2267,12228.857615887138
00bbac68_2268,12228.857615887138
00bbac68_2269,12228.857615887138
00bbac68_2270,12228.681435188304
00bbac68_2271,12228.681435188304
00bbac68_2272,12228.681435188304
00bbac68_2273,12228.681435188304
00bbac68_2274,12228.676434051577
00bbac68_2275,12228.676434051577
00bbac68_2276,12228.594470115624
00bbac68_2277,12228.594470115624
00bbac68_2278,12228.72498613718
00bbac68_2279,12228.822236985134
00bbac68_2280,12228.822236985134
00bbac68_2281,12228.811420818613
00bbac68_2282,12229.720816797764
00bbac68_2283,12229.77288712049
00bbac68_2284,12229.720816797764
00bbac68_2285,12229.112695825133
00bbac68_2286,12229.112695825133
00bbac68_2287,12229.008535501178
00bbac68_2288,12228.999145102916
00bbac68_2289,12229.019759873905
00bbac68_2290,12229.053117342999
00bbac68_2291,12229.053117342999
00bbac68_2292,12229.053117342999
00bbac68_2293,12229.053117342999
00bbac68_2294,12229.053117342999
00bbac68_2295,12229.053117342999
00bbac68_2296,12229.053117342999
00bbac68_2297,12229.053117342999
00bbac68_2298,12228.969995697078
00bbac68_2299,12228.969995697078
00bbac68_2300,12228.969995697078
00bbac68_2301,12228.969995697078
00bbac68_2302,12229.473361470336
00bbac68_2303,12228.969995697078
00bbac68_2304,12229.02488746519
00bbac68_2305,12229.02488746519
00bbac68_2306,12229.02488746519
00bbac68_2307,12229.02488746519
00bbac68_2308,12229.02488746519
00bbac68_2309,12229.02488746519
00bbac68_2310,12229.02488746519
00bbac68_2311,12229.02488746519
00bbac68_2312,12229.091845087181
00bbac68_2313,12229.091845087181
00bbac68_2314,12229.091845087181
00bbac68_2315,12229.023156514011
00bbac68_2316,12229.02488746519
00bbac68_2317,12229.02488746519
00bbac68_2318,12229.02488746519
00bbac68_2319,12228.926428118059
00bbac68_2320,12228.926428118059
00bbac68_2321,12228.900302375465
00bbac68_2322,12228.900302375465
00bbac68_2323,12228.900302375465
00bbac68_2324,12228.4564844848
00bbac68_2325,12228.4564844848
00bbac68_2326,12228.4564844848
00bbac68_2327,12228.4564844848
00bbac68_2328,12228.421051750294
00bbac68_2329,12228.419320799116
00bbac68_2330,12228.488009372286
00bbac68_2331,12228.496358391547
00bbac68_2332,12228.421051750294
00bbac68_2333,12228.421051750294
00bbac68_2334,12228.421051750294
00bbac68_2335,12228.356099338123
00bbac68_2336,12228.173067516136
00bbac68_2337,12228.139710047042
00bbac68_2338,12228.206668890367
00bbac68_2339,12228.160408299711
00bbac68_2340,12228.138449059954
00bbac68_2341,12228.14765997153
00bbac68_2342,12228.202732265774
00bbac68_2343,12228.202732265774
00bbac68_2344,12228.202732265774
00bbac68_2345,12228.202732265774
00bbac68_2346,12228.202732265774
00bbac68_2347,12228.202732265774
00bbac68_2348,12228.202732265774
00bbac68_2349,12228.202732265774
00bbac68_2350,12228.392246647958
00bbac68_2351,12228.392246647958
00bbac68_2352,12228.392246647958
00bbac68_2353,12228.392246647958
00bbac68_2354,12228.392246647958
00bbac68_2355,12228.393384022913
00bbac68_2356,12228.44545434564
00bbac68_2357,12228.44545434564
00bbac68_2358,12228.44545434564
00bbac68_2359,12228.44545434564
00bbac68_2360,12228.44545434564
00bbac68_2361,12228.44545434564
00bbac68_2362,12228.44545434564
00bbac68_2363,12228.44545434564
00bbac68_2364,12228.82451658767
00bbac68_2365,12228.82451658767
00bbac68_2366,12228.82451658767
00bbac68_2367,12228.273117864115
00bbac68_2368,12228.273117864115
00bbac68_2369,12228.273117864115
00bbac68_2370,12228.273117864115
00bbac68_2371,12228.273117864115
00bbac68_2372,12228.273117864115
00bbac68_2373,12228.273117864115
00bbac68_2374,12228.292837720172
00bbac68_2375,12228.292837720172
00bbac68_2376,12228.292837720172
00bbac68_2377,12228.292837720172
00bbac68_2378,12228.292837720172
00bbac68_2379,12228.32932143698
00bbac68_2380,12228.32932143698
00bbac68_2381,12228.32932143698
00bbac68_2382,12228.32932143698
00bbac68_2383,12228.32932143698
00bbac68_2384,12228.32932143698
00bbac68_2385,12228.32932143698
00bbac68_2386,12228.32932143698
00bbac68_2387,12228.277251114254
00bbac68_2388,12228.277251114254
00bbac68_2389,12228.277251114254
00bbac68_2390,12228.62734554399
00bbac68_2391,12228.62734554399
00bbac68_2392,12228.62734554399
00bbac68_2393,12228.62734554399
00bbac68_2394,12228.62734554399
00bbac68_2395,12228.67576677568
00bbac68_2396,12228.67576677568
00bbac68_2397,12228.67576677568
00bbac68_2398,12228.67576677568
00bbac68_2399,12228.67576677568
00bbac68_2400,12228.67576677568
00bbac68_2401,12228.67576677568
00bbac68_2402,12228.67576677568
00bbac68_2403,12228.749133419045
00bbac68_2404,12228.749133419045
00bbac68_2405,12228.749133419045
00bbac68_2406,12228.749133419045
00bbac68_2407,12228.749133419045
00bbac68_2408,12228.749133419045
00bbac68_2409,12228.749133419045
00bbac68_2410,12228.749133419045
00bbac68_2411,12228.971000005506
00bbac68_2412,12228.771092658802
00bbac68_2413,12228.771092658802
00bbac68_2414,12228.771092658802
00bbac68_2415,12228.72544619107
00bbac68_2416,12228.972841445964
00bbac68_2417,12228.972841445964
00bbac68_2418,12229.063987924465
00bbac68_2419,12229.063987924465
00bbac68_2420,12229.063987924465
00bbac68_2421,12229.285854510925
00bbac68_2422,12229.063987924465
00bbac68_2423,12229.11024851512
00bbac68_2424,12229.11024851512
00bbac68_2425,12229.11024851512
00bbac68_2426,12229.11024851512
00bbac68_2427,12229.11024851512
00bbac68_2428,12229.131048532123
00bbac68_2429,12228.673188851804
00bbac68_2430,12228.673188851804
00bbac68_2431,12228.673188851804
00bbac68_2432,12228.706546320898
00bbac68_2433,12229.150364211564
00bbac68_2434,12229.150364211564
00bbac68_2435,12229.146295149938
00bbac68_2436,12229.146295149938
00bbac68_2437,12229.112937680844
00bbac68_2438,12229.118448652449
00bbac68_2439,12229.118448652449
00bbac68_2440,12229.118448652449
00bbac68_2441,12229.118448652449
00bbac68_2442,12229.118448652449
00bbac68_2443,12229.118448652449
00bbac68_2444,12229.118448652449
00bbac68_2445,12228.97425327377
00bbac68_2446,12228.985083286194
00bbac68_2447,12229.166793697743
00bbac68_2448,12229.315293640837
00bbac68_2449,12229.091696103198
00bbac68_2450,12229.093427054377
00bbac68_2451,12229.093427054377
00bbac68_2452,12229.176034815628
00bbac68_2453,12229.176034815628
00bbac68_2454,12229.207053208598
00bbac68_2455,12229.207053208598
00bbac68_2456,12229.207053208598
00bbac68_2457,12229.207053208598
00bbac68_2458,12229.207053208598
00bbac68_2459,12229.207053208598
00bbac68_2460,12228.892087391776
00bbac68_2461,12228.892087391776
00bbac68_2462,12228.892087391776
00bbac68_2463,12228.892087391776
00bbac68_2464,12228.892087391776
00bbac68_2465,12228.892087391776
00bbac68_2466,12228.892087391776
00bbac68_2467,12228.892087391776
00bbac68_2468,12228.892087391776
00bbac68_2469,12228.892087391776
00bbac68_2470,12228.965454035142
00bbac68_2471,12228.892087391776
00bbac68_2472,12228.892087391776
00bbac68_2473,12228.892087391776
00bbac68_2474,12228.881271225255
00bbac68_2475,12228.933341547981
00bbac68_2476,12228.933341547981
00bbac68_2477,12229.26515524794
00bbac68_2478,12229.239029505346
00bbac68_2479,12229.239029505346
00bbac68_2480,12229.239029505346
00bbac68_2481,12229.239029505346
00bbac68_2482,12229.239029505346
00bbac68_2483,12229.239029505346
00bbac68_2484,12229.239029505346
00bbac68_2485,12229.239029505346
00bbac68_2486,12229.172508586376
00bbac68_2487,12228.72869069571
00bbac68_2488,12228.72869069571
00bbac68_2489,12228.72869069571
00bbac68_2490,12228.72869069571
00bbac68_2491,12228.72869069571
00bbac68_2492,12228.86148292847
00bbac68_2493,12228.86148292847
00bbac68_2494,12228.86148292847
00bbac68_2495,12228.86148292847
00bbac68_2496,12228.826050193966
00bbac68_2497,12228.826050193966
00bbac68_2498,12228.826050193966
00bbac68_2499,12228.826050193966
00bbac68_2500,12228.826050193966
00bbac68_2501,12228.826050193966
00bbac68_2502,12228.826050193966
00bbac68_2503,12228.826050193966
00bbac68_2504,12228.758064396305
00bbac68_2505,12228.758064396305
00bbac68_2506,12228.758064396305
00bbac68_2507,12228.987961773024
00bbac68_2508,12228.987961773024
00bbac68_2509,12228.987961773024
00bbac68_2510,12228.987961773024
00bbac68_2511,12228.987961773024
00bbac68_2512,12228.836859241912
00bbac68_2513,12228.80038340982
00bbac68_2514,12228.80038340982
00bbac68_2515,12228.80038340982
00bbac68_2516,12228.80038340982
00bbac68_2517,12228.80038340982
00bbac68_2518,12228.80038340982
00bbac68_2519,12228.80038340982
00bbac68_2520,12228.80038340982
00bbac68_2521,12228.80038340982
00bbac68_2522,12228.80038340982
00bbac68_2523,12228.635033395189
00bbac68_2524,12228.635033395189
00bbac68_2525,12228.635033395189
00bbac68_2526,12228.635033395189
00bbac68_2527,12228.635033395189
00bbac68_2528,12228.635033395189
00bbac68_2529,12228.799118369981
00bbac68_2530,12228.799118369981
00bbac68_2531,12228.831230857142
00bbac68_2532,12228.85687667681
00bbac68_2533,12228.85687667681
00bbac68_2534,12228.85687667681
00bbac68_2535,12228.85687667681
00bbac68_2536,12228.791738847887
00bbac68_2537,12228.791738847887
00bbac68_2538,12228.791738847887
00bbac68_2539,12228.76977960813
00bbac68_2540,12228.76977960813
00bbac68_2541,12228.76977960813
00bbac68_2542,12228.76977960813
00bbac68_2543,12228.791738847887
00bbac68_2544,12228.758811065101
00bbac68_2545,12228.758811065101
00bbac68_2546,12228.758811065101
00bbac68_2547,12228.758811065101
00bbac68_2548,12228.758811065101
00bbac68_2549,12228.758811065101
00bbac68_2550,12228.772180355394
00bbac68_2551,12228.75670051818
00bbac68_2552,12228.75670051818
00bbac68_2553,12228.772180355394
00bbac68_2554,12228.772180355394
00bbac68_2555,12228.772180355394
00bbac68_2556,12229.209225789871
00bbac68_2557,12229.354693964811
00bbac68_2558,12229.048728300311
00bbac68_2559,12228.9466801189
00bbac68_2560,12228.9466801189
00bbac68_2561,12228.9466801189
00bbac68_2562,12228.9466801189
00bbac68_2563,12229.007993047571
00bbac68_2564,12229.007993047571
00bbac68_2565,12229.007993047571
00bbac68_2566,12229.007993047571
00bbac68_2567,12229.007993047571
00bbac68_2568,12229.054284584663
00bbac68_2569,12229.054284584663
00bbac68_2570,12229.054284584663
00bbac68_2571,12229.054284584663
00bbac68_2572,12229.054284584663
00bbac68_2573,12229.054284584663
00bbac68_2574,12229.219634599294
00bbac68_2575,12229.219634599294
00bbac68_2576,12229.219634599294
00bbac68_2577,12229.219634599294
00bbac68_2578,12229.219634599294
00bbac68_2579,12229.219634599294
00bbac68_2580,12229.219634599294
00bbac68_2581,12229.219634599294
00bbac68_2582,12229.270661496272
00bbac68_2583,12229.322731818998
00bbac68_2584,12229.322731818998
00bbac68_2585,12229.130520366953
00bbac68_2586,12229.130520366953
00bbac68_2587,12229.130520366953
00bbac68_2588,12229.130520366953
00bbac68_2589,12229.36213872431
00bbac68_2590,12229.36213872431
00bbac68_2591,12229.36213872431
00bbac68_2592,12229.36213872431
00bbac68_2593,12229.376821245056
00bbac68_2594,12229.376821245056
00bbac68_2595,12229.376821245056
00bbac68_2596,12229.376821245056
00bbac68_2597,12229.376821245056
00bbac68_2598,12229.376821245056
00bbac68_2599,12229.376821245056
00bbac68_2600,12229.376821245056
00bbac68_2601,12229.376821245056
00bbac68_2602,12229.376821245056
00bbac68_2603,12229.376821245056
00bbac68_2604,12229.376821245056
00bbac68_2605,12229.376821245056
00bbac68_2606,12229.428287196166
00bbac68_2607,12229.428287196166
00bbac68_2608,12229.428287196166
00bbac68_2609,12229.428287196166
00bbac68_2610,12229.428287196166
00bbac68_2611,12229.336922989001
00bbac68_2612,12229.336922989001
00bbac68_2613,12229.336922989001
00bbac68_2614,12229.336922989001
00bbac68_2615,12229.336922989001
00bbac68_2616,12229.336922989001
00bbac68_2617,12229.336922989001
00bbac68_2618,12229.336922989001
00bbac68_2619,12229.336922989001
00bbac68_2620,12229.336922989001
00bbac68_2621,12229.336922989001
00bbac68_2622,12229.56004717937
00bbac68_2623,12229.56004717937
00bbac68_2624,12229.56004717937
00bbac68_2625,12229.56004717937
00bbac68_2626,12229.56004717937
00bbac68_2627,12229.56004717937
00bbac68_2628,12229.56004717937
00bbac68_2629,12229.56004717937
00bbac68_2630,12229.301596139747
00bbac68_2631,12229.301596139747
00bbac68_2632,12229.301596139747
00bbac68_2633,12229.301596139747
00bbac68_2634,12229.301596139747
00bbac68_2635,12229.301596139747
00bbac68_2636,12229.301596139747
00bbac68_2637,12229.128655534552
00bbac68_2638,12229.128655534552
00bbac68_2639,12229.128655534552
00bbac68_2640,12229.128655534552
00bbac68_2641,12229.128655534552
00bbac68_2642,12229.128655534552
00bbac68_2643,12229.128655534552
00bbac68_2644,12229.068115607372
00bbac68_2645,12229.068115607372
00bbac68_2646,12229.068115607372
00bbac68_2647,12229.068115607372
00bbac68_2648,12229.068115607372
00bbac68_2649,12229.068115607372
00bbac68_2650,12229.068115607372
00bbac68_2651,12229.068115607372
00bbac68_2652,12229.24218853585
00bbac68_2653,12229.24218853585
00bbac68_2654,12229.24218853585
00bbac68_2655,12229.24218853585
00bbac68_2656,12229.07683852122
00bbac68_2657,12229.07683852122
00bbac68_2658,12229.07683852122
00bbac68_2659,12229.07683852122
00bbac68_2660,12229.07683852122
00bbac68_2661,12229.07683852122
00bbac68_2662,12229.07683852122
00bbac68_2663,12229.0316604712
00bbac68_2664,12228.77672183097
00bbac68_2665,12228.77672183097
00bbac68_2666,12228.77672183097
00bbac68_2667,12228.77672183097
00bbac68_2668,12228.77672183097
00bbac68_2669,12228.77672183097
00bbac68_2670,12228.77672183097
00bbac68_2671,12228.77672183097
00bbac68_2672,12228.77672183097
00bbac68_2673,12228.678576203332
00bbac68_2674,12228.678576203332
00bbac68_2675,12228.692814780265
00bbac68_2676,12228.678576203332
00bbac68_2677,12228.678576203332
00bbac68_2678,12228.678576203332
00bbac68_2679,12228.678576203332
00bbac68_2680,12228.711147937724
00bbac68_2681,12228.796164308658
00bbac68_2682,12228.796164308658
00bbac68_2683,12228.796164308658
00bbac68_2684,12228.796164308658
00bbac68_2685,12228.796164308658
00bbac68_2686,12228.847531184832
00bbac68_2687,12228.847531184832
00bbac68_2688,12228.89344771551
00bbac68_2689,12228.70320763667
00bbac68_2690,12228.70320763667
00bbac68_2691,12228.717446213603
00bbac68_2692,12228.717446213603
00bbac68_2693,12228.70320763667
00bbac68_2694,12228.70320763667
00bbac68_2695,12228.70320763667
00bbac68_2696,12228.70320763667
00bbac68_2697,12228.70320763667
00bbac68_2698,12228.70320763667
00bbac68_2699,12228.70320763667
00bbac68_2700,12228.70320763667
00bbac68_2701,12228.70320763667
00bbac68_2702,12228.70320763667
00bbac68_2703,12228.70320763667
00bbac68_2704,12228.70320763667
00bbac68_2705,12228.703758612928
00bbac68_2706,12228.703758612928
00bbac68_2707,12228.703758612928
00bbac68_2708,12228.703758612928
00bbac68_2709,12228.703758612928
00bbac68_2710,12228.703758612928
00bbac68_2711,12228.311530857774
00bbac68_2712,12228.245028723908
00bbac68_2713,12228.401994349482
00bbac68_2714,12228.230791309734
00bbac68_2715,12228.401994349482
00bbac68_2716,12228.401994349482
00bbac68_2717,12228.401266539093
00bbac68_2718,12228.401266539093
00bbac68_2719,12228.401266539093
00bbac68_2720,12228.401266539093
00bbac68_2721,12228.401266539093
00bbac68_2722,12228.401266539093
00bbac68_2723,12228.349196216366
00bbac68_2724,12228.295205452992
00bbac68_2725,12228.43520152031
00bbac68_2726,12228.433054490966
00bbac68_2727,12228.295208920312
00bbac68_2728,12228.46641196006
00bbac68_2729,12228.46641196006
00bbac68_2730,12228.462504784138
00bbac68_2731,12228.462504784138
00bbac68_2732,12228.429417951846
00bbac68_2733,12228.258214912097
00bbac68_2734,12228.258214912097
00bbac68_2735,12228.258214912097
00bbac68_2736,12228.664896583126
00bbac68_2737,12228.510227694978
00bbac68_2738,12228.510227694978
00bbac68_2739,12228.510227694978
00bbac68_2740,12228.510227694978
00bbac68_2741,12229.275069264699
00bbac68_2742,12229.275069264699
00bbac68_2743,12229.10386622495
00bbac68_2744,12229.269216239582
00bbac68_2745,12229.593526121344
00bbac68_2746,12229.593526121344
00bbac68_2747,12229.422323081595
00bbac68_2748,12229.489280703587
00bbac68_2749,12229.295514026406
00bbac68_2750,12229.295514026406
00bbac68_2751,12229.494869045913
00bbac68_2752,12229.42938826659
00bbac68_2753,12229.065818759136
00bbac68_2754,12228.998861137145
00bbac68_2755,12228.998861137145
00bbac68_2756,12228.973252675662
00bbac68_2757,12228.973252675662
00bbac68_2758,12228.973252675662
00bbac68_2759,12229.204348152407
00bbac68_2760,12229.210123625387
00bbac68_2761,12229.27708124738
00bbac68_2762,12229.210123625387
00bbac68_2763,12229.381326665136
00bbac68_2764,12229.381326665136
00bbac68_2765,12229.37345643998
00bbac68_2766,12229.544659479729
00bbac68_2767,12229.535995553284
00bbac68_2768,12229.535995553284
00bbac68_2769,12229.535995553284
00bbac68_2770,12229.364792513536
00bbac68_2771,12228.962842497785
00bbac68_2772,12229.19165765055
00bbac68_2773,12229.187750474628
00bbac68_2774,12229.257324577866
00bbac68_2775,12229.052764069023
00bbac68_2776,12229.02198331558
00bbac68_2777,12228.950347765554
00bbac68_2778,12228.950347765554
00bbac68_2779,12229.175541568677
00bbac68_2780,12229.175541568677
00bbac68_2781,12229.175541568677
00bbac68_2782,12229.224401511306
00bbac68_2783,12229.224401511306
00bbac68_2784,12229.175541568677
00bbac68_2785,12229.175541568677
00bbac68_2786,12229.175541568677
00bbac68_2787,12229.227611891403
00bbac68_2788,12229.673090335044
00bbac68_2789,12229.721950277673
00bbac68_2790,12229.55548012652
00bbac68_2791,12229.475834885938
00bbac68_2792,12229.30463184619
00bbac68_2793,12229.30463184619
00bbac68_2794,12229.30463184619
00bbac68_2795,12229.360970218431
00bbac68_2796,12229.53217325818
00bbac68_2797,12229.766256188272
00bbac68_2798,12229.717396245642
00bbac68_2799,12229.546193205893
00bbac68_2800,12229.546193205893
00bbac68_2801,12229.546193205893
00bbac68_2802,12229.546193205893
00bbac68_2803,12230.049810461585
00bbac68_2804,12230.049810461585
00bbac68_2805,12229.997740138859
00bbac68_2806,12230.023865881452
00bbac68_2807,12229.990938098666
00bbac68_2808,12230.043008421393
00bbac68_2809,12229.675787824159
00bbac68_2810,12229.698295941864
00bbac68_2811,12229.698295941864
00bbac68_2812,12229.698295941864
00bbac68_2813,12229.698295941864
00bbac68_2814,12229.698295941864
00bbac68_2815,12229.675787824159
00bbac68_2816,12229.667123897714
00bbac68_2817,12229.68963201542
00bbac68_2818,12229.68963201542
00bbac68_2819,12229.698295941864
00bbac68_2820,12229.698295941864
00bbac68_2821,12229.698295941864
00bbac68_2822,12229.869498981612
00bbac68_2823,12229.698295941864
00bbac68_2824,12229.68963201542
00bbac68_2825,12229.70616616702
00bbac68_2826,12229.336548418554
00bbac68_2827,12229.336548418554
00bbac68_2828,12229.31042267596
00bbac68_2829,12229.054237518183
00bbac68_2830,12229.136282609898
00bbac68_2831,12229.329993767351
00bbac68_2832,12229.158790727603
00bbac68_2833,12229.405820230211
00bbac68_2834,12229.412407345386
00bbac68_2835,12229.38989922768
00bbac68_2836,12229.403743418941
00bbac68_2837,12229.249074530793
00bbac68_2838,12229.249074530793
00bbac68_2839,12229.403743418941
00bbac68_2840,12229.381235301236
00bbac68_2841,12229.381235301236
00bbac68_2842,12229.3511503239
00bbac68_2843,12229.522353363649
00bbac68_2844,12229.522353363649
00bbac68_2845,12229.3511503239
00bbac68_2846,12229.3511503239
00bbac68_2847,12229.522353363649
00bbac68_2848,12229.522353363649
00bbac68_2849,12229.22893528593
00bbac68_2850,12228.78345684229
00bbac68_2851,12228.779460330186
00bbac68_2852,12228.7949401674
00bbac68_2853,12228.827867950185
00bbac68_2854,12228.999070989934
00bbac68_2855,12228.999070989934
00bbac68_2856,12228.827867950185
00bbac68_2857,12228.827867950185
00bbac68_2858,12228.999070989934
00bbac68_2859,12228.827867950185
00bbac68_2860,12228.80535983248
00bbac68_2861,12228.975777095435
00bbac68_2862,12228.99828521314
00bbac68_2863,12229.169488252888
00bbac68_2864,12229.169488252888
00bbac68_2865,12228.975777095435
00bbac68_2866,12228.99828521314
00bbac68_2867,12228.99828521314
00bbac68_2868,12229.169488252888
00bbac68_2869,12229.218348195518
00bbac68_2870,12229.218348195518
00bbac68_2871,12229.169488252888
00bbac68_2872,12229.156523585616
00bbac68_2873,12228.67501743827
00bbac68_2874,12228.895080420649
00bbac68_2875,12229.112716060563
00bbac68_2876,12229.112716060563
00bbac68_2877,12229.112716060563
00bbac68_2878,12229.112716060563
00bbac68_2879,12229.078094694865
00bbac68_2880,12229.063856117933
00bbac68_2881,12228.971543920406
00bbac68_2882,12228.949035802701
00bbac68_2883,12228.949035802701
00bbac68_2884,12228.971543920406
00bbac68_2885,12228.971543920406
00bbac68_2886,12228.971543920406
00bbac68_2887,12229.003834500385
00bbac68_2888,12229.003834500385
00bbac68_2889,12229.003834500385
00bbac68_2890,12229.013820699362
00bbac68_2891,12229.013820699362
00bbac68_2892,12229.18502373911
00bbac68_2893,12229.18502373911
00bbac68_2894,12229.18502373911
00bbac68_2895,12229.217314319088
00bbac68_2896,12229.217314319088
00bbac68_2897,12229.04611127934
00bbac68_2898,12229.023603161635
00bbac68_2899,12229.04611127934
00bbac68_2900,12229.217314319088
00bbac68_2901,12229.217314319088
00bbac68_2902,12229.217314319088
00bbac68_2903,12229.013183496554
00bbac68_2904,12229.013183496554
00bbac68_2905,12229.16890669909
00bbac68_2906,12228.939319889389
00bbac68_2907,12228.76811684964
00bbac68_2908,12228.76811684964
00bbac68_2909,12228.76811684964
00bbac68_2910,12228.783596686853
00bbac68_2911,12228.767114322478
00bbac68_2912,12228.699852913642
00bbac68_2913,12228.699852913642
00bbac68_2914,12229.10566298073
00bbac68_2915,12229.083154863025
00bbac68_2916,12229.083154863025
00bbac68_2917,12229.083154863025
00bbac68_2918,12229.206916513976
00bbac68_2919,12229.378119553725
00bbac68_2920,12229.378119553725
00bbac68_2921,12229.378119553725
00bbac68_2922,12229.206916513976
00bbac68_2923,12229.206916513976
00bbac68_2924,12229.184408396271
00bbac68_2925,12229.184408396271
00bbac68_2926,12229.206916513976
00bbac68_2927,12229.206916513976
00bbac68_2928,12229.378119553725
00bbac68_2929,12229.36945562728
00bbac68_2930,12229.198252587532
00bbac68_2931,12229.198252587532
00bbac68_2932,12229.206916513976
00bbac68_2933,12229.206916513976
00bbac68_2934,12229.206916513976
00bbac68_2935,12229.36945562728
00bbac68_2936,12229.043583699384
00bbac68_2937,12229.043583699384
00bbac68_2938,12229.043583699384
00bbac68_2939,12229.043583699384
00bbac68_2940,12229.043583699384
00bbac68_2941,12229.043583699384
00bbac68_2942,12229.043583699384
00bbac68_2943,12229.043583699384
00bbac68_2944,12229.136538570576
00bbac68_2945,12229.136538570576
00bbac68_2946,12229.136538570576
00bbac68_2947,12229.136538570576
00bbac68_2948,12229.136538570576
00bbac68_2949,12229.307741610324
00bbac68_2950,12229.136538570576
00bbac68_2951,12229.136538570576
00bbac68_2952,12229.136538570576
00bbac68_2953,12229.136538570576
00bbac68_2954,12229.237150360903
00bbac68_2955,12229.237150360903
00bbac68_2956,12229.408353400651
00bbac68_2957,12229.408353400651
00bbac68_2958,12229.408353400651
00bbac68_2959,12229.177257923906
00bbac68_2960,12229.177257923906
00bbac68_2961,12229.177257923906
00bbac68_2962,12229.177257923906
00bbac68_2963,12229.237150360903
00bbac68_2964,12229.237150360903
00bbac68_2965,12229.175526972727
00bbac68_2966,12229.237150360903
00bbac68_2967,12229.408353400651
00bbac68_2968,12229.237150360903
00bbac68_2969,12229.369311131346
00bbac68_2970,12229.416965539871
00bbac68_2971,12229.02569052914
00bbac68_2972,12229.19689356889
00bbac68_2973,12229.02569052914
00bbac68_2974,12229.02569052914
00bbac68_2975,12229.117582224202
00bbac68_2976,12229.117582224202
00bbac68_2977,12229.117582224202
00bbac68_2978,12229.161161562999
00bbac68_2979,12229.272502227324
00bbac68_2980,12229.101299187576
00bbac68_2981,12229.101299187576
00bbac68_2982,12229.078791069871
00bbac68_2983,12229.078791069871
00bbac68_2984,12229.101299187576
00bbac68_2985,12229.101299187576
00bbac68_2986,12229.13673192208
00bbac68_2987,12229.13673192208
00bbac68_2988,12229.13673192208
00bbac68_2989,12229.13673192208
00bbac68_2990,12229.13673192208
00bbac68_2991,12229.530329536947
00bbac68_2992,12229.701532576695
00bbac68_2993,12229.701532576695
00bbac68_2994,12229.701532576695
00bbac68_2995,12229.717012413908
00bbac68_2996,12229.717012413908
00bbac68_2997,12229.66863189599
00bbac68_2998,12229.559251876075
00bbac68_2999,12229.58175999378
00bbac68_3000,12230.02723843742
00bbac68_3001,12230.198441477169
00bbac68_3002,12230.231369259955
00bbac68_3003,12230.060166220206
00bbac68_3004,12230.060166220206
00bbac68_3005,12230.060166220206
00bbac68_3006,12230.231369259955
00bbac68_3007,12230.245430756042
00bbac68_3008,12230.245430756042
00bbac68_3009,12230.051719598589
00bbac68_3010,12230.051719598589
00bbac68_3011,12230.528221419701
00bbac68_3012,12230.469971207353
00bbac68_3013,12230.298768167604
00bbac68_3014,12230.469971207353
00bbac68_3015,12230.469971207353
00bbac68_3016,12230.276260049899
00bbac68_3017,12230.308042523084
00bbac68_3018,12230.308042523084
00bbac68_3019,12230.533893493735
00bbac68_3020,12230.533893493735
00bbac68_3021,12230.533893493735
00bbac68_3022,12230.362690453987
00bbac68_3023,12230.340182336282
00bbac68_3024,12230.362690453987
00bbac68_3025,12230.533893493735
00bbac68_3026,12230.533893493735
00bbac68_3027,12230.745333944129
00bbac68_3028,12230.745333944129
00bbac68_3029,12230.745333944129
00bbac68_3030,12230.745333944129
00bbac68_3031,12230.57413090438
00bbac68_3032,12230.57413090438
00bbac68_3033,12230.57413090438
00bbac68_3034,12230.551622786676
00bbac68_3035,12230.57413090438
00bbac68_3036,12230.745333944129
00bbac68_3037,12230.57413090438
00bbac68_3038,12230.59247422652
00bbac68_3039,12230.787538227742
00bbac68_3040,12230.616335187993
00bbac68_3041,12230.616335187993
00bbac68_3042,12230.787538227742
00bbac68_3043,12230.787538227742
00bbac68_3044,12230.787538227742
00bbac68_3045,12230.787538227742
00bbac68_3046,12230.787538227742
00bbac68_3047,12230.616335187993
00bbac68_3048,12230.616335187993
00bbac68_3049,12230.787538227742
00bbac68_3050,12230.755247647763
00bbac68_3051,12230.590398637421
00bbac68_3052,12230.770587819496
00bbac68_3053,12230.770587819496
00bbac68_3054,12230.770587819496
00bbac68_3055,12230.997044419097
00bbac68_3056,12230.8074752279
00bbac68_3057,12230.8074752279
00bbac68_3058,12230.8074752279
00bbac68_3059,12230.8074752279
00bbac68_3060,12230.97867826765
00bbac68_3061,12230.97867826765
00bbac68_3062,12230.97867826765
00bbac68_3063,12231.020806198183
00bbac68_3064,12231.05542756388
00bbac68_3065,12231.078763323165
00bbac68_3066,12231.078763323165
00bbac68_3067,12231.044141957467
00bbac68_3068,12230.872938917719
00bbac68_3069,12231.044141957467
00bbac68_3070,12230.872938917719
00bbac68_3071,12230.872938917719
00bbac68_3072,12231.044141957467
00bbac68_3073,12230.85678482942
00bbac68_3074,12230.693892253472
00bbac68_3075,12230.872892972438
00bbac68_3076,12230.692161302293
00bbac68_3077,12230.872938917719
00bbac68_3078,12230.872938917719
00bbac68_3079,12231.044141957467
00bbac68_3080,12231.044141957467
00bbac68_3081,12231.044141957467
00bbac68_3082,12231.069841149432
00bbac68_3083,12231.069841149432
00bbac68_3084,12231.39614178556
00bbac68_3085,12231.224938745812
00bbac68_3086,12231.23129277522
00bbac68_3087,12231.224938745812
00bbac68_3088,12231.39614178556
00bbac68_3089,12231.39614178556
00bbac68_3090,12231.237369669152
00bbac68_3091,12231.231015639745
00bbac68_3092,12231.231015639745
00bbac68_3093,12231.402218679494
00bbac68_3094,12231.402218679494
00bbac68_3095,12231.402218679494
00bbac68_3096,12231.402218679494
00bbac68_3097,12231.34822791612
00bbac68_3098,12231.34822791612
00bbac68_3099,12231.177024876371
00bbac68_3100,12231.177024876371
00bbac68_3101,12231.402218679494
00bbac68_3102,12231.231015639745
00bbac68_3103,12231.242501557394
00bbac68_3104,12231.242501557394
00bbac68_3105,12231.413704597142
00bbac68_3106,12231.44832596284
00bbac68_3107,12231.413704597142
00bbac68_3108,12231.18851079402
00bbac68_3109,12231.18851079402
00bbac68_3110,12231.18851079402
00bbac68_3111,12231.18851079402
00bbac68_3112,12231.172356705722
00bbac68_3113,12231.80254549453
00bbac68_3114,12232.04457548366
00bbac68_3115,12232.04457548366
00bbac68_3116,12232.04457548366
00bbac68_3117,12232.04457548366
00bbac68_3118,12232.079196849358
00bbac68_3119,12232.079196849358
00bbac68_3120,12232.637544856776
00bbac68_3121,12232.602923491078
00bbac68_3122,12232.637544856776
00bbac68_3123,12232.637544856776
00bbac68_3124,12232.511822639373
00bbac68_3125,12232.511822639373
00bbac68_3126,12233.050763671557
00bbac68_3127,12233.101693188772
00bbac68_3128,12233.101693188772
00bbac68_3129,12233.101693188772
00bbac68_3130,12232.974817455066
00bbac68_3131,12233.582938427697
00bbac68_3132,12233.582938427697
00bbac68_3133,12233.582938427697
00bbac68_3134,12233.582938427697
00bbac68_3135,12233.582938427697
00bbac68_3136,12233.519156972327
00bbac68_3137,12233.602481744047
00bbac68_3138,12233.539360526027
00bbac68_3139,12233.516753155243
00bbac68_3140,12233.539360526027
00bbac68_3141,12233.539360526027
00bbac68_3142,12233.516753155243
00bbac68_3143,12233.516753155243
00bbac68_3144,12233.885212754838
00bbac68_3145,12233.885212754838
00bbac68_3146,12233.885212754838
00bbac68_3147,12233.885212754838
00bbac68_3148,12233.885212754838
00bbac68_3149,12233.801887983118
00bbac68_3150,12233.858932307205
00bbac68_3151,12234.592753878134
00bbac68_3152,12233.922713762575
00bbac68_3153,12233.922713762575
00bbac68_3154,12233.922713762575
00bbac68_3155,12234.71962961184
00bbac68_3156,12234.04958949628
00bbac68_3157,12233.44146852365
00bbac68_3158,12233.44146852365
00bbac68_3159,12234.167227493013
00bbac68_3160,12233.61293220254
00bbac68_3161,12233.073991170357
00bbac68_3162,12233.058650998624
00bbac68_3163,12233.084296818291
00bbac68_3164,12233.084296818291
00bbac68_3165,12233.184347185063
00bbac68_3166,12233.184347185063
00bbac68_3167,12233.252326019854
00bbac68_3168,12233.194028790058
00bbac68_3169,12233.194028790058
00bbac68_3170,12233.194028790058
00bbac68_3171,12233.18254287241
00bbac68_3172,12233.18254287241
00bbac68_3173,12233.18254287241
00bbac68_3174,12232.992996510522
00bbac68_3175,12233.16419955027
00bbac68_3176,12233.200891332692
00bbac68_3177,12233.0375585181
00bbac68_3178,12232.806463041354
00bbac68_3179,12232.719202628261
00bbac68_3180,12232.40396857859
00bbac68_3181,12232.30392914208
00bbac68_3182,12232.310283171486
00bbac68_3183,12232.179525462125
00bbac68_3184,12232.112238711712
00bbac68_3185,12232.112238711712
00bbac68_3186,12232.112238711712
00bbac68_3187,12232.112238711712
00bbac68_3188,12232.083199053905
00bbac68_3189,12232.083199053905
00bbac68_3190,12232.083199053905
00bbac68_3191,12232.083199053905
00bbac68_3192,12232.290197669901
00bbac68_3193,12232.23267976759
00bbac68_3194,12232.264582818569
00bbac68_3195,12232.168227938013
00bbac68_3196,12232.168227938013
00bbac68_3197,12232.267776201648
00bbac68_3198,12232.267776201648
00bbac68_3199,12232.168227938013
00bbac68_3200,12232.168227938013
00bbac68_3201,12232.000426415703
00bbac68_3202,12232.000426415703
00bbac68_3203,12232.168227938013
00bbac68_3204,12232.072592111026
00bbac68_3205,12232.376576332676
00bbac68_3206,12232.27702806904
00bbac68_3207,12232.27702806904
00bbac68_3208,12232.243670599946
00bbac68_3209,12232.243670599946
00bbac68_3210,12232.311315812603
00bbac68_3211,12232.474208388552
00bbac68_3212,12232.231993666606
00bbac68_3213,12232.261928541377
00bbac68_3214,12232.311664415365
00bbac68_3215,12232.474556991314
00bbac68_3216,12232.311664415365
00bbac68_3217,12232.332726405437
00bbac68_3218,12232.283613111053
00bbac68_3219,12232.343567466343
00bbac68_3220,12232.311664415365
00bbac68_3221,12232.311664415365
00bbac68_3222,12232.514270320185
00bbac68_3223,12232.108121938445
00bbac68_3224,12232.109852889624
00bbac68_3225,12232.474208388552
00bbac68_3226,12232.382628175064
00bbac68_3227,12232.382628175064
00bbac68_3228,12232.382628175064
00bbac68_3229,12232.350725124086
00bbac68_3230,12232.28809257207
00bbac68_3231,12232.34561047438
00bbac68_3232,12232.164220843908
00bbac68_3233,12232.251670230113
00bbac68_3234,12232.4627596224
00bbac68_3235,12232.494926035904
00bbac68_3236,12232.147545207825
00bbac68_3237,12232.149276159003
00bbac68_3238,12232.149276159003
00bbac68_3239,12232.149276159003
00bbac68_3240,12232.149276159003
00bbac68_3241,12232.63047867515
00bbac68_3242,12232.467586099201
00bbac68_3243,12232.63047867515
00bbac68_3244,12231.899543026195
00bbac68_3245,12231.899543026195
00bbac68_3246,12231.899543026195
00bbac68_3247,12231.899543026195
00bbac68_3248,12231.899543026195
00bbac68_3249,12231.899543026195
00bbac68_3250,12231.899543026195
00bbac68_3251,12231.899543026195
00bbac68_3252,12231.899543026195
00bbac68_3253,12232.09978572375
00bbac68_3254,12232.09978572375
00bbac68_3255,12231.928582684002
00bbac68_3256,12231.801706950297
00bbac68_3257,12231.801706950297
00bbac68_3258,12231.801706950297
00bbac68_3259,12231.799975999118
00bbac68_3260,12231.799975999118
00bbac68_3261,12231.801706950297
00bbac68_3262,12231.801706950297
00bbac68_3263,12231.820050272436
00bbac68_3264,12231.98812310379
00bbac68_3265,12232.114998837496
00bbac68_3266,12232.114998837496
00bbac68_3267,12232.009699789664
00bbac68_3268,12232.366933491216
00bbac68_3269,12232.117149861973
00bbac68_3270,12232.118880813152
00bbac68_3271,12232.118880813152
00bbac68_3272,12232.244653115073
00bbac68_3273,12232.378252664888
00bbac68_3274,12232.378252664888
00bbac68_3275,12232.505128398594
00bbac68_3276,12232.505128398594
00bbac68_3277,12232.880621709313
00bbac68_3278,12232.880621709313
00bbac68_3279,12232.880621709313
00bbac68_3280,12232.880621709313
00bbac68_3281,12233.190275318511
00bbac68_3282,12233.190275318511
00bbac68_3283,12233.250167755508
00bbac68_3284,12233.407974345619
00bbac68_3285,12233.518468535765
00bbac68_3286,12233.518468535765
00bbac68_3287,12233.518468535765
00bbac68_3288,12233.738079195513
00bbac68_3289,12233.738079195513
00bbac68_3290,12233.566876155764
00bbac68_3291,12233.615994521646
00bbac68_3292,12233.615994521646
00bbac68_3293,12233.615994521646
00bbac68_3294,12233.68222959573
00bbac68_3295,12233.68222959573
00bbac68_3296,12233.511026555982
00bbac68_3297,12233.693715513378
00bbac68_3298,12233.693715513378
00bbac68_3299,12233.693715513378
00bbac68_3300,12233.640389452747
00bbac68_3301,12233.417996256641
00bbac68_3302,12233.417996256641
00bbac68_3303,12233.383374890944
00bbac68_3304,12233.417996256641
00bbac68_3305,12233.431076177207
00bbac68_3306,12233.44167212074
00bbac68_3307,12233.44167212074
00bbac68_3308,12233.314796387034
00bbac68_3309,12233.314796387034
00bbac68_3310,12233.298458309338
00bbac68_3311,12233.100564484239
00bbac68_3312,12233.100564484239
00bbac68_3313,12233.100564484239
00bbac68_3314,12233.100564484239
00bbac68_3315,12233.100564484239
00bbac68_3316,12233.100564484239
00bbac68_3317,12233.100564484239
00bbac68_3318,12233.100564484239
00bbac68_3319,12233.065943118541
00bbac68_3320,12233.065943118541
00bbac68_3321,12233.100564484239
00bbac68_3322,12233.100564484239
00bbac68_3323,12233.065943118541
00bbac68_3324,12233.028774003606
00bbac68_3325,12233.028774003606
00bbac68_3326,12233.063395369303
00bbac68_3327,12233.190271103009
00bbac68_3328,12233.16659523891
00bbac68_3329,12233.16659523891
00bbac68_3330,12233.555028168037
00bbac68_3331,12233.52040680234
00bbac68_3332,12233.555028168037
00bbac68_3333,12233.555028168037
00bbac68_3334,12233.782472471186
00bbac68_3335,12233.770986553538
00bbac68_3336,12233.770986553538
00bbac68_3337,12233.770986553538
00bbac68_3338,12233.770986553538
00bbac68_3339,12233.222908914075
00bbac68_3340,12233.222908914075
00bbac68_3341,12233.248417627523
00bbac68_3342,12233.248417627523
00bbac68_3343,12233.248417627523
00bbac68_3344,12233.285586742459
00bbac68_3345,12233.06797815742
00bbac68_3346,12233.253378851074
00bbac68_3347,12233.424581890822
00bbac68_3348,12233.391654108036
00bbac68_3349,12233.391654108036
00bbac68_3350,12233.461757900079
00bbac68_3351,12233.439249782374
00bbac68_3352,12233.24342942364
00bbac68_3353,12232.883361705794
00bbac68_3354,12232.883361705794
00bbac68_3355,12232.883361705794
00bbac68_3356,12233.046254281742
00bbac68_3357,12233.046254281742
00bbac68_3358,12233.068762399447
00bbac68_3359,12233.053282562234
00bbac68_3360,12233.030774444529
00bbac68_3361,12232.881630754615
00bbac68_3362,12233.046254281742
00bbac68_3363,12233.239965439196
00bbac68_3364,12233.228565915939
00bbac68_3365,12233.206057798234
00bbac68_3366,12233.3127912284
00bbac68_3367,12233.335299346105
00bbac68_3368,12233.335299346105
00bbac68_3369,12233.506502385853
00bbac68_3370,12233.413040008854
00bbac68_3371,12233.413040008854
00bbac68_3372,12233.973665681038
00bbac68_3373,12233.973665681038
00bbac68_3374,12233.973665681038
00bbac68_3375,12234.033932866403
00bbac68_3376,12234.078633646703
00bbac68_3377,12234.090119564351
00bbac68_3378,12234.090119564351
00bbac68_3379,12234.090119564351
00bbac68_3380,12234.124740930049
00bbac68_3381,12234.06909464815
00bbac68_3382,12234.06909464815
00bbac68_3383,12234.034473282452
00bbac68_3384,12234.034473282452
00bbac68_3385,12234.11379542845
00bbac68_3386,12234.01913311072
00bbac68_3387,12233.993487291053
00bbac68_3388,12234.532908940462
00bbac68_3389,12234.540317042978
00bbac68_3390,12234.540317042978
00bbac68_3391,12235.148438015609
00bbac68_3392,12235.148438015609
00bbac68_3393,12235.148438015609
00bbac68_3394,12235.231762787329
00bbac68_3395,12235.231762787329
00bbac68_3396,12234.81079612686
00bbac68_3397,12234.716236986336
00bbac68_3398,12235.258789722227
00bbac68_3399,12235.169495674854
00bbac68_3400,12235.088321219171
00bbac68_3401,12234.516386772868
00bbac68_3402,12235.088321219171
00bbac68_3403,12235.088321219171
00bbac68_3404,12235.128119827767
00bbac68_3405,12234.389511039162
00bbac68_3406,12234.389511039162
00bbac68_3407,12235.128119827767
00bbac68_3408,12235.128119827767
00bbac68_3409,12235.128119827767
00bbac68_3410,12235.17873957961
00bbac68_3411,12235.17873957961
00bbac68_3412,12234.24807182379
00bbac68_3413,12234.986680612394
00bbac68_3414,12235.116591851609
00bbac68_3415,12235.116591851609
00bbac68_3416,12235.094997409795
00bbac68_3417,12235.036084137637
00bbac68_3418,12235.036084137637
00bbac68_3419,12235.224673923427
00bbac68_3420,12235.26461168738
00bbac68_3421,12235.330898629412
00bbac68_3422,12235.504614274489
00bbac68_3423,12235.374703035273
00bbac68_3424,12235.374703035273
00bbac68_3425,12235.501578768979
00bbac68_3426,12235.334904426678
00bbac68_3427,12234.762969980375
00bbac68_3428,12234.87286929263
00bbac68_3429,12234.954043748314
00bbac68_3430,12234.954043748314
00bbac68_3431,12235.072719506099
00bbac68_3432,12235.072719506099
00bbac68_3433,12235.472201476598
00bbac68_3434,12235.472201476598
00bbac68_3435,12235.414522524545
00bbac68_3436,12235.493844670542
00bbac68_3437,12235.493844670542
00bbac68_3438,12235.493844670542
00bbac68_3439,12234.919081167005
00bbac68_3440,12234.919081167005
00bbac68_3441,12234.86815164979
00bbac68_3442,12234.406872780777
00bbac68_3443,12234.406872780777
00bbac68_3444,12234.406872780777
00bbac68_3445,12234.406872780777
00bbac68_3446,12234.406872780777
00bbac68_3447,12234.383196916679
00bbac68_3448,12234.383196916679
00bbac68_3449,12234.46695753856
00bbac68_3450,12234.455471620911
00bbac68_3451,12234.455471620911
00bbac68_3452,12234.455471620911
00bbac68_3453,12234.455471620911
00bbac68_3454,12234.38094608213
00bbac68_3455,12234.31581040796
00bbac68_3456,12234.129127530998
00bbac68_3457,12234.129127530998
00bbac68_3458,12233.965794716405
00bbac68_3459,12233.965794716405
00bbac68_3460,12233.905902279408
00bbac68_3461,12233.814329264786
00bbac68_3462,12233.646837286135
00bbac68_3463,12233.546797849624
00bbac68_3464,12233.546797849624
00bbac68_3465,12233.274724250186
00bbac68_3466,12233.416040140262
00bbac68_3467,12233.416040140262
00bbac68_3468,12233.416040140262
00bbac68_3469,12233.416040140262
00bbac68_3470,12233.253147564314
00bbac68_3471,12233.432806243607
00bbac68_3472,12233.587170574936
00bbac68_3473,12233.4037665858
00bbac68_3474,12233.224107906506
00bbac68_3475,12233.224107906506
00bbac68_3476,12233.222376955327
00bbac68_3477,12233.370409116706
00bbac68_3478,12233.553813105842
00bbac68_3479,12233.501830896548
00bbac68_3480,12233.572101679794
00bbac68_3481,12233.572101679794
00bbac68_3482,12233.19522708008
00bbac68_3483,12233.19522708008
00bbac68_3484,12232.816727072317
00bbac68_3485,12232.786086898815
00bbac68_3486,12232.788055075023
00bbac68_3487,12232.816727072317
00bbac68_3488,12232.819920455397
00bbac68_3489,12232.819920455397
00bbac68_3490,12232.819920455397
00bbac68_3491,12232.819920455397
00bbac68_3492,12232.819920455397
00bbac68_3493,12232.791248458103
00bbac68_3494,12232.628999894867
00bbac68_3495,12232.664372724397
00bbac68_3496,12232.693044721691
00bbac68_3497,12232.41995641674
00bbac68_3498,12232.153855296548
00bbac68_3499,12232.59594544483
00bbac68_3500,12232.277537647175
00bbac68_3501,12232.277537647175
00bbac68_3502,12232.279268598353
00bbac68_3503,12232.442161174302
00bbac68_3504,12232.277537647175
00bbac68_3505,12233.106195388895
00bbac68_3506,12232.568736914931
00bbac68_3507,12232.73162949088
00bbac68_3508,12232.568736914931
00bbac68_3509,12233.180720927676
00bbac68_3510,12233.152048930382
00bbac68_3511,12232.929405980405
00bbac68_3512,12232.778815092957
00bbac68_3513,12232.778815092957
00bbac68_3514,12232.778815092957
00bbac68_3515,12232.778815092957
00bbac68_3516,12232.30612629588
00bbac68_3517,12232.30612629588
00bbac68_3518,12232.30612629588
00bbac68_3519,12232.343877911091
00bbac68_3520,12232.494468798539
00bbac68_3521,12232.179254383964
00bbac68_3522,12232.343877911091
00bbac68_3523,12232.343877911091
00bbac68_3524,12232.720752510806
00bbac68_3525,12232.760072804447
00bbac68_3526,12232.869253827936
00bbac68_3527,12232.869253827936
00bbac68_3528,12232.973378850224
00bbac68_3529,12233.152740432732
00bbac68_3530,12233.204219408397
00bbac68_3531,12233.329336864901
00bbac68_3532,12233.412971612428
00bbac68_3533,12233.50023202552
00bbac68_3534,12233.533589494615
00bbac68_3535,12233.544784290785
00bbac68_3536,12233.708117105378
00bbac68_3537,12233.708117105378
00bbac68_3538,12233.729671484354
00bbac68_3539,12233.66582917557
00bbac68_3540,12233.778079104353
00bbac68_3541,12233.810286995738
00bbac68_3542,12233.810286995738
00bbac68_3543,12233.810286995738
00bbac68_3544,12233.881203884803
00bbac68_3545,12233.881203884803
00bbac68_3546,12233.801881738806
00bbac68_3547,12233.751925081886
00bbac68_3548,12233.789056819202
00bbac68_3549,12233.789056819202
00bbac68_3550,12233.799033234112
00bbac68_3551,12233.87835538011
00bbac68_3552,12233.902031244208
00bbac68_3553,12233.902031244208
00bbac68_3554,12233.902031244208
00bbac68_3555,12233.902031244208
00bbac68_3556,12233.902031244208
00bbac68_3557,12233.82270909821
00bbac68_3558,12234.838383351924
00bbac68_3559,12234.231144588168
00bbac68_3560,12234.309271664772
00bbac68_3561,12234.268932466908
00bbac68_3562,12234.917392637402
00bbac68_3563,12234.917392637402
00bbac68_3564,12234.918221175063
00bbac68_3565,12234.917392637402
00bbac68_3566,12234.65558622404
00bbac68_3567,12234.750145364564
00bbac68_3568,12234.750145364564
00bbac68_3569,12234.720763654152
00bbac68_3570,12234.550295151095
00bbac68_3571,12234.550295151095
00bbac68_3572,12234.455736010572
00bbac68_3573,12235.175056231405
00bbac68_3574,12235.30193196511
00bbac68_3575,12235.30193196511
00bbac68_3576,12235.30193196511
00bbac68_3577,12235.30193196511
00bbac68_3578,12235.30193196511
00bbac68_3579,12235.30193196511
00bbac68_3580,12234.328860276866
00bbac68_3581,12235.175056231405
00bbac68_3582,12235.148762596951
00bbac68_3583,12235.148762596951
00bbac68_3584,12234.310029752452
00bbac68_3585,12234.310029752452
00bbac68_3586,12235.148762596951
00bbac68_3587,12235.148762596951
00bbac68_3588,12235.148762596951
00bbac68_3589,12234.136314107376
00bbac68_3590,12234.975046951875
00bbac68_3591,12234.975046951875
00bbac68_3592,12234.975046951875
00bbac68_3593,12234.786457166085
00bbac68_3594,12234.975046951875
00bbac68_3595,12234.9986067687
00bbac68_3596,12234.9986067687
00bbac68_3597,12235.030458387073
00bbac68_3598,12235.030458387073
00bbac68_3599,12235.013922148353
00bbac68_3600,12234.825332362563
00bbac68_3601,12235.013922148353
00bbac68_3602,12235.013922148353
00bbac68_3603,12235.013922148353
00bbac68_3604,12235.013922148353
00bbac68_3605,12235.013922148353
00bbac68_3606,12235.383498484467
00bbac68_3607,12235.359938667641
00bbac68_3608,12235.359938667641
00bbac68_3609,12235.359938667641
00bbac68_3610,12235.376474906361
00bbac68_3611,12235.376474906361
00bbac68_3612,12235.376474906361
00bbac68_3613,12235.376474906361
00bbac68_3614,12235.376474906361
00bbac68_3615,12234.537742061862
00bbac68_3616,12234.537742061862
00bbac68_3617,12234.616347016845
00bbac68_3618,12235.455079861344
00bbac68_3619,12235.455079861344
00bbac68_3620,12235.455079861344
00bbac68_3621,12235.455079861344
00bbac68_3622,12235.455079861344
00bbac68_3623,12234.616347016845
00bbac68_3624,12234.616347016845
00bbac68_3625,12235.455079861344
00bbac68_3626,12234.616347016845
00bbac68_3627,12235.455079861344
00bbac68_3628,12235.455079861344
00bbac68_3629,12235.455079861344
00bbac68_3630,12235.455079861344
00bbac68_3631,12235.525445035386
00bbac68_3632,12235.17282012864
00bbac68_3633,12235.17282012864
00bbac68_3634,12235.207996643901
00bbac68_3635,12235.153348712998
00bbac68_3636,12235.071188203372
00bbac68_3637,12235.540319060136
00bbac68_3638,12235.540319060136
00bbac68_3639,12235.540319060136
00bbac68_3640,12235.540319060136
00bbac68_3641,12235.540319060136
00bbac68_3642,12235.540319060136
00bbac68_3643,12235.540319060136
00bbac68_3644,12235.469953886093
00bbac68_3645,12235.469953886093
00bbac68_3646,12235.524601816996
00bbac68_3647,12235.524601816996
00bbac68_3648,12235.524601816996
00bbac68_3649,12235.486279980663
00bbac68_3650,12235.694142439788
00bbac68_3651,12235.694142439788
00bbac68_3652,12235.524601816996
00bbac68_3653,12232.548623527231
00bbac68_3654,12232.548623527231
00bbac68_3655,12232.548623527231
00bbac68_3656,12232.548623527231
00bbac68_3657,12232.548623527231
00bbac68_3658,12232.548623527231
00bbac68_3659,12232.618988701273
00bbac68_3660,12232.618988701273
00bbac68_3661,12232.618988701273
00bbac68_3662,12235.594966991039
00bbac68_3663,12235.375923759982
00bbac68_3664,12235.33760192365
00bbac68_3665,12235.375923759982
00bbac68_3666,12235.375923759982
00bbac68_3667,12235.375923759982
00bbac68_3668,12234.537190915484
00bbac68_3669,12234.537190915484
00bbac68_3670,12235.375923759982
00bbac68_3671,12235.718065112831
00bbac68_3672,12235.718065112831
00bbac68_3673,12235.788430286873
00bbac68_3674,12235.788430286873
00bbac68_3675,12235.788430286873
00bbac68_3676,12235.788430286873
00bbac68_3677,12235.599840501083
00bbac68_3678,12235.827012491069
00bbac68_3679,12236.015602276859
00bbac68_3680,12236.015602276859
00bbac68_3681,12236.015602276859
00bbac68_3682,12235.999066038139
00bbac68_3683,12235.999066038139
00bbac68_3684,12235.78295471095
00bbac68_3685,12236.062249349798
00bbac68_3686,12236.062249349798
00bbac68_3687,12236.062249349798
00bbac68_3688,12236.062249349798
00bbac68_3689,12236.062249349798
00bbac68_3690,12235.991884175755
00bbac68_3691,12235.803294389965
00bbac68_3692,12235.153151331257
00bbac68_3693,12235.153151331257
00bbac68_3694,12235.991884175755
00bbac68_3695,12235.143174916346
00bbac68_3696,12235.159606980265
00bbac68_3697,12235.143174916346
00bbac68_3698,12236.15562340592
00bbac68_3699,12235.993327254584
00bbac68_3700,12236.181917040374
00bbac68_3701,12235.343184195875
00bbac68_3702,12235.335721085836
00bbac68_3703,12236.008201395298
00bbac68_3704,12235.16200544076
00bbac68_3705,12235.278037845743
00bbac68_3706,12235.37495264615
00bbac68_3707,12235.37495264615
00bbac68_3708,12235.293631436918
00bbac68_3709,12235.278037845743
00bbac68_3710,12235.37495264615
00bbac68_3711,12235.37495264615
00bbac68_3712,12235.261605781823
00bbac68_3713,12236.107801736362
00bbac68_3714,12236.107801736362
00bbac68_3715,12235.37495264615
00bbac68_3716,12235.37495264615
00bbac68_3717,12235.37495264615
00bbac68_3718,12235.37495264615
00bbac68_3719,12235.37495264615
00bbac68_3720,12235.456127101834
00bbac68_3721,12235.593014761027
00bbac68_3722,12235.593014761027
00bbac68_3723,12235.665950821654
00bbac68_3724,12235.528753842837
00bbac68_3725,12235.528753842837
00bbac68_3726,12235.528753842837
00bbac68_3727,12235.431839042429
00bbac68_3728,12235.415406978509
00bbac68_3729,12235.431839042429
00bbac68_3730,12235.431839042429
00bbac68_3731,12235.447432633604
00bbac68_3732,12235.415406978509
00bbac68_3733,12236.319418254627
00bbac68_3734,12236.319418254627
00bbac68_3735,12236.319418254627
00bbac68_3736,12235.589122623585
00bbac68_3737,12235.094348515282
00bbac68_3738,12234.981001650955
00bbac68_3739,12235.711297281996
00bbac68_3740,12235.188690680268
00bbac68_3741,12235.189519217929
00bbac68_3742,12235.188690680268
00bbac68_3743,12235.126845566196
00bbac68_3744,12235.126845566196
00bbac68_3745,12235.075916048982
00bbac68_3746,12234.741512913673
00bbac68_3747,12235.13041039299
00bbac68_3748,12235.13041039299
00bbac68_3749,12235.106734528892
00bbac68_3750,12235.106734528892
00bbac68_3751,12234.905101400082
00bbac68_3752,12234.905101400082
00bbac68_3753,12234.893615482433
00bbac68_3754,12234.893615482433
00bbac68_3755,12234.825074157292
00bbac68_3756,12234.825074157292
00bbac68_3757,12234.825074157292
00bbac68_3758,12234.825074157292
00bbac68_3759,12234.825074157292
00bbac68_3760,12234.825074157292
00bbac68_3761,12234.825074157292
00bbac68_3762,12234.792146374506
00bbac68_3763,12234.554336796933
00bbac68_3764,12234.554336796933
00bbac68_3765,12234.554336796933
00bbac68_3766,12234.39100398234
00bbac68_3767,12234.39100398234
00bbac68_3768,12234.39100398234
00bbac68_3769,12234.39100398234
00bbac68_3770,12234.39100398234
00bbac68_3771,12234.346167564954
00bbac68_3772,12234.551780246573
00bbac68_3773,12234.491887809576
00bbac68_3774,12234.867324587238
00bbac68_3775,12234.651816038033
00bbac68_3776,12234.649234387682
00bbac68_3777,12234.33831293954
00bbac68_3778,12233.810726619568
00bbac68_3779,12233.712418134235
00bbac68_3780,12233.5553752783
00bbac68_3781,12233.594989351566
00bbac68_3782,12233.594989351566
00bbac68_3783,12233.624188830763
00bbac68_3784,12233.562998071624
00bbac68_3785,12233.562998071624
00bbac68_3786,12233.562998071624
00bbac68_3787,12233.562998071624
00bbac68_3788,12233.22613738643
00bbac68_3789,12233.22613738643
00bbac68_3790,12233.22613738643
00bbac68_3791,12233.22613738643
00bbac68_3792,12233.22613738643
00bbac68_3793,12233.22613738643
00bbac68_3794,12233.196048527188
00bbac68_3795,12233.25152555902
00bbac68_3796,12233.75052049175
00bbac68_3797,12233.689329732611
00bbac68_3798,12233.689329732611
00bbac68_3799,12233.689329732611
00bbac68_3800,12233.689329732611
00bbac68_3801,12233.689329732611
00bbac68_3802,12233.385409711509
00bbac68_3803,12233.506565992904
00bbac68_3804,12233.302029566166
00bbac68_3805,12233.254426351537
00bbac68_3806,12233.254426351537
00bbac68_3807,12233.424366531657
00bbac68_3808,12233.518906987088
00bbac68_3809,12233.518906987088
00bbac68_3810,12233.518906987088
00bbac68_3811,12233.545656567765
00bbac68_3812,12233.545656567765
00bbac68_3813,12233.545656567765
00bbac68_3814,12233.545656567765
00bbac68_3815,12233.545656567765
00bbac68_3816,12233.545656567765
00bbac68_3817,12233.543925616586
00bbac68_3818,12233.543925616586
00bbac68_3819,12233.545656567765
00bbac68_3820,12233.545656567765
00bbac68_3821,12233.545656567765
00bbac68_3822,12233.545656567765
00bbac68_3823,12233.545656567765
00bbac68_3824,12233.545656567765
00bbac68_3825,12233.545656567765
00bbac68_3826,12233.545656567765
00bbac68_3827,12233.545656567765
00bbac68_3828,12233.212103851945
00bbac68_3829,12233.273294611085
00bbac68_3830,12233.216370446806
00bbac68_3831,12233.155179687667
00bbac68_3832,12232.677323695605
00bbac68_3833,12232.955742275537
00bbac68_3834,12233.04300268863
00bbac68_3835,12233.04300268863
00bbac68_3836,12233.102895125627
00bbac68_3837,12233.154574300157
00bbac68_3838,12233.093383541018
00bbac68_3839,12233.25671635561
00bbac68_3840,12233.25671635561
00bbac68_3841,12233.25671635561
00bbac68_3842,12233.31790711475
00bbac68_3843,12233.272196192824
00bbac68_3844,12233.30512397561
00bbac68_3845,12233.375826319358
00bbac68_3846,12233.375826319358
00bbac68_3847,12233.375826319358
00bbac68_3848,12233.712687004552
00bbac68_3849,12233.651496245413
00bbac68_3850,12233.628988127708
00bbac68_3851,12233.651496245413
00bbac68_3852,12233.684604802409
00bbac68_3853,12233.745795561548
00bbac68_3854,12233.684604802409
00bbac68_3855,12233.678744201216
00bbac68_3856,12233.527271900248
00bbac68_3857,12233.224776858575
00bbac68_3858,12233.189052817306
00bbac68_3859,12233.056369101789
00bbac68_3860,12233.147648720169
00bbac68_3861,12233.134868836078
00bbac68_3862,12233.119275244902
00bbac68_3863,12233.134868836078
00bbac68_3864,12233.21619004531
00bbac68_3865,12233.119275244902
00bbac68_3866,12233.12491042693
00bbac68_3867,12233.111175073409
00bbac68_3868,12233.121133482557
00bbac68_3869,12233.20245469179
00bbac68_3870,12233.279582830195
00bbac68_3871,12233.340773589334
00bbac68_3872,12233.340773589334
00bbac68_3873,12233.340773589334
00bbac68_3874,12233.340773589334
00bbac68_3875,12233.279582830195
00bbac68_3876,12233.270071245586
00bbac68_3877,12233.314555188126
00bbac68_3878,12233.314555188126
00bbac68_3879,12233.305043603517
00bbac68_3880,12233.314555188126
00bbac68_3881,12233.314555188126
00bbac68_3882,12233.314555188126
00bbac68_3883,12233.264850346635
00bbac68_3884,12233.178391888183
00bbac68_3885,12233.239582647322
00bbac68_3886,12233.239582647322
00bbac68_3887,12233.239582647322
00bbac68_3888,12233.15826143809
00bbac68_3889,12233.239582647322
00bbac68_3890,12233.28773747491
00bbac68_3891,12233.28773747491
00bbac68_3892,12233.374195933362
00bbac68_3893,12233.374195933362
00bbac68_3894,12233.362710015714
00bbac68_3895,12233.290497056518
00bbac68_3896,12233.204038598065
00bbac68_3897,12233.28773747491
00bbac68_3898,12233.28773747491
00bbac68_3899,12233.28773747491
00bbac68_3900,12233.202307646887
00bbac68_3901,12233.202307646887
00bbac68_3902,12233.28773747491
00bbac68_3903,12233.28773747491
00bbac68_3904,12233.28773747491
00bbac68_3905,12233.28773747491
00bbac68_3906,12233.28773747491
00bbac68_3907,12233.362710015714
00bbac68_3908,12233.265795215306
00bbac68_3909,12233.306815486012
00bbac68_3910,12233.306815486012
00bbac68_3911,12233.31677389516
00bbac68_3912,12233.31677389516
00bbac68_3913,12233.301180303984
00bbac68_3914,12233.31677389516
00bbac68_3915,12233.398095104392
00bbac68_3916,12233.418912535719
00bbac68_3917,12233.615678031965
00bbac68_3918,12233.60008444079
00bbac68_3919,12233.76576589062
00bbac68_3920,12233.76576589062
00bbac68_3921,12233.76576589062
00bbac68_3922,12233.76576589062
00bbac68_3923,12233.70457513148
00bbac68_3924,12233.76576589062
00bbac68_3925,12233.684444681387
00bbac68_3926,12233.76576589062
00bbac68_3927,12233.76576589062
00bbac68_3928,12233.76576589062
00bbac68_3929,12233.70457513148
00bbac68_3930,12233.367714446285
00bbac68_3931,12233.367714446285
00bbac68_3932,12233.3347866635
00bbac68_3933,12233.538551297404
00bbac68_3934,12233.523071460191
00bbac68_3935,12233.523071460191
00bbac68_3936,12233.58426221933
00bbac68_3937,12233.388788507262
00bbac68_3938,12233.388788507262
00bbac68_3939,12233.30746729803
00bbac68_3940,12233.291674961973
00bbac68_3941,12233.29752475233
00bbac68_3942,12233.317238813508
00bbac68_3943,12233.317238813508
00bbac68_3944,12233.451705208616
00bbac68_3945,12233.21962176576
00bbac68_3946,12233.21962176576
00bbac68_3947,12233.21962176576
00bbac68_3948,12233.21962176576
00bbac68_3949,12233.158431006621
00bbac68_3950,12233.158431006621
00bbac68_3951,12233.098538569624
00bbac68_3952,12233.098538569624
00bbac68_3953,12233.098538569624
00bbac68_3954,12233.098538569624
00bbac68_3955,12233.098538569624
00bbac68_3956,12233.011278156531
00bbac68_3957,12233.011278156531
00bbac68_3958,12233.011278156531
00bbac68_3959,12233.1618288563
00bbac68_3960,12233.095458840451
00bbac68_3961,12232.815447458634
00bbac68_3962,12232.815447458634
00bbac68_3963,12232.500213408963
00bbac68_3964,12232.52154334579
00bbac68_3965,12232.439022649824
00bbac68_3966,12232.439022649824
00bbac68_3967,12232.439022649824
00bbac68_3968,12232.637264482873
00bbac68_3969,12232.47407165064
00bbac68_3970,12232.335752753095
00bbac68_3971,12232.386811237548
00bbac68_3972,12232.386811237548
00bbac68_3973,12232.386811237548
00bbac68_3974,12232.373027488788
00bbac68_3975,12232.373027488788
00bbac68_3976,12232.33101303597
00bbac68_3977,12232.33101303597
00bbac68_3978,12232.248492340002
00bbac68_3979,12232.248492340002
00bbac68_3980,12232.248492340002
00bbac68_3981,12232.248492340002
00bbac68_3982,12232.33101303597
00bbac68_3983,12232.33101303597
00bbac68_3984,12232.33101303597
00bbac68_3985,12232.33101303597
00bbac68_3986,12232.373027488788
00bbac68_3987,12232.062106040647
00bbac68_3988,12231.907290798368
00bbac68_3989,12231.824770102401
00bbac68_3990,12231.907290798368
00bbac68_3991,12231.907290798368
00bbac68_3992,12231.7755564468
00bbac68_3993,12231.781568270575
00bbac68_3994,12231.781568270575
00bbac68_3995,12231.779837319396
00bbac68_3996,12231.753140414972
00bbac68_3997,12231.897704486206
00bbac68_3998,12232.029438837773
00bbac68_3999,12231.946918141806
00bbac68_4000,12231.946918141806
00bbac68_4001,12231.946918141806
00bbac68_4002,12232.029438837773
00bbac68_4003,12232.029438837773
00bbac68_4004,12231.946918141806
00bbac68_4005,12231.911485407301
00bbac68_4006,12231.97267616644
00bbac68_4007,12231.911485407301
00bbac68_4008,12231.911485407301
00bbac68_4009,12231.994006103268
00bbac68_4010,12231.994006103268
00bbac68_4011,12231.994006103268
00bbac68_4012,12231.994006103268
00bbac68_4013,12231.994006103268
00bbac68_4014,12231.688475350084
00bbac68_4015,12231.688475350084
00bbac68_4016,12231.688475350084
00bbac68_4017,12231.878264407242
00bbac68_4018,12231.878264407242
00bbac68_4019,12231.878264407242
00bbac68_4020,12231.746530055674
00bbac68_4021,12231.746530055674
00bbac68_4022,12231.878264407242
00bbac68_4023,12231.878264407242
00bbac68_4024,12232.016583304787
00bbac68_4025,12232.016583304787
00bbac68_4026,12232.016583304787
00bbac68_4027,12232.016583304787
00bbac68_4028,12232.016583304787
00bbac68_4029,12232.016583304787
00bbac68_4030,12231.995253367959
00bbac68_4031,12231.898338567551
00bbac68_4032,12231.935435320565
00bbac68_4033,12231.992197991898
00bbac68_4034,12231.992197991898
00bbac68_4035,12231.936792176597
00bbac68_4036,12231.936792176597
00bbac68_4037,12231.936792176597
00bbac68_4038,12231.85427148063
00bbac68_4039,12231.85427148063
00bbac68_4040,12231.85427148063
00bbac68_4041,12232.015293026749
00bbac68_4042,12231.883558675181
00bbac68_4043,12231.855130819578
00bbac68_4044,12231.80332687385
00bbac68_4045,12231.936792176597
00bbac68_4046,12231.936792176597
00bbac68_4047,12231.936792176597
00bbac68_4048,12231.80332687385
00bbac68_4049,12231.952121075541
00bbac68_4050,12231.80332687385
00bbac68_4051,12232.141918510224
00bbac68_4052,12232.273652861792
00bbac68_4053,12232.273652861792
00bbac68_4054,12232.273652861792
00bbac68_4055,12232.141918510224
00bbac68_4056,12232.263489764317
00bbac68_4057,12232.218818043593
00bbac68_4058,12232.35055239516
00bbac68_4059,12232.268031699194
00bbac68_4060,12232.329222458333
00bbac68_4061,12232.268031699194
00bbac68_4062,12232.244943786187
00bbac68_4063,12232.244943786187
00bbac68_4064,12232.399773172605
00bbac68_4065,12232.244943786187
00bbac68_4066,12232.244943786187
00bbac68_4067,12232.244943786187
00bbac68_4068,12232.399773172605
00bbac68_4069,12232.376678137754
00bbac68_4070,12232.369450674883
00bbac68_4071,12232.290949824732
00bbac68_4072,12232.44577921115
00bbac68_4073,12232.44577921115
00bbac68_4074,12232.314044859582
00bbac68_4075,12232.290949824732
00bbac68_4076,12232.226355671079
00bbac68_4077,12232.226355671079
00bbac68_4078,12232.109290045559
00bbac68_4079,12232.13065412923
00bbac68_4080,12232.13238508041
00bbac68_4081,12232.13238508041
00bbac68_4082,12232.13065412923
00bbac68_4083,12232.441575577372
00bbac68_4084,12232.401292075732
00bbac68_4085,12232.401292075732
00bbac68_4086,12232.401292075732
00bbac68_4087,12232.318771379765
00bbac68_4088,12232.450505731333
00bbac68_4089,12232.537766144425
00bbac68_4090,12232.537766144425
00bbac68_4091,12232.406031792858
00bbac68_4092,12232.406031792858
00bbac68_4093,12232.306684094667
00bbac68_4094,12232.389204790634
00bbac68_4095,12232.366576531664
00bbac68_4096,12232.574841814103
00bbac68_4097,12232.5635545065
00bbac68_4098,12232.370629395793
00bbac68_4099,12232.370629395793
00bbac68_4100,12232.370629395793
00bbac68_4101,12232.718223394648
00bbac68_4102,12232.726887321092
00bbac68_4103,12232.710557292663
00bbac68_4104,12232.710557292663
00bbac68_4105,12232.687462257813
00bbac68_4106,12232.494537147106
00bbac68_4107,12232.494537147106
00bbac68_4108,12232.687462257813
00bbac68_4109,12232.612237241969
00bbac68_4110,12232.612237241969
00bbac68_4111,12232.513430673187
00bbac68_4112,12232.645165024755
00bbac68_4113,12232.513430673187
00bbac68_4114,12232.452239914048
00bbac68_4115,12232.452239914048
00bbac68_4116,12232.645165024755
00bbac68_4117,12232.542944767105
00bbac68_4118,12232.625465463072
00bbac68_4119,12232.51225249231
00bbac68_4120,12232.452239914048
00bbac68_4121,12232.645165024755
00bbac68_4122,12232.645165024755
00bbac68_4123,12232.452239914048
00bbac68_4124,12232.452239914048
00bbac68_4125,12232.452239914048
00bbac68_4126,12232.452239914048
00bbac68_4127,12232.452239914048
00bbac68_4128,12232.645165024755
00bbac68_4129,12232.645165024755
00bbac68_4130,12232.645165024755
00bbac68_4131,12232.513430673187
00bbac68_4132,12232.452239914048
00bbac68_4133,12232.602957345367
00bbac68_4134,12232.542944767105
00bbac68_4135,12232.452239914048
00bbac68_4136,12232.38633089623
00bbac68_4137,12232.44752165537
00bbac68_4138,12232.44752165537
00bbac68_4139,12232.538226508426
00bbac68_4140,12232.669960859994
00bbac68_4141,12232.642218270164
00bbac68_4142,12232.642218270164
00bbac68_4143,12232.626738432951
00bbac68_4144,12232.626738432951
00bbac68_4145,12232.443781957287
00bbac68_4146,12232.25085684658
00bbac68_4147,12232.25085684658
00bbac68_4148,12232.25085684658
00bbac68_4149,12232.367251026415
00bbac68_4150,12232.235516674848
00bbac68_4151,12232.235516674848
00bbac68_4152,12232.334864373039
00bbac68_4153,12232.466598724606
00bbac68_4154,12232.527789483745
00bbac68_4155,12232.303265910014
00bbac68_4156,12232.254052254413
00bbac68_4157,12232.254052254413
00bbac68_4158,12232.277147289264
00bbac68_4159,12232.1347341563
00bbac68_4160,12232.266468507867
00bbac68_4161,12232.266468507867
00bbac68_4162,12232.179208094774
00bbac68_4163,12232.179208094774
00bbac68_4164,12232.129994439174
00bbac68_4165,12232.179208094774
00bbac68_4166,12231.910301099451
00bbac68_4167,12231.902586562654
00bbac68_4168,12231.902586562654
00bbac68_4169,12232.019652188173
00bbac68_4170,12232.019652188173
00bbac68_4171,12232.019652188173
00bbac68_4172,12232.019652188173
00bbac68_4173,12232.019652188173
00bbac68_4174,12232.151386539741
00bbac68_4175,12232.151386539741
00bbac68_4176,12232.125260797147
00bbac68_4177,12231.99352644558
00bbac68_4178,12231.99352644558
00bbac68_4179,12231.99352644558
00bbac68_4180,12232.072027295731
00bbac68_4181,12231.866900962104
00bbac68_4182,12231.713589924664
00bbac68_4183,12231.64121134966
00bbac68_4184,12231.586271431748
00bbac68_4185,12231.713589924664
00bbac68_4186,12231.845324276232
00bbac68_4187,12231.809891541727
00bbac68_4188,12231.809891541727
00bbac68_4189,12231.803200068276
00bbac68_4190,12231.812237293821
00bbac68_4191,12231.812237293821
00bbac68_4192,12231.812237293821
00bbac68_4193,12231.511353858139
00bbac68_4194,12231.719656454
00bbac68_4195,12231.719656454
00bbac68_4196,12231.719656454
00bbac68_4197,12231.637135758034
00bbac68_4198,12231.719656454
00bbac68_4199,12231.511353858139
00bbac68_4200,12231.511353858139
00bbac68_4201,12231.377888555393
00bbac68_4202,12231.511353858139
00bbac68_4203,12231.511353858139
00bbac68_4204,12231.475042282114
00bbac68_4205,12231.475042282114
00bbac68_4206,12231.683344877976
00bbac68_4207,12231.683344877976
00bbac68_4208,12231.683344877976
00bbac68_4209,12231.683344877976
00bbac68_4210,12231.683344877976
00bbac68_4211,12231.683344877976
00bbac68_4212,12231.681613926798
00bbac68_4213,12231.479231951405
00bbac68_4214,12231.387249723177
00bbac68_4215,12231.168196248673
00bbac68_4216,12231.610966302973
00bbac68_4217,12231.683344877976
00bbac68_4218,12231.519502972777
00bbac68_4219,12231.683344877976
00bbac68_4220,12231.683344877976
00bbac68_4221,12231.683344877976
00bbac68_4222,12231.683344877976
00bbac68_4223,12231.683344877976
00bbac68_4224,12231.683344877976
00bbac68_4225,12231.683344877976
00bbac68_4226,12231.683344877976
00bbac68_4227,12231.683344877976
00bbac68_4228,12231.683344877976
00bbac68_4229,12231.683344877976
00bbac68_4230,12231.683344877976
00bbac68_4231,12231.503909381601
00bbac68_4232,12231.703156256335
00bbac68_4233,12231.815765811543
00bbac68_4234,12231.815765811543
00bbac68_4235,12231.815765811543
00bbac68_4236,12231.815765811543
00bbac68_4237,12231.815765811543
00bbac68_4238,12231.845552319845
00bbac68_4239,12231.845552319845
00bbac68_4240,12231.637249723983
00bbac68_4241,12231.605117463587
00bbac68_4242,12231.62669414946
00bbac68_4243,12231.62669414946
00bbac68_4244,12231.628743920464
00bbac68_4245,12231.628743920464
00bbac68_4246,12231.550243070313
00bbac68_4247,12231.467722374346
00bbac68_4248,12231.550243070313
00bbac68_4249,12231.550243070313
00bbac68_4250,12231.554971341895
00bbac68_4251,12231.554971341895
00bbac68_4252,12231.578066376745
00bbac68_4253,12231.456272479643
00bbac68_4254,12231.454541528465
00bbac68_4255,12231.456272479643
00bbac68_4256,12231.4100633597
00bbac68_4257,12231.492584055668
00bbac68_4258,12230.606047012907
00bbac68_4259,12230.688567708874
00bbac68_4260,12230.688567708874
00bbac68_4261,12230.688567708874
00bbac68_4262,12230.688567708874
00bbac68_4263,12230.606047012907
00bbac68_4264,12230.957474704197
00bbac68_4265,12230.934379669347
00bbac68_4266,12230.934379669347
00bbac68_4267,12230.87495400823
00bbac68_4268,12230.93614476737
00bbac68_4269,12230.913049732519
00bbac68_4270,12230.85185897338
00bbac68_4271,12230.85185897338
00bbac68_4272,12230.85185897338
00bbac68_4273,12230.913049732519
00bbac68_4274,12230.878813826279
00bbac68_4275,12231.001506973877
00bbac68_4276,12231.001506973877
00bbac68_4277,12231.001506973877
00bbac68_4278,12231.061399410873
00bbac68_4279,12231.099630283043
00bbac68_4280,12231.038439523903
00bbac68_4281,12231.12096021987
00bbac68_4282,12231.144055254721
00bbac68_4283,12231.480915939916
00bbac68_4284,12231.480915939916
00bbac68_4285,12231.570765284087
00bbac68_4286,12231.570765284087
00bbac68_4287,12231.651388877028
00bbac68_4288,12231.85969147289
00bbac68_4289,12231.85969147289
00bbac68_4290,12231.865206200804
00bbac68_4291,12231.485503030099
00bbac68_4292,12231.485503030099
00bbac68_4293,12231.485503030099
00bbac68_4294,12231.672383442155
00bbac68_4295,12231.692994456835
00bbac68_4296,12231.692994456835
00bbac68_4297,12231.692994456835
00bbac68_4298,12231.692994456835
00bbac68_4299,12231.677514619621
00bbac68_4300,12231.677514619621
00bbac68_4301,12231.677514619621
00bbac68_4302,12231.947007974622
00bbac68_4303,12231.73870537876
00bbac68_4304,12231.677514619621
00bbac68_4305,12231.470023192885
00bbac68_4306,12231.480764328067
00bbac68_4307,12231.470023192885
00bbac68_4308,12231.73870537876
00bbac68_4309,12231.64742576038
00bbac68_4310,12231.088789501246
00bbac68_4311,12231.556647322188
00bbac68_4312,12231.088789501246
00bbac68_4313,12231.180069119626
00bbac68_4314,12231.388371715488
00bbac68_4315,12231.327180956348
00bbac68_4316,12231.119689529613
00bbac68_4317,12231.318517029904
00bbac68_4318,12231.144415307954
00bbac68_4319,12231.144415307954
00bbac68_4320,12231.144415307954
00bbac68_4321,12231.083224548815
00bbac68_4322,12231.083224548815
00bbac68_4323,12231.165745244782
00bbac68_4324,12230.918972395728
00bbac68_4325,12231.048977931485
00bbac68_4326,12231.04423821436
00bbac68_4327,12230.857357802302
00bbac68_4328,12230.961717518392
00bbac68_4329,12230.957404916862
00bbac68_4330,12230.75594622552
00bbac68_4331,12230.569065813463
00bbac68_4332,12230.858654043466
00bbac68_4333,12230.963013759556
00bbac68_4334,12230.7766274602
00bbac68_4335,12230.044107665812
00bbac68_4336,12229.957598967052
00bbac68_4337,12229.957598967052
00bbac68_4338,12230.135442153563
00bbac68_4339,12230.135442153563
00bbac68_4340,12230.190847968865
00bbac68_4341,12230.003967556808
00bbac68_4342,12230.003967556808
00bbac68_4343,12230.003967556808
00bbac68_4344,12229.956265128341
00bbac68_4345,12229.956265128341
00bbac68_4346,12229.956265128341
00bbac68_4347,12229.956265128341
00bbac68_4348,12229.455648004097
00bbac68_4349,12229.455648004097
00bbac68_4350,12229.453917052919
00bbac68_4351,12229.378541157512
00bbac68_4352,12229.455648004097
00bbac68_4353,12229.642528416154
00bbac68_4354,12229.453917052919
00bbac68_4355,12229.642528416154
00bbac68_4356,12229.642528416154
00bbac68_4357,12229.642528416154
00bbac68_4358,12229.455648004097
00bbac68_4359,12229.455648004097
00bbac68_4360,12229.455648004097
00bbac68_4361,12229.642528416154
00bbac68_4362,12229.560007720187
00bbac68_4363,12229.455648004097
00bbac68_4364,12229.455648004097
00bbac68_4365,12229.455648004097
00bbac68_4366,12229.642528416154
00bbac68_4367,12229.583102755038
00bbac68_4368,12229.583102755038
00bbac68_4369,12229.32876276581
00bbac68_4370,12229.32876276581
00bbac68_4371,12229.267818755716
00bbac68_4372,12229.189317905564
00bbac68_4373,12229.084958189474
00bbac68_4374,12229.084958189474
00bbac68_4375,12229.084958189474
00bbac68_4376,12229.083227238296
00bbac68_4377,12229.025924384883
00bbac68_4378,12229.103031231469
00bbac68_4379,12229.10130028029
00bbac68_4380,12229.10130028029
00bbac68_4381,12229.289911643526
00bbac68_4382,12229.289911643526
00bbac68_4383,12229.289911643526
00bbac68_4384,12229.085597050456
00bbac68_4385,12229.168117746423
00bbac68_4386,12228.931616833363
00bbac68_4387,12229.01413752933
00bbac68_4388,12229.01413752933
00bbac68_4389,12229.200523828686
00bbac68_4390,12229.221009441473
00bbac68_4391,12229.369460613705
00bbac68_4392,12229.369460613705
00bbac68_4393,12229.37849783925
00bbac68_4394,12229.382976649618
00bbac68_4395,12229.693574589515
00bbac68_4396,12229.714060202303
00bbac68_4397,12229.775250961442
00bbac68_4398,12230.019207368976
00bbac68_4399,12229.958016609837
00bbac68_4400,12229.93753099705
00bbac68_4401,12229.91691998237
00bbac68_4402,12229.730039570313
00bbac68_4403,12229.96532760237
00bbac68_4404,12229.956290376824
00bbac68_4405,12229.956290376824
00bbac68_4406,12230.0031641368
00bbac68_4407,12230.05857776343
00bbac68_4408,12230.005688534244
00bbac68_4409,12230.074229859385
00bbac68_4410,12230.164943456857
00bbac68_4411,12230.207812431558
00bbac68_4412,12230.132839890754
00bbac68_4413,12230.194030649893
00bbac68_4414,12230.194030649893
00bbac68_4415,12230.194030649893
00bbac68_4416,12230.220156392486
00bbac68_4417,12230.116223886987
00bbac68_4418,12230.154419693468
00bbac68_4419,12230.385545838026
00bbac68_4420,12230.432013130847
00bbac68_4421,12230.432013130847
00bbac68_4422,12230.432013130847
00bbac68_4423,12230.432013130847
00bbac68_4424,12230.350691921614
00bbac68_4425,12230.631383393928
00bbac68_4426,12230.631383393928
00bbac68_4427,12230.631383393928
00bbac68_4428,12230.631383393928
00bbac68_4429,12230.622346168382
00bbac68_4430,12230.649820027451
00bbac68_4431,12230.84136803815
00bbac68_4432,12230.851326447299
00bbac68_4433,12230.932647656531
00bbac68_4434,12230.706746655751
00bbac68_4435,12230.675466132241
00bbac68_4436,12230.627514775284
00bbac68_4437,12231.109434499007
00bbac68_4438,12230.713287402306
00bbac68_4439,12230.707652220279
00bbac68_4440,12230.804567020687
00bbac68_4441,12230.804567020687
00bbac68_4442,12230.804567020687
00bbac68_4443,12230.822520701979
00bbac68_4444,12230.723173003787
00bbac68_4445,12230.723173003787
00bbac68_4446,12230.73851317552
00bbac68_4447,12230.73851317552
00bbac68_4448,12230.73851317552
00bbac68_4449,12230.73851317552
00bbac68_4450,12230.73851317552
00bbac68_4451,12230.73934171318
00bbac68_4452,12229.307432737041
00bbac68_4453,12229.307432737041
00bbac68_4454,12229.307432737041
00bbac68_4455,12229.307432737041
00bbac68_4456,12229.307432737041
00bbac68_4457,12229.307432737041
00bbac68_4458,12229.307432737041
00bbac68_4459,12229.307432737041
00bbac68_4460,12229.307432737041
00bbac68_4461,12229.372284805717
00bbac68_4462,12229.372284805717
00bbac68_4463,12229.365640023081
00bbac68_4464,12229.365640023081
00bbac68_4465,12229.365640023081
00bbac68_4466,12229.365640023081
00bbac68_4467,12229.365640023081
00bbac68_4468,12229.365640023081
00bbac68_4469,12229.365640023081
00bbac68_4470,12229.365640023081
00bbac68_4471,12229.509992159205
00bbac68_4472,12229.509992159205
00bbac68_4473,12229.509992159205
00bbac68_4474,12229.509992159205
00bbac68_4475,12229.509992159205
00bbac68_4476,12229.509992159205
00bbac68_4477,12229.509992159205
00bbac68_4478,12229.436263909074
00bbac68_4479,12229.436263909074
00bbac68_4480,12229.91254845077
00bbac68_4481,12229.118798408263
00bbac68_4482,12229.118798408263
00bbac68_4483,12229.118798408263
00bbac68_4484,12229.118798408263
00bbac68_4485,12229.013476156779
00bbac68_4486,12229.399055845417
00bbac68_4487,12229.399055845417
00bbac68_4488,12229.399055845417
00bbac68_4489,12229.399055845417
00bbac68_4490,12228.857034091681
00bbac68_4491,12229.028192874339
00bbac68_4492,12228.959647972582
00bbac68_4493,12228.772767560526
00bbac68_4494,12228.825052838301
00bbac68_4495,12228.959647972582
00bbac68_4496,12229.118897727396
00bbac68_4497,12229.118897727396
00bbac68_4498,12229.066060711259
00bbac68_4499,12229.066060711259
00bbac68_4500,12229.066060711259
00bbac68_4501,12229.066060711259
00bbac68_4502,12229.066060711259
00bbac68_4503,12229.066060711259
00bbac68_4504,12229.066060711259
00bbac68_4505,12229.066060711259
00bbac68_4506,12228.997515809502
00bbac68_4507,12229.08158529414
00bbac68_4508,12230.512665732618
00bbac68_4509,12230.512665732618
00bbac68_4510,12230.512665732618
00bbac68_4511,12230.512665732618
00bbac68_4512,12230.494712051326
00bbac68_4513,12230.494712051326
00bbac68_4514,12230.494712051326
00bbac68_4515,12230.451775555031
00bbac68_4516,12230.451775555031
00bbac68_4517,12230.102747618992
00bbac68_4518,12230.102747618992
00bbac68_4519,12229.81984844611
00bbac68_4520,12229.822261612808
00bbac68_4521,12229.822261612808
00bbac68_4522,12229.822261612808
00bbac68_4523,12229.822261612808
00bbac68_4524,12229.822261612808
00bbac68_4525,12229.822261612808
00bbac68_4526,12229.822261612808
00bbac68_4527,12229.822261612808
00bbac68_4528,12230.009142024865
00bbac68_4529,12229.822261612808
00bbac68_4530,12229.822261612808
00bbac68_4531,12229.822261612808
00bbac68_4532,12229.822261612808
00bbac68_4533,12229.822261612808
00bbac68_4534,12230.009142024865
00bbac68_4535,12230.009142024865
00bbac68_4536,12230.009142024865
00bbac68_4537,12229.718416618813
00bbac68_4538,12229.77961171678
00bbac68_4539,12229.463458925671
00bbac68_4540,12229.238382707133
00bbac68_4541,12229.238382707133
00bbac68_4542,12229.42526311919
00bbac68_4543,12229.334558266133
00bbac68_4544,12229.147677854076
00bbac68_4545,12229.147677854076
00bbac68_4546,12229.253795232164
00bbac68_4547,12229.253795232164
00bbac68_4548,12229.253795232164
00bbac68_4549,12228.915199616655
00bbac68_4550,12229.001658075107
00bbac68_4551,12229.080877010516
00bbac68_4552,12229.080877010516
00bbac68_4553,12229.080877010516
00bbac68_4554,12228.915626517537
00bbac68_4555,12229.10442389466
00bbac68_4556,12228.908876228415
00bbac68_4557,12228.804816494576
00bbac68_4558,12228.991696906633
00bbac68_4559,12228.991696906633
00bbac68_4560,12228.804816494576
00bbac68_4561,12228.804816494576
00bbac68_4562,12228.736275169435
00bbac68_4563,12228.736275169435
00bbac68_4564,12228.707020561189
00bbac68_4565,12228.707020561189
00bbac68_4566,12228.707020561189
00bbac68_4567,12228.707020561189
00bbac68_4568,12228.675084410295
00bbac68_4569,12228.736275169435
00bbac68_4570,12228.876524726978
00bbac68_4571,12228.94079672207
00bbac68_4572,12228.964343606214
00bbac68_4573,12228.885383095441
00bbac68_4574,12228.821779617358
00bbac68_4575,12228.698291883538
00bbac68_4576,12228.776372508872
00bbac68_4577,12228.697411998099
00bbac68_4578,12228.752825624728
00bbac68_4579,12228.752825624728
00bbac68_4580,12228.86004827878
00bbac68_4581,12228.673167866724
00bbac68_4582,12228.643913258478
00bbac68_4583,12228.611977107585
00bbac68_4584,12228.673167866724
00bbac68_4585,12228.696714750868
00bbac68_4586,12228.628388675597
00bbac68_4587,12228.628388675597
00bbac68_4588,12228.683610577955
00bbac68_4589,12228.7128651862
00bbac68_4590,12228.7128651862
00bbac68_4591,12228.7128651862
00bbac68_4592,12228.651674427061
00bbac68_4593,12228.683610577955
00bbac68_4594,12228.510636781684
00bbac68_4595,12228.154086816801
00bbac68_4596,12228.154086816801
00bbac68_4597,12228.423719899036
00bbac68_4598,12228.423719899036
00bbac68_4599,12228.67914521285
00bbac68_4600,12228.480194565966
00bbac68_4601,12228.480194565966
00bbac68_4602,12228.153703272485
00bbac68_4603,12228.153703272485
00bbac68_4604,12228.074742761712
00bbac68_4605,12228.068965629202
00bbac68_4606,12228.13015638834
00bbac68_4607,12228.13015638834
00bbac68_4608,12228.233914125549
00bbac68_4609,12228.489339439362
00bbac68_4610,12228.233914125549
00bbac68_4611,12228.233914125549
00bbac68_4612,12228.233914125549
00bbac68_4613,12228.17272336641
00bbac68_4614,12228.204659517303
00bbac68_4615,12228.257461009693
00bbac68_4616,12228.17272336641
00bbac68_4617,12228.233914125549
00bbac68_4618,12227.92589825734
00bbac68_4619,12227.92589825734
00bbac68_4620,12227.92589825734
00bbac68_4621,12227.856114147722
00bbac68_4622,12227.857056061333
00bbac68_4623,12227.845570143685
00bbac68_4624,12227.845570143685
00bbac68_4625,12227.754865290628
00bbac68_4626,12227.729933897079
00bbac68_4627,12227.729933897079
00bbac68_4628,12227.729933897079
00bbac68_4629,12227.716579016296
00bbac68_4630,12227.716579016296
00bbac68_4631,12227.903459428353
00bbac68_4632,12227.200884167527
00bbac68_4633,12227.01400375547
00bbac68_4634,12227.01400375547
00bbac68_4635,12227.01400375547
00bbac68_4636,12227.017160802068
00bbac68_4637,12227.017160802068
00bbac68_4638,12227.204041214125
00bbac68_4639,12227.204041214125
00bbac68_4640,12227.204041214125
00bbac68_4641,12227.204041214125
00bbac68_4642,12227.204041214125
00bbac68_4643,12227.204041214125
00bbac68_4644,12227.040707686212
00bbac68_4645,12227.017160802068
00bbac68_4646,12227.040255836919
00bbac68_4647,12226.964234250483
00bbac68_4648,12226.941232278697
00bbac68_4649,12227.183526317383
00bbac68_4650,12227.183526317383
00bbac68_4651,12227.183526317383
00bbac68_4652,12226.996645905327
00bbac68_4653,12227.04675494645
00bbac68_4654,12227.049633088845
00bbac68_4655,12227.12582416146
00bbac68_4656,12227.183526317383
00bbac68_4657,12227.183526317383
00bbac68_4658,12227.183526317383
00bbac68_4659,12226.913329896004
00bbac68_4660,12226.913329896004
00bbac68_4661,12227.054266412923
00bbac68_4662,12227.054266412923
00bbac68_4663,12227.054266412923
00bbac68_4664,12227.054266412923
00bbac68_4665,12226.963684223774
00bbac68_4666,12226.902493464635
00bbac68_4667,12227.0956922883
00bbac68_4668,12227.0956922883
00bbac68_4669,12227.0956922883
00bbac68_4670,12227.022649960643
00bbac68_4671,12226.870498519876
00bbac68_4672,12227.022649960643
00bbac68_4673,12227.080352116567
00bbac68_4674,12227.080352116567
00bbac68_4675,12227.080352116567
00bbac68_4676,12227.080352116567
00bbac68_4677,12227.024938489938
00bbac68_4678,12226.917018588654
00bbac68_4679,12227.080352116567
00bbac68_4680,12227.057257081717
00bbac68_4681,12227.074747346729
00bbac68_4682,12227.01355658759
00bbac68_4683,12227.098294230873
00bbac68_4684,12227.074747346729
00bbac68_4685,12227.074747346729
00bbac68_4686,12227.0193337201
00bbac68_4687,12227.01355658759
00bbac68_4688,12227.074747346729
00bbac68_4689,12227.119219409102
00bbac68_4690,12227.119219409102
00bbac68_4691,12227.074747346729
00bbac68_4692,12227.118317914536
00bbac68_4693,12227.118317914536
00bbac68_4694,12227.118317914536
00bbac68_4695,12227.118317914536
00bbac68_4696,12227.057127155396
00bbac68_4697,12227.057127155396
00bbac68_4698,12227.027613061478
00bbac68_4699,12227.09666238947
00bbac68_4700,12227.052190327096
00bbac68_4701,12226.888856799183
00bbac68_4702,12226.990999567957
00bbac68_4703,12227.052190327096
00bbac68_4704,12227.095800258689
00bbac68_4705,12227.095800258689
00bbac68_4706,12227.095800258689
00bbac68_4707,12227.095800258689
00bbac68_4708,12227.095800258689
00bbac68_4709,12227.170343252057
00bbac68_4710,12227.308668686816
00bbac68_4711,12227.247477927676
00bbac68_4712,12227.353140749188
00bbac68_4713,12227.353140749188
00bbac68_4714,12227.353140749188
00bbac68_4715,12227.308668686816
00bbac68_4716,12227.308668686816
00bbac68_4717,12227.06637464813
00bbac68_4718,12227.089376619915
00bbac68_4719,12227.089376619915
00bbac68_4720,12226.995275831785
00bbac68_4721,12227.243347002981
00bbac68_4722,12227.243347002981
00bbac68_4723,12227.243347002981
00bbac68_4724,12227.243347002981
00bbac68_4725,12227.080013475068
00bbac68_4726,12227.080013475068
00bbac68_4727,12227.243347002981
00bbac68_4728,12227.243347002981
00bbac68_4729,12227.243347002981
00bbac68_4730,12227.243347002981
00bbac68_4731,12227.243347002981
00bbac68_4732,12227.243347002981
00bbac68_4733,12227.243347002981
00bbac68_4734,12226.777909377655
00bbac68_4735,12226.777909377655
00bbac68_4736,12227.150465366056
00bbac68_4737,12227.150465366056
00bbac68_4738,12226.987131838143
00bbac68_4739,12227.150465366056
00bbac68_4740,12227.129452356974
00bbac68_4741,12227.096524574188
00bbac68_4742,12227.096524574188
00bbac68_4743,12227.096524574188
00bbac68_4744,12227.096524574188
00bbac68_4745,12227.096524574188
00bbac68_4746,12227.096524574188
00bbac68_4747,12227.096524574188
00bbac68_4748,12227.096524574188
00bbac68_4749,12227.081044736975
00bbac68_4750,12227.081044736975
00bbac68_4751,12227.040814089873
00bbac68_4752,12227.20240400085
00bbac68_4753,12227.20240400085
00bbac68_4754,12227.073225744716
00bbac68_4755,12227.260106156773
00bbac68_4756,12227.260106156773
00bbac68_4757,12227.260106156773
00bbac68_4758,12227.260106156773
00bbac68_4759,12227.260106156773
00bbac68_4760,12227.226748687679
00bbac68_4761,12226.971200029786
00bbac68_4762,12226.910009270647
00bbac68_4763,12226.99474691393
00bbac68_4764,12226.961883409793
00bbac68_4765,12227.12347332077
00bbac68_4766,12227.12347332077
00bbac68_4767,12226.961883409793
00bbac68_4768,12227.01784194878
00bbac68_4769,12226.961883409793
00bbac68_4770,12226.994295064636
00bbac68_4771,12227.181175476693
00bbac68_4772,12226.961883409793
00bbac68_4773,12226.961883409793
00bbac68_4774,12227.01784194878
00bbac68_4775,12227.12347332077
00bbac68_4776,12227.12347332077
00bbac68_4777,12227.180819906253
00bbac68_4778,12227.180819906253
00bbac68_4779,12226.993939494196
00bbac68_4780,12226.961527839352
00bbac68_4781,12227.04404853532
00bbac68_4782,12227.053319055376
00bbac68_4783,12227.053319055376
00bbac68_4784,12226.8917291444
00bbac68_4785,12226.947687683387
00bbac68_4786,12226.961923855864
00bbac68_4787,12227.20999502706
00bbac68_4788,12227.254467089433
00bbac68_4789,12227.36799338172
00bbac68_4790,12227.32301199119
00bbac68_4791,12227.284312415892
00bbac68_4792,12227.378648817317
00bbac68_4793,12227.473833420889
00bbac68_4794,12227.458353583675
00bbac68_4795,12227.458353583675
00bbac68_4796,12227.271473171619
00bbac68_4797,12227.21028241248
00bbac68_4798,12227.140087701015
00bbac68_4799,12227.301677611991
00bbac68_4800,12227.458353583675
00bbac68_4801,12227.986522131818
00bbac68_4802,12227.970928540642
00bbac68_4803,12227.502825646048
00bbac68_4804,12227.458353583675
00bbac68_4805,12227.458353583675
00bbac68_4806,12227.271473171619
00bbac68_4807,12227.138785036042
00bbac68_4808,12227.138785036042
00bbac68_4809,12227.140087701015
00bbac68_4810,12227.271473171619
00bbac68_4811,12227.21605954499
00bbac68_4812,12227.21028241248
00bbac68_4813,12227.458353583675
00bbac68_4814,12227.54169817189
00bbac68_4815,12227.279390828216
00bbac68_4816,12227.253485546109
00bbac68_4817,12227.048330695596
00bbac68_4818,12227.048330695596
00bbac68_4819,12227.189493422511
00bbac68_4820,12227.214768362785
00bbac68_4821,12227.346153833389
00bbac68_4822,12227.270726901772
00bbac68_4823,12227.36577326489
00bbac68_4824,12227.374437191334
00bbac68_4825,12227.17453635175
00bbac68_4826,12227.248393121272
00bbac68_4827,12227.079423400777
00bbac68_4828,12227.00010125478
00bbac68_4829,12227.054229001007
00bbac68_4830,12227.02858318134
00bbac68_4831,12227.098777892805
00bbac68_4832,12227.098777892805
00bbac68_4833,12227.084541720327
00bbac68_4834,12227.084541720327
00bbac68_4835,12227.084541720327
00bbac68_4836,12227.098777892805
00bbac68_4837,12227.159968651944
00bbac68_4838,12227.243762388889
00bbac68_4839,12227.18834876226
00bbac68_4840,12227.168335457272
00bbac68_4841,12227.168335457272
00bbac68_4842,12227.168335457272
00bbac68_4843,12227.24072250339
00bbac68_4844,12227.21798303898
00bbac68_4845,12227.14729149091
00bbac68_4846,12227.389585529596
00bbac68_4847,12227.389585529596
00bbac68_4848,12227.389585529596
00bbac68_4849,12227.389585529596
00bbac68_4850,12227.127278185922
00bbac68_4851,12227.071319646935
00bbac68_4852,12227.1415143584
00bbac68_4853,12227.389585529596
00bbac68_4854,12227.389585529596
00bbac68_4855,12227.374245357863
00bbac68_4856,12227.13850017117
00bbac68_4857,12227.21756938618
00bbac68_4858,12227.13850017117
00bbac68_4859,12227.313054598724
00bbac68_4860,12227.374245357863
00bbac68_4861,12227.374245357863
00bbac68_4862,12227.374245357863
00bbac68_4863,12227.055979475203
00bbac68_4864,12227.055979475203
00bbac68_4865,12227.298818426247
00bbac68_4866,12227.522850958774
00bbac68_4867,12227.522850958774
00bbac68_4868,12227.522850958774
00bbac68_4869,12227.447424027157
00bbac68_4870,12227.204585076113
00bbac68_4871,12227.204585076113
00bbac68_4872,12227.28710577208
00bbac68_4873,12227.36617498709
00bbac68_4874,12227.36617498709
00bbac68_4875,12227.36617498709
00bbac68_4876,12227.36617498709
00bbac68_4877,12227.36617498709
00bbac68_4878,12227.453653145281
00bbac68_4879,12227.547186608273
00bbac68_4880,12227.608377367413
00bbac68_4881,12227.547186608273
00bbac68_4882,12227.552963740784
00bbac68_4883,12227.532950435796
00bbac68_4884,12227.532950435796
00bbac68_4885,12227.476991896809
00bbac68_4886,12227.476991896809
00bbac68_4887,12227.556061111818
00bbac68_4888,12227.547186608273
00bbac68_4889,12227.652849429785
00bbac68_4890,12227.652849429785
00bbac68_4891,12227.675944464636
00bbac68_4892,12227.50008693166
00bbac68_4893,12227.392275734612
00bbac68_4894,12227.529133314421
00bbac68_4895,12227.629019003423
00bbac68_4896,12227.509120009434
00bbac68_4897,12227.629019003423
00bbac68_4898,12227.629019003423
00bbac68_4899,12227.567828244284
00bbac68_4900,12227.567828244284
00bbac68_4901,12227.670442377117
00bbac68_4902,12227.686463848968
00bbac68_4903,12227.173745630796
00bbac68_4904,12227.252814845806
00bbac68_4905,12227.252814845806
00bbac68_4906,12227.252814845806
00bbac68_4907,12227.272529012664
00bbac68_4908,12227.403914483268
00bbac68_4909,12227.272529012664
00bbac68_4910,12227.328487551651
00bbac68_4911,12227.445337856961
00bbac68_4912,12227.445337856961
00bbac68_4913,12227.403914483268
00bbac68_4914,12227.368481748763
00bbac68_4915,12227.271693430795
00bbac68_4916,12227.171586045668
00bbac68_4917,12227.171514522073
00bbac68_4918,12227.307290989624
00bbac68_4919,12227.368481748763
00bbac68_4920,12227.368481748763
00bbac68_4921,12227.368481748763
00bbac68_4922,12227.368481748763
00bbac68_4923,12227.368481748763
00bbac68_4924,12227.368481748763
00bbac68_4925,12227.409905122457
00bbac68_4926,12228.029663702702
00bbac68_4927,12228.029663702702
00bbac68_4928,12227.403504730146
00bbac68_4929,12227.293054817146
00bbac68_4930,12227.397869548118
00bbac68_4931,12227.368481748763
00bbac68_4932,12227.237096278159
00bbac68_4933,12227.237096278159
00bbac68_4934,12227.313068122134
00bbac68_4935,12227.409905122457
00bbac68_4936,12227.121714294073
00bbac68_4937,12227.121714294073
00bbac68_4938,12227.121714294073
00bbac68_4939,12227.146467418388
00bbac68_4940,12227.070495574413
00bbac68_4941,12227.1264541134
00bbac68_4942,12227.415872113428
00bbac68_4943,12227.392777078578
00bbac68_4944,12227.32402796812
00bbac68_4945,12227.403081541957
00bbac68_4946,12227.531417764916
00bbac68_4947,12227.412215110593
00bbac68_4948,12227.412215110593
00bbac68_4949,12227.328109001153
00bbac68_4950,12227.272150462166
00bbac68_4951,12227.4485173233
00bbac68_4952,12227.421864271613
00bbac68_4953,12227.496836812417
00bbac68_4954,12227.500394829254
00bbac68_4955,12227.484801238079
00bbac68_4956,12227.464092616547
00bbac68_4957,12227.464092616547
00bbac68_4958,12227.457664977499
00bbac68_4959,12227.389120075743
00bbac68_4960,12227.461441626836
00bbac68_4961,12227.477035218011
00bbac68_4962,12227.467076808864
00bbac68_4963,12227.440733005304
00bbac68_4964,12227.473477201174
00bbac68_4965,12227.440733005304
00bbac68_4966,12227.440733005304
00bbac68_4967,12227.50927790706
00bbac68_4968,12227.467076808864
00bbac68_4969,12227.478928811784
00bbac68_4970,12227.561211474413
00bbac68_4971,12227.549724642624
00bbac68_4972,12227.664736837201
00bbac68_4973,12227.474426632776
00bbac68_4974,12227.47929781101
00bbac68_4975,12227.47929781101
00bbac68_4976,12227.500006432543
00bbac68_4977,12227.500006432543
00bbac68_4978,12227.50564161457
00bbac68_4979,12227.592294890728
00bbac68_4980,12227.592294890728
00bbac68_4981,12227.592294890728
00bbac68_4982,12227.744681108656
00bbac68_4983,12227.841174418549
00bbac68_4984,12227.643349519025
00bbac68_4985,12227.728779408302
00bbac68_4986,12227.728779408302
00bbac68_4987,12227.728779408302
00bbac68_4988,12227.51874885782
00bbac68_4989,12227.63235498274
00bbac68_4990,12227.717833327635
00bbac68_4991,12227.724505056782
00bbac68_4992,12227.724505056782
00bbac68_4993,12227.724505056782
00bbac68_4994,12227.724505056782
00bbac68_4995,12227.724505056782
00bbac68_4996,12227.724505056782
00bbac68_4997,12227.724505056782
00bbac68_4998,12227.724505056782
00bbac68_4999,12227.724505056782
00bbac68_5000,12227.724505056782
00bbac68_5001,12227.724505056782
00bbac68_5002,12227.724505056782
00bbac68_5003,12227.525420586966
00bbac68_5004,12227.525420586966
00bbac68_5005,12227.724505056782
00bbac68_5006,12227.724505056782
00bbac68_5007,12227.750848860342
00bbac68_5008,12227.167069929179
00bbac68_5009,12227.167069929179
00bbac68_5010,12227.253528387631
00bbac68_5011,12227.799477597586
00bbac68_5012,12227.825821401146
00bbac68_5013,12227.820186219118
00bbac68_5014,12227.776808166827
00bbac68_5015,12227.758995459979
00bbac68_5016,12227.825821401146
00bbac68_5017,12227.724505056782
00bbac68_5018,12227.724505056782
00bbac68_5019,12227.745213678314
00bbac68_5020,12227.750848860342
00bbac68_5021,12227.724505056782
00bbac68_5022,12227.724505056782
00bbac68_5023,12227.724505056782
00bbac68_5024,12227.724505056782
00bbac68_5025,12227.788869567024
00bbac68_5026,12227.815213370584
00bbac68_5027,12227.815213370584
00bbac68_5028,12227.815213370584
00bbac68_5029,12227.815213370584
00bbac68_5030,12227.901671829037
00bbac68_5031,12227.890185911388
00bbac68_5032,12227.88455072936
00bbac68_5033,12227.677179877928
00bbac68_5034,12227.602961118346
00bbac68_5035,12227.503628334709
00bbac68_5036,12228.11057477894
00bbac68_5037,12228.11057477894
00bbac68_5038,12228.121520859608
00bbac68_5039,12228.02996761228
00bbac68_5040,12227.869472466109
00bbac68_5041,12227.869472466109
00bbac68_5042,12227.869472466109
00bbac68_5043,12227.869472466109
00bbac68_5044,12227.924949497941
00bbac68_5045,12227.869472466109
00bbac68_5046,12227.934738926408
00bbac68_5047,12228.095234072578
00bbac68_5048,12228.180712417474
00bbac68_5049,12228.180712417474
00bbac68_5050,12228.180712417474
00bbac68_5051,12228.207056221034
00bbac68_5052,12228.158042986715
00bbac68_5053,12228.060661074034
00bbac68_5054,12228.207056221034
00bbac68_5055,12228.180712417474
00bbac68_5056,12228.180712417474
00bbac68_5057,12228.180712417474
00bbac68_5058,12228.180712417474
00bbac68_5059,12228.180712417474
00bbac68_5060,12228.180712417474
00bbac68_5061,12228.180712417474
00bbac68_5062,12228.180712417474
00bbac68_5063,12228.180712417474
00bbac68_5064,12228.180712417474
00bbac68_5065,12228.207056221034
00bbac68_5066,12228.180712417474
00bbac68_5067,12228.00960458564
00bbac68_5068,12228.004733407406
00bbac68_5069,12228.00270468623
00bbac68_5070,12227.920422023602
00bbac68_5071,12227.946765827162
00bbac68_5072,12227.829717170545
00bbac68_5073,12227.74423882565
00bbac68_5074,12227.829717170545
00bbac68_5075,12227.856060974105
00bbac68_5076,12227.829717170545
00bbac68_5077,12228.097396411069
00bbac68_5078,12228.097396411069
00bbac68_5079,12228.097396411069
00bbac68_5080,12228.214445067686
00bbac68_5081,12228.240942146054
00bbac68_5082,12228.443315171555
00bbac68_5083,12228.302280069916
00bbac68_5084,12228.302280069916
00bbac68_5085,12228.302280069916
00bbac68_5086,12228.273833506648
00bbac68_5087,12228.328623873476
00bbac68_5088,12228.302280069916
00bbac68_5089,12228.322988691449
00bbac68_5090,12228.338582282624
00bbac68_5091,12228.335024265787
00bbac68_5092,12228.238187265464
00bbac68_5093,12228.18368581541
00bbac68_5094,12228.333620255687
00bbac68_5095,12228.312911634155
00bbac68_5096,12228.312911634155
00bbac68_5097,12228.312911634155
00bbac68_5098,12228.269301702563
00bbac68_5099,12228.269301702563
00bbac68_5100,12228.27926011171
00bbac68_5101,12228.302045898434
00bbac68_5102,12228.26062252474
00bbac68_5103,12228.26062252474
00bbac68_5104,12228.234864500106
00bbac68_5105,12228.009772884114
00bbac68_5106,12228.021877635887
00bbac68_5107,12227.841269631343
00bbac68_5108,12228.122104166516
00bbac68_5109,12228.251812214874
00bbac68_5110,12228.603752470202
00bbac68_5111,12228.591716895864
00bbac68_5112,12228.603752470202
00bbac68_5113,12228.603752470202
00bbac68_5114,12228.562329096509
00bbac68_5115,12228.588672900069
00bbac68_5116,12228.52748214093
00bbac68_5117,12228.635598361281
00bbac68_5118,12228.654743356303
00bbac68_5119,12228.60524744878
00bbac68_5120,12228.724697091455
00bbac68_5121,12228.681140902638
00bbac68_5122,12228.707484706198
00bbac68_5123,12228.582257931013
00bbac68_5124,12228.582257931013
00bbac68_5125,12228.50143165531
00bbac68_5126,12228.50143165531
00bbac68_5127,12228.670509338399
00bbac68_5128,12228.670509338399
00bbac68_5129,12228.597199181579
00bbac68_5130,12228.701258915418
00bbac68_5131,12228.636917938853
00bbac68_5132,12228.663617312854
00bbac68_5133,12228.672890375476
00bbac68_5134,12228.646546571916
00bbac68_5135,12228.796979906845
00bbac68_5136,12228.76789271381
00bbac68_5137,12228.76789271381
00bbac68_5138,12228.730200501324
00bbac68_5139,12228.730200501324
00bbac68_5140,12228.86037243548
00bbac68_5141,12228.86037243548
00bbac68_5142,12228.96443216932
00bbac68_5143,12228.927069710036
00bbac68_5144,12228.927069710036
00bbac68_5145,12228.927069710036
00bbac68_5146,12228.927069710036
00bbac68_5147,12228.927069710036
00bbac68_5148,12228.927069710036
00bbac68_5149,12228.927069710036
00bbac68_5150,12228.938555627685
00bbac68_5151,12228.867437340965
00bbac68_5152,12228.867437340965
00bbac68_5153,12228.867437340965
00bbac68_5154,12228.867437340965
00bbac68_5155,12228.867437340965
00bbac68_5156,12228.878383421632
00bbac68_5157,12228.878383421632
00bbac68_5158,12228.919806795326
00bbac68_5159,12228.640109280972
00bbac68_5160,12228.429359433736
00bbac68_5161,12228.325299699896
00bbac68_5162,12228.634908092798
00bbac68_5163,12228.86223615279
00bbac68_5164,12228.873182233458
00bbac68_5165,12228.798200136745
00bbac68_5166,12228.824543940305
00bbac68_5167,12228.797624132272
00bbac68_5168,12228.797624132272
00bbac68_5169,12228.861660148317
00bbac68_5170,12228.823967935832
00bbac68_5171,12228.612861694404
00bbac68_5172,12228.785971894305
00bbac68_5173,12228.764696349486
00bbac68_5174,12228.764696349486
00bbac68_5175,12228.764696349486
00bbac68_5176,12228.839678446198
00bbac68_5177,12228.828732365531
00bbac68_5178,12228.749216512273
00bbac68_5179,12228.69583954501
00bbac68_5180,12228.64042591838
00bbac68_5181,12228.775560315833
00bbac68_5182,12228.749216512273
00bbac68_5183,12228.656206012865
00bbac68_5184,12228.656206012865
00bbac68_5185,12228.445099771438
00bbac68_5186,12228.313835889923
00bbac68_5187,12228.368394344268
00bbac68_5188,12228.329315727136
00bbac68_5189,12228.620412613393
00bbac68_5190,12228.824198608985
00bbac68_5191,12228.824198608985
00bbac68_5192,12228.813252528318
00bbac68_5193,12228.775560315833
00bbac68_5194,12228.63464878587
00bbac68_5195,12228.69583954501
00bbac68_5196,12228.881514731245
00bbac68_5197,12228.907858534805
00bbac68_5198,12228.658646077403
00bbac68_5199,12228.81503744458
00bbac68_5200,12228.78869364102
00bbac68_5201,12228.821621423805
00bbac68_5202,12228.821621423805
00bbac68_5203,12228.821621423805
00bbac68_5204,12228.873253746244
00bbac68_5205,12228.873253746244
00bbac68_5206,12228.861601508277
00bbac68_5207,12228.550180524495
00bbac68_5208,12228.456528045059
00bbac68_5209,12228.597388386232
00bbac68_5210,12228.80917221733
00bbac68_5211,12228.862549184594
00bbac68_5212,12228.92658520064
00bbac68_5213,12228.692496999085
00bbac68_5214,12228.560960344988
00bbac68_5215,12228.88906538614
00bbac68_5216,12228.900011466807
00bbac68_5217,12228.825029370095
00bbac68_5218,12228.851373173655
00bbac68_5219,12228.826857617038
00bbac68_5220,12228.88906538614
00bbac68_5221,12228.88906538614
00bbac68_5222,12228.94774260831
00bbac68_5223,12229.251495746594
00bbac68_5224,12229.26244182726
00bbac68_5225,12229.288525029222
00bbac68_5226,12229.288525029222
00bbac68_5227,12229.288525029222
00bbac68_5228,12229.247101655528
00bbac68_5229,12229.236155574861
00bbac68_5230,12229.236155574861
00bbac68_5231,12229.236155574861
00bbac68_5232,12229.236155574861
00bbac68_5233,12229.103915134143
00bbac68_5234,12228.895079261156
00bbac68_5235,12228.873608867236
00bbac68_5236,12228.934606191913
00bbac68_5237,12228.995796951052
00bbac68_5238,12228.997625197995
00bbac68_5239,12229.033489163538
00bbac68_5240,12229.033844733978
00bbac68_5241,12229.086214188339
00bbac68_5242,12228.996152521493
00bbac68_5243,12228.895434831597
00bbac68_5244,12228.850576128267
00bbac68_5245,12228.943604030395
00bbac68_5246,12229.024808094522
00bbac68_5247,12229.024808094522
00bbac68_5248,12229.062500307007
00bbac68_5249,12228.890250407267
00bbac68_5250,12228.927770221766
00bbac68_5251,12228.942355474715
00bbac68_5252,12228.968699278275
00bbac68_5253,12228.942711045156
00bbac68_5254,12228.942711045156
00bbac68_5255,12228.905018832671
00bbac68_5256,12228.805403836779
00bbac68_5257,12228.823814768544
00bbac68_5258,12228.905018832671
00bbac68_5259,12228.823814768544
00bbac68_5260,12228.823814768544
00bbac68_5261,12228.843828073532
00bbac68_5262,12228.905018832671
00bbac68_5263,12228.905018832671
00bbac68_5264,12228.905018832671
00bbac68_5265,12228.905018832671
00bbac68_5266,12228.843828073532
00bbac68_5267,12228.487230538709
00bbac68_5268,12228.468819606944
00bbac68_5269,12228.490290000864
00bbac68_5270,12228.589096255972
00bbac68_5271,12228.488559049685
00bbac68_5272,12228.468819606944
00bbac68_5273,12228.63247061888
00bbac68_5274,12228.63247061888
00bbac68_5275,12228.485977055789
00bbac68_5276,12228.468668971633
00bbac68_5277,12228.448655666645
00bbac68_5278,12228.468668971633
00bbac68_5279,12228.679174952384
00bbac68_5280,12228.615138936339
00bbac68_5281,12228.595125631351
00bbac68_5282,12228.576714699586
00bbac68_5283,12228.598185093506
00bbac68_5284,12228.61366493072
00bbac68_5285,12228.61366493072
00bbac68_5286,12228.545269075586
00bbac68_5287,12228.512818601388
00bbac68_5288,12228.574009360527
00bbac68_5289,12228.580593339753
00bbac68_5290,12228.574009360527
00bbac68_5291,12228.574009360527
00bbac68_5292,12228.512818601388
00bbac68_5293,12228.428769280355
00bbac68_5294,12228.473334709126
00bbac68_5295,12228.545746384174
00bbac68_5296,12228.606937143313
00bbac68_5297,12228.455041531117
00bbac68_5298,12228.455041531117
00bbac68_5299,12228.489888486696
00bbac68_5300,12228.534869877227
00bbac68_5301,12228.43502822613
00bbac68_5302,12228.43502822613
00bbac68_5303,12228.179371605062
00bbac68_5304,12228.285156028252
00bbac68_5305,12228.28871404509
00bbac68_5306,12228.270076458119
00bbac68_5307,12228.096006979835
00bbac68_5308,12228.354910358661
00bbac68_5309,12228.354910358661
00bbac68_5310,12228.354910358661
00bbac68_5311,12228.354910358661
00bbac68_5312,12228.264205505604
00bbac68_5313,12228.373547945632
00bbac68_5314,12228.354910358661
00bbac68_5315,12228.273706294534
00bbac68_5316,12228.293719599522
00bbac68_5317,12228.293719599522
00bbac68_5318,12228.273706294534
00bbac68_5319,12228.140435819352
00bbac68_5320,12228.183001441477
00bbac68_5321,12228.183001441477
00bbac68_5322,12228.264205505604
00bbac68_5323,12228.264205505604
00bbac68_5324,12228.264205505604
00bbac68_5325,12228.183001441477
00bbac68_5326,12228.147568706972
00bbac68_5327,12228.2287727711
00bbac68_5328,12228.237451948922
00bbac68_5329,12228.24839802959
00bbac68_5330,12228.36090099785
00bbac68_5331,12228.36090099785
00bbac68_5332,12228.32815680198
00bbac68_5333,12228.322521619952
00bbac68_5334,12228.338115211127
00bbac68_5335,12228.319477624156
00bbac68_5336,12228.319477624156
00bbac68_5337,12228.491649200761
00bbac68_5338,12228.510286787732
00bbac68_5339,12228.494693196557
00bbac68_5340,12228.491649200761
00bbac68_5341,12228.430458441622
00bbac68_5342,12228.491649200761
00bbac68_5343,12228.491649200761
00bbac68_5344,12228.430458441622
00bbac68_5345,12228.533072574455
00bbac68_5346,12228.494693196557
00bbac68_5347,12228.491649200761
00bbac68_5348,12228.430458441622
00bbac68_5349,12228.533072574455
00bbac68_5350,12228.491649200761
00bbac68_5351,12228.410445136635
00bbac68_5352,12228.410445136635
00bbac68_5353,12228.36787951451
00bbac68_5354,12228.491649200761
00bbac68_5355,12228.511274459252
00bbac68_5356,12228.511274459252
00bbac68_5357,12228.510286787732
00bbac68_5358,12228.527081935266
00bbac68_5359,12227.68521357438
00bbac68_5360,12227.68521357438
00bbac68_5361,12227.68521357438
00bbac68_5362,12227.68521357438
00bbac68_5363,12227.775918427436
00bbac68_5364,12227.775918427436
00bbac68_5365,12227.775918427436
00bbac68_5366,12227.848693250873
00bbac68_5367,12227.930914324963
00bbac68_5368,12227.992105084102
00bbac68_5369,12227.992105084102
00bbac68_5370,12227.992105084102
00bbac68_5371,12227.992105084102
00bbac68_5372,12227.901400231045
00bbac68_5373,12227.930914324963
00bbac68_5374,12227.910901019975
00bbac68_5375,12227.992105084102
00bbac68_5376,12228.007184654236
00bbac68_5377,12227.992105084102
00bbac68_5378,12227.901400231045
00bbac68_5379,12227.840209471906
00bbac68_5380,12227.901400231045
00bbac68_5381,12227.901400231045
00bbac68_5382,12227.756160150873
00bbac68_5383,12227.820196166918
00bbac68_5384,12227.901400231045
00bbac68_5385,12227.901400231045
00bbac68_5386,12227.916479801179
00bbac68_5387,12227.916479801179
00bbac68_5388,12227.757988397816
00bbac68_5389,12227.777630544793
00bbac68_5390,12227.756160150873
00bbac68_5391,12227.840209471906
00bbac68_5392,12227.840209471906
00bbac68_5393,12227.901400231045
00bbac68_5394,12227.901400231045
00bbac68_5395,12227.901400231045
00bbac68_5396,12227.901400231045
00bbac68_5397,12227.942823604739
00bbac68_5398,12227.942823604739
00bbac68_5399,12227.942823604739
00bbac68_5400,12227.918136296883
00bbac68_5401,12227.882703562378
00bbac68_5402,12227.821512803239
00bbac68_5403,12227.849775779592
00bbac68_5404,12227.837409868062
00bbac68_5405,12225.325555754
00bbac68_5406,12224.470496107955
00bbac68_5407,12224.450482802968
00bbac68_5408,12224.450482802968
00bbac68_5409,12224.450482802968
00bbac68_5410,12224.450482802968
00bbac68_5411,12224.470496107955
00bbac68_5412,12224.470496107955
00bbac68_5413,12224.471953196888
00bbac68_5414,12224.450482802968
00bbac68_5415,12224.450482802968
00bbac68_5416,12224.470496107955
00bbac68_5417,12224.450482802968
00bbac68_5418,12224.556667493238
00bbac68_5419,12224.556667493238
00bbac68_5420,12224.561200961012
00bbac68_5421,12224.561200961012
00bbac68_5422,12224.541187656025
00bbac68_5423,12224.541187656025
00bbac68_5424,12224.562658049945
00bbac68_5425,12224.509599250872
00bbac68_5426,12224.509599250872
00bbac68_5427,12224.387833948203
00bbac68_5428,12224.387833948203
00bbac68_5429,12224.409304342124
00bbac68_5430,12224.409304342124
00bbac68_5431,12224.409304342124
00bbac68_5432,12224.264643283055
00bbac68_5433,12224.272621013704
00bbac68_5434,12223.751379406902
00bbac68_5435,12223.70014705691
00bbac68_5436,12223.706427414558
00bbac68_5437,12223.706427414558
00bbac68_5438,12223.739355197344
00bbac68_5439,12223.728541371922
00bbac68_5440,12223.799787026901
00bbac68_5441,12223.773443223341
00bbac68_5442,12223.773443223341
00bbac68_5443,12223.527469732275
00bbac68_5444,12223.808824252446
00bbac68_5445,12223.748392422889
00bbac68_5446,12223.748392422889
00bbac68_5447,12223.748392422889
00bbac68_5448,12223.782480448886
00bbac68_5449,12223.808877995221
00bbac68_5450,12223.821912263766
00bbac68_5451,12223.693606445066
00bbac68_5452,12223.675694067982
00bbac68_5453,12223.746939722962
00bbac68_5454,12223.746939722962
00bbac68_5455,12223.746939722962
00bbac68_5456,12223.746939722962
00bbac68_5457,12223.851646361674
00bbac68_5458,12223.825302558114
00bbac68_5459,12223.778413536864
00bbac68_5460,12223.673706898151
00bbac68_5461,12223.720595919402
00bbac68_5462,12223.746939722962
00bbac68_5463,12223.723644206455
00bbac68_5464,12223.477670715389
00bbac68_5465,12223.687701265872
00bbac68_5466,12223.676755185204
00bbac68_5467,12223.723644206455
00bbac68_5468,12223.810102664907
00bbac68_5469,12223.666249381113
00bbac68_5470,12223.608120288025
00bbac68_5471,12223.552643256193
00bbac68_5472,12223.762673806676
00bbac68_5473,12223.552643256193
00bbac68_5474,12224.182963202373
00bbac68_5475,12224.182963202373
00bbac68_5476,12223.607368561357
00bbac68_5477,12223.712386675696
00bbac68_5478,12223.797865020591
00bbac68_5479,12223.818573642124
00bbac68_5480,12223.824208824151
00bbac68_5481,12223.824208824151
00bbac68_5482,12223.972086797155
00bbac68_5483,12223.89728312534
00bbac68_5484,12223.89728312534
00bbac68_5485,12223.91875351926
00bbac68_5486,12224.040518821928
00bbac68_5487,12223.971356081714
00bbac68_5488,12223.971356081714
00bbac68_5489,12223.971356081714
00bbac68_5490,12223.945710262047
00bbac68_5491,12223.945710262047
00bbac68_5492,12223.945710262047
00bbac68_5493,12223.945710262047
00bbac68_5494,12223.924239868127
00bbac68_5495,12223.945710262047
00bbac68_5496,12223.945710262047
00bbac68_5497,12223.945710262047
00bbac68_5498,12223.981142996552
00bbac68_5499,12223.981142996552
00bbac68_5500,12223.760757596925
00bbac68_5501,12224.18684508362
00bbac68_5502,12224.1653746897
00bbac68_5503,12224.1653746897
00bbac68_5504,12224.180854526912
00bbac68_5505,12224.282565761998
00bbac68_5506,12224.282565761998
00bbac68_5507,12224.302579066985
00bbac68_5508,12224.183496861446
00bbac68_5509,12224.197872428273
00bbac68_5510,12224.199329517205
00bbac68_5511,12224.168466327299
00bbac68_5512,12223.539347189868
00bbac68_5513,12223.559360494855
00bbac68_5514,12223.559360494855
00bbac68_5515,12223.501827375369
00bbac68_5516,12223.521840680356
00bbac68_5517,12223.50746511353
00bbac68_5518,12223.432492572725
00bbac68_5519,12223.406148769165
00bbac68_5520,12223.474971808659
00bbac68_5521,12223.474971808659
00bbac68_5522,12223.484155651786
00bbac68_5523,12223.578804225945
00bbac68_5524,12223.83945817342
00bbac68_5525,12223.844329351654
00bbac68_5526,12223.833383270987
00bbac68_5527,12223.844329351654
00bbac68_5528,12223.844329351654
00bbac68_5529,12223.844329351654
00bbac68_5530,12223.844329351654
00bbac68_5531,12223.844329351654
00bbac68_5532,12223.833383270987
00bbac68_5533,12223.833738841427
00bbac68_5534,12223.863507938884
00bbac68_5535,12223.528024359872
00bbac68_5536,12223.528024359872
00bbac68_5537,12223.528024359872
00bbac68_5538,12223.528024359872
00bbac68_5539,12223.528024359872
00bbac68_5540,12223.528024359872
00bbac68_5541,12223.527668789431
00bbac68_5542,12223.527668789431
00bbac68_5543,12223.527668789431
00bbac68_5544,12223.527668789431
00bbac68_5545,12223.46431514046
00bbac68_5546,12223.46431514046
00bbac68_5547,12223.46431514046
00bbac68_5548,12223.448497881558
00bbac68_5549,12223.292550572796
00bbac68_5550,12223.224245802197
00bbac68_5551,12223.271312384273
00bbac68_5552,12223.271312384273
00bbac68_5553,12223.2856879511
00bbac68_5554,12223.2856879511
00bbac68_5555,12223.2856879511
00bbac68_5556,12223.2856879511
00bbac68_5557,12223.10404984041
00bbac68_5558,12223.10404984041
00bbac68_5559,12223.10404984041
00bbac68_5560,12223.10404984041
00bbac68_5561,12221.32325266563
00bbac68_5562,12221.363972036017
00bbac68_5563,12221.345398741789
00bbac68_5564,12221.278949100564
00bbac68_5565,12221.279304671005
00bbac68_5566,12221.279304671005
00bbac68_5567,12221.279304671005
00bbac68_5568,12221.440740158021
00bbac68_5569,12221.458246667533
00bbac68_5570,12221.458246667533
00bbac68_5571,12221.435151632682
00bbac68_5572,12221.445816373696
00bbac68_5573,12221.439349360084
00bbac68_5574,12221.445816373696
00bbac68_5575,12221.445816373696
00bbac68_5576,12221.45372492691
00bbac68_5577,12221.45372492691
00bbac68_5578,12221.45372492691
00bbac68_5579,12221.439349360084
00bbac68_5580,12221.439349360084
00bbac68_5581,12221.439349360084
00bbac68_5582,12221.413005556524
00bbac68_5583,12221.413005556524
00bbac68_5584,12221.385751052458
00bbac68_5585,12220.658800027788
00bbac68_5586,12220.658800027788
00bbac68_5587,12220.658800027788
00bbac68_5588,12220.658800027788
00bbac68_5589,12220.685143831348
00bbac68_5590,12220.699519398175
00bbac68_5591,12220.685143831348
00bbac68_5592,12220.658800027788
00bbac68_5593,12220.21993034902
00bbac68_5594,12220.234305915847
00bbac68_5595,12220.234305915847
00bbac68_5596,12220.21993034902
00bbac68_5597,12220.19358654546
00bbac68_5598,12220.19358654546
00bbac68_5599,12220.19358654546
00bbac68_5600,12220.19358654546
00bbac68_5601,12220.19358654546
00bbac68_5602,12220.21993034902
00bbac68_5603,12220.24302538387
00bbac68_5604,12220.24302538387
00bbac68_5605,12220.257400950697
00bbac68_5606,12220.23738764571
00bbac68_5607,12220.238035008617
00bbac68_5608,12220.059662595455
00bbac68_5609,12220.18862445527
00bbac68_5610,12220.19426219343
00bbac68_5611,12220.185598266986
00bbac68_5612,12220.181563765982
00bbac68_5613,12220.181563765982
00bbac68_5614,12220.181563765982
00bbac68_5615,12220.187201504143
00bbac68_5616,12220.215443712228
00bbac68_5617,12220.043543212252
00bbac68_5618,12220.043543212252
00bbac68_5619,12220.120728870266
00bbac68_5620,12220.255007599466
00bbac68_5621,12220.255007599466
00bbac68_5622,12220.255007599466
00bbac68_5623,12220.255007599466
00bbac68_5624,12220.315531065327
00bbac68_5625,12220.315886635768
00bbac68_5626,12220.303781883995
00bbac68_5627,12220.315886635768
00bbac68_5628,12220.315886635768
00bbac68_5629,12220.168661441841
00bbac68_5630,12220.168661441841
00bbac68_5631,12220.14556640699
00bbac68_5632,12220.168661441841
00bbac68_5633,12220.016142666487
00bbac68_5634,12219.979042272493
00bbac68_5635,12219.978970748898
00bbac68_5636,12220.180766193615
00bbac68_5637,12220.1683058714
00bbac68_5638,12220.1683058714
00bbac68_5639,12219.989150238254
00bbac68_5640,12219.987419287076
00bbac68_5641,12219.766901012417
00bbac68_5642,12219.865803766406
00bbac68_5643,12219.865803766406
00bbac68_5644,12219.986421648593
00bbac68_5645,12219.986421648593
00bbac68_5646,12219.986421648593
00bbac68_5647,12219.986421648593
00bbac68_5648,12219.986421648593
00bbac68_5649,12219.763371971181
00bbac68_5650,12219.763371971181
00bbac68_5651,12219.900735934374
00bbac68_5652,12216.371037210054
00bbac68_5653,12216.371037210054
00bbac68_5654,12216.371037210054
00bbac68_5655,12216.371037210054
00bbac68_5656,12216.371037210054
00bbac68_5657,12216.406530352255
00bbac68_5658,12216.392154785428
00bbac68_5659,12216.425082568214
00bbac68_5660,12216.425082568214
00bbac68_5661,12216.374774091546
00bbac68_5662,12216.368373699235
00bbac68_5663,12216.182419083401
00bbac68_5664,12216.274251216695
00bbac68_5665,12216.274251216695
00bbac68_5666,12216.274251216695
00bbac68_5667,12216.274251216695
00bbac68_5668,12216.274251216695
00bbac68_5669,12215.109206622335
00bbac68_5670,12215.07627883955
00bbac68_5671,12215.08267923186
00bbac68_5672,12215.10902303542
00bbac68_5673,12215.10902303542
00bbac68_5674,12215.067199394647
00bbac68_5675,12215.067199394647
00bbac68_5676,12215.070757411484
00bbac68_5677,12215.055163820309
00bbac68_5678,12215.067199394647
00bbac68_5679,12215.024759745907
00bbac68_5680,12214.998415942347
00bbac68_5681,12215.024759745907
00bbac68_5682,12214.996082514475
00bbac68_5683,12214.867382477727
00bbac68_5684,12214.887395782715
00bbac68_5685,12214.867382477727
00bbac68_5686,12214.867382477727
00bbac68_5687,12214.867382477727
00bbac68_5688,12214.778391113456
00bbac68_5689,12214.774078511926
00bbac68_5690,12214.893722543096
00bbac68_5691,12214.904735521613
00bbac68_5692,12214.58783199018
00bbac68_5693,12214.58783199018
00bbac68_5694,12214.552743569908
00bbac68_5695,12214.552743569908
00bbac68_5696,12214.47515237509
00bbac68_5697,12214.512909742412
00bbac68_5698,12214.512909742412
00bbac68_5699,12214.511178791234
00bbac68_5700,12214.511178791234
00bbac68_5701,12214.474006873645
00bbac68_5702,12214.654020462065
00bbac68_5703,12214.616848544476
00bbac68_5704,12214.628899950825
00bbac68_5705,12214.616848544476
00bbac68_5706,12214.655751413244
00bbac68_5707,12214.655751413244
00bbac68_5708,12214.655751413244
00bbac68_5709,12214.655751413244
00bbac68_5710,12214.655751413244
00bbac68_5711,12214.603220992638
00bbac68_5712,12214.56431812387
00bbac68_5713,12214.603220992638
00bbac68_5714,12214.603220992638
00bbac68_5715,12214.594183767093
00bbac68_5716,12214.594183767093
00bbac68_5717,12214.558751032588
00bbac68_5718,12214.558751032588
00bbac68_5719,12214.558751032588
00bbac68_5720,12214.558751032588
00bbac68_5721,12214.558751032588
00bbac68_5722,12214.558751032588
00bbac68_5723,12214.558751032588
00bbac68_5724,12214.558751032588
00bbac68_5725,12214.558751032588
00bbac68_5726,12214.558751032588
00bbac68_5727,12214.558751032588
00bbac68_5728,12214.578764337575
00bbac68_5729,12214.578764337575
00bbac68_5730,12213.136760533363
00bbac68_5731,12213.136760533363
00bbac68_5732,12213.116747228376
00bbac68_5733,12213.116747228376
00bbac68_5734,12213.136760533363
00bbac68_5735,12213.116747228376
00bbac68_5736,12213.116747228376
00bbac68_5737,12213.116747228376
00bbac68_5738,12213.115016277197
00bbac68_5739,12213.116747228376
00bbac68_5740,12213.116747228376
00bbac68_5741,12213.116747228376
00bbac68_5742,12213.116747228376
00bbac68_5743,12213.116747228376
00bbac68_5744,12213.116747228376
00bbac68_5745,12213.115016277197
00bbac68_5746,12213.115016277197
00bbac68_5747,12213.077844359608
00bbac68_5748,12213.077844359608
00bbac68_5749,12213.115016277197
00bbac68_5750,12213.033595918814
00bbac68_5751,12209.911267080517
00bbac68_5752,12209.909536129338
00bbac68_5753,12209.872310866325
00bbac68_5754,12209.911267080517
00bbac68_5755,12209.911267080517
00bbac68_5756,12209.911267080517
00bbac68_5757,12209.920304306062
00bbac68_5758,12209.920304306062
00bbac68_5759,12209.920304306062
00bbac68_5760,12209.777337766212
00bbac68_5761,12209.777337766212
00bbac68_5762,12209.777337766212
00bbac68_5763,12209.739705267908
00bbac68_5764,12209.819027413905
00bbac68_5765,12209.752388758245
00bbac68_5766,12209.752388758245
00bbac68_5767,12209.631454193152
00bbac68_5768,12209.642841076278
00bbac68_5769,12209.730101489371
00bbac68_5770,12209.730101489371
00bbac68_5771,12209.730101489371
00bbac68_5772,12209.730101489371
00bbac68_5773,12209.556584296106
00bbac68_5774,12209.536570991118
00bbac68_5775,12209.536570991118
00bbac68_5776,12209.561835814004
00bbac68_5777,12209.59476359679
00bbac68_5778,12209.59476359679
00bbac68_5779,12209.561406127696
00bbac68_5780,12209.569383858345
00bbac68_5781,12209.548675236812
00bbac68_5782,12209.469353090815
00bbac68_5783,12209.443707271148
00bbac68_5784,12209.443707271148
00bbac68_5785,12209.443707271148
00bbac68_5786,12209.443707271148
00bbac68_5787,12209.443707271148
00bbac68_5788,12209.443707271148
00bbac68_5789,12209.443707271148
00bbac68_5790,12209.443707271148
00bbac68_5791,12209.443707271148
00bbac68_5792,12209.443707271148
00bbac68_5793,12209.351549061063
00bbac68_5794,12209.351549061063
00bbac68_5795,12209.294828882117
00bbac68_5796,12209.294828882117
00bbac68_5797,12209.294828882117
00bbac68_5798,12209.294828882117
00bbac68_5799,12209.294828882117
00bbac68_5800,12209.294828882117
00bbac68_5801,12209.294828882117
00bbac68_5802,12209.294828882117
00bbac68_5803,12209.294828882117
00bbac68_5804,12209.294828882117
00bbac68_5805,12209.294828882117
00bbac68_5806,12209.294828882117
00bbac68_5807,12209.294828882117
00bbac68_5808,12209.31553750365
00bbac68_5809,12209.309949732833
00bbac68_5810,12209.3355955525
00bbac68_5811,12209.3355955525
00bbac68_5812,12209.3355955525
00bbac68_5813,12209.309949732833
00bbac68_5814,12208.803251155687
00bbac68_5815,12208.7703233729
00bbac68_5816,12208.754843535688
00bbac68_5817,12208.754843535688
00bbac68_5818,12208.594902068153
00bbac68_5819,12208.594902068153
00bbac68_5820,12208.586238141708
00bbac68_5821,12208.788432566405
00bbac68_5822,12208.756062713572
00bbac68_5823,12208.898904384403
00bbac68_5824,12208.898904384403
00bbac68_5825,12208.11467863919
00bbac68_5826,12208.027418226096
00bbac68_5827,12208.018381000551
00bbac68_5828,12208.095566658565
00bbac68_5829,12208.249858692752
00bbac68_5830,12208.226763657902
00bbac68_5831,12208.226763657902
00bbac68_5832,12208.27518237199
00bbac68_5833,12208.27518237199
00bbac68_5834,12208.27518237199
00bbac68_5835,12208.127304398986
00bbac68_5836,12208.127304398986
00bbac68_5837,12207.788451217006
00bbac68_5838,12207.788451217006
00bbac68_5839,12207.78286344619
00bbac68_5840,12207.78286344619
00bbac68_5841,12207.78286344619
00bbac68_5842,12207.78286344619
00bbac68_5843,12207.78286344619
00bbac68_5844,12207.78286344619
00bbac68_5845,12207.734444732101
00bbac68_5846,12207.734444732101
00bbac68_5847,12207.734444732101
00bbac68_5848,12207.734444732101
00bbac68_5849,12207.734444732101
00bbac68_5850,12207.575981206812
00bbac68_5851,12207.575981206812
00bbac68_5852,12206.253043577575
00bbac68_5853,12206.253043577575
00bbac68_5854,12206.253043577575
00bbac68_5855,12206.253043577575
00bbac68_5856,12206.253043577575
00bbac68_5857,12206.253043577575
00bbac68_5858,12206.258631348392
00bbac68_5859,12206.253043577575
00bbac68_5860,12205.165179997537
00bbac68_5861,12205.165179997537
00bbac68_5862,12205.165179997537
00bbac68_5863,12205.165179997537
00bbac68_5864,12205.213598711625
00bbac68_5865,12205.213598711625
00bbac68_5866,12205.213598711625
00bbac68_5867,12205.213598711625
00bbac68_5868,12205.219186482442
00bbac68_5869,12205.22482166447
00bbac68_5870,12205.213598711625
00bbac68_5871,12205.234780073617
00bbac68_5872,12205.219186482442
00bbac68_5873,12205.213598711625
00bbac68_5874,12204.698291586923
00bbac68_5875,12204.698291586923
00bbac68_5876,12204.63864991999
00bbac68_5877,12204.63864991999
00bbac68_5878,12204.63864991999
00bbac68_5879,12204.63864991999
00bbac68_5880,12204.63864991999
00bbac68_5881,12204.63864991999
00bbac68_5882,12204.63864991999
00bbac68_5883,12204.63864991999
00bbac68_5884,12204.63864991999
00bbac68_5885,12204.63864991999
00bbac68_5886,12204.63864991999
00bbac68_5887,12203.38954569167
00bbac68_5888,12203.38954569167
00bbac68_5889,12203.537423664675
00bbac68_5890,12203.537423664675
00bbac68_5891,12203.560518699525
00bbac68_5892,12203.406226665338
00bbac68_5893,12203.329041007324
00bbac68_5894,12203.329041007324
00bbac68_5895,12203.329041007324
00bbac68_5896,12203.425338645962
00bbac68_5897,12203.425338645962
00bbac68_5898,12203.425338645962
00bbac68_5899,12203.425338645962
00bbac68_5900,12203.425338645962
00bbac68_5901,12203.365424678914
00bbac68_5902,12203.365424678914
00bbac68_5903,12203.020388583385
00bbac68_5904,12203.02905250983
00bbac68_5905,12203.50798051179
00bbac68_5906,12203.50798051179
00bbac68_5907,12203.50798051179
00bbac68_5908,12203.523460349003
00bbac68_5909,12203.523460349003
00bbac68_5910,12203.556388131788
00bbac68_5911,12203.556388131788
00bbac68_5912,12203.69922980262
00bbac68_5913,12203.69922980262
00bbac68_5914,12203.69922980262
00bbac68_5915,12203.720411164612
00bbac68_5916,12203.684108951904
00bbac68_5917,12203.684108951904
00bbac68_5918,12203.675071726359
00bbac68_5919,12202.37326453358
00bbac68_5920,12202.39960833714
00bbac68_5921,12202.39960833714
00bbac68_5922,12202.37326453358
00bbac68_5923,12202.37326453358
00bbac68_5924,12202.35016949873
00bbac68_5925,12202.35016949873
00bbac68_5926,12202.37326453358
00bbac68_5927,12202.37326453358
00bbac68_5928,12202.37326453358
00bbac68_5929,12202.384750451229
00bbac68_5930,12202.384750451229
00bbac68_5931,12202.384750451229
00bbac68_5932,12202.384750451229
00bbac68_5933,12202.361655416378
00bbac68_5934,12202.387999219938
00bbac68_5935,12202.361655416378
00bbac68_5936,12202.361655416378
00bbac68_5937,12202.397957629086
00bbac68_5938,12202.376776267094
00bbac68_5939,12202.376776267094
00bbac68_5940,12202.397957629086
00bbac68_5941,12202.387999219938
00bbac68_5942,12202.152354861924
00bbac68_5943,12202.211752109482
00bbac68_5944,12202.179084829842
00bbac68_5945,12202.179084829842
00bbac68_5946,12202.179084829842
00bbac68_5947,12201.824939279031
00bbac68_5948,12201.824939279031
00bbac68_5949,12201.836162231875
00bbac68_5950,12201.809818428315
00bbac68_5951,12201.809818428315
00bbac68_5952,12201.124673124032
00bbac68_5953,12201.124673124032
00bbac68_5954,12201.124673124032
00bbac68_5955,12201.139793974748
00bbac68_5956,12201.139793974748
00bbac68_5957,12201.165899368752
00bbac68_5958,12201.150778518037
00bbac68_5959,12200.63215448444
00bbac68_5960,12200.63215448444
00bbac68_5961,12200.597836496745
00bbac68_5962,12200.597836496745
00bbac68_5963,12200.603424267561
00bbac68_5964,12200.597836496745
00bbac68_5965,12200.597836496745
00bbac68_5966,12200.597836496745
00bbac68_5967,12200.597836496745
00bbac68_5968,12200.597836496745
00bbac68_5969,12200.597836496745
00bbac68_5970,12200.597836496745
00bbac68_5971,12200.597836496745
00bbac68_5972,12200.620931531595
00bbac68_5973,12200.620931531595
00bbac68_5974,12200.473053558591
00bbac68_5975,12200.473053558591
00bbac68_5976,12200.473053558591
00bbac68_5977,12200.494234920583
00bbac68_5978,12200.484276511435
00bbac68_5979,12200.457932707875
00bbac68_5980,12200.434837673025
00bbac68_5981,12200.461181476585
00bbac68_5982,12200.484276511435
00bbac68_5983,12200.484276511435
00bbac68_5984,12200.473053558591
00bbac68_5985,12200.473053558591
00bbac68_5986,12200.067899095282
00bbac68_5987,12200.052305504107
00bbac68_5988,12200.057940686134
00bbac68_5989,12200.031596882574
00bbac68_5990,12200.04671773329
00bbac68_5991,12200.04671773329
00bbac68_5992,12200.04671773329
00bbac68_5993,12200.04671773329
00bbac68_5994,12200.029210469256
00bbac68_5995,12200.044804060431
00bbac68_5996,12200.029210469256
00bbac68_5997,12200.008501847724
00bbac68_5998,12200.008501847724
00bbac68_5999,12200.034845651284
00bbac68_6000,12200.034845651284
00bbac68_6001,12200.008501847724
00bbac68_6002,12199.677404546239
00bbac68_6003,12199.703748349799
00bbac68_6004,12199.703748349799
00bbac68_6005,12199.677404546239
00bbac68_6006,12199.677404546239
00bbac68_6007,12199.677404546239
00bbac68_6008,12199.677404546239
00bbac68_6009,12199.677404546239
00bbac68_6010,12199.677404546239
00bbac68_6011,12199.677404546239
00bbac68_6012,12199.703748349799
00bbac68_6013,12199.703748349799
00bbac68_6014,12199.458855401632
00bbac68_6015,12199.458855401632
00bbac68_6016,12199.458855401632
00bbac68_6017,12199.458855401632
00bbac68_6018,12199.432511598072
00bbac68_6019,12198.802839279924
00bbac68_6020,12198.840669001132
00bbac68_6021,12198.829446048288
00bbac68_6022,12198.829446048288
00bbac68_6023,12198.81796013064
00bbac68_6024,12198.829183083484
00bbac68_6025,12198.802839279924
00bbac68_6026,12198.840669001132
00bbac68_6027,12198.840669001132
00bbac68_6028,12198.81796013064
00bbac68_6029,12198.81796013064
00bbac68_6030,12198.829446048288
00bbac68_6031,12198.81796013064
00bbac68_6032,12198.823547901457
00bbac68_6033,12198.823547901457
00bbac68_6034,12198.81796013064
00bbac68_6035,12198.829183083484
00bbac68_6036,12198.802839279924
00bbac68_6037,12198.875632799743
00bbac68_6038,12198.869997617716
00bbac68_6039,12198.875632799743
00bbac68_6040,12198.849288996184
00bbac68_6041,12198.849288996184
00bbac68_6042,12198.849288996184
00bbac68_6043,12198.849288996184
00bbac68_6044,12198.849288996184
00bbac68_6045,12198.849288996184
00bbac68_6046,12198.849288996184
00bbac68_6047,12198.885591208891
00bbac68_6048,12198.885591208891
00bbac68_6049,12198.134719032842
00bbac68_6050,12198.108375229282
00bbac68_6051,12198.007153655693
00bbac68_6052,12198.108375229282
00bbac68_6053,12198.134719032842
00bbac68_6054,12198.134719032842
00bbac68_6055,12198.108375229282
00bbac68_6056,12198.134719032842
00bbac68_6057,12198.123496079997
00bbac68_6058,12198.123496079997
00bbac68_6059,12198.129083850814
00bbac68_6060,12198.108375229282
00bbac68_6061,12198.134719032842
00bbac68_6062,12198.123496079997
00bbac68_6063,12198.123496079997
00bbac68_6064,12198.123496079997
00bbac68_6065,12198.123496079997
00bbac68_6066,12198.123496079997
00bbac68_6067,12198.14467744199
00bbac68_6068,12198.123496079997
00bbac68_6069,12198.271374053002
00bbac68_6070,12197.801294343151
00bbac68_6071,12197.827638146711
00bbac68_6072,12197.816415193867
00bbac68_6073,12197.816415193867
00bbac68_6074,12197.816415193867
00bbac68_6075,12197.816415193867
00bbac68_6076,12197.816415193867
00bbac68_6077,12197.783487411081
00bbac68_6078,12197.783487411081
00bbac68_6079,12196.791912088847
00bbac68_6080,12196.776432251634
00bbac68_6081,12196.776432251634
00bbac68_6082,12196.776432251634
00bbac68_6083,12196.776432251634
00bbac68_6084,12196.791912088847
00bbac68_6085,12196.791912088847
00bbac68_6086,12196.791912088847
00bbac68_6087,12196.791912088847
00bbac68_6088,12196.791912088847
00bbac68_6089,12196.926271136857
00bbac68_6090,12196.937494089701
00bbac68_6091,12196.911150286141
00bbac68_6092,12196.911150286141
00bbac68_6093,12196.911150286141
00bbac68_6094,12196.937494089701
00bbac68_6095,12196.926271136857
00bbac68_6096,12196.778393163853
00bbac68_6097,12196.778393163853
00bbac68_6098,12196.778393163853
00bbac68_6099,12196.778393163853
00bbac68_6100,12196.778393163853
00bbac68_6101,12196.789616116697
00bbac68_6102,12196.763272313137
00bbac68_6103,12196.789616116697
00bbac68_6104,12196.778393163853
00bbac68_6105,12196.778393163853
00bbac68_6106,12196.778393163853
00bbac68_6107,12196.763272313137
00bbac68_6108,12196.763272313137
00bbac68_6109,12196.763272313137
00bbac68_6110,12196.763272313137
00bbac68_6111,12196.763272313137
00bbac68_6112,12195.699451823039
00bbac68_6113,12195.699451823039
00bbac68_6114,12195.699451823039
00bbac68_6115,12195.693816641011
00bbac68_6116,12195.699451823039
00bbac68_6117,12195.673108019479
00bbac68_6118,12195.673108019479
00bbac68_6119,12195.673108019479
00bbac68_6120,12195.699451823039
00bbac68_6121,12195.688228870195
00bbac68_6122,12195.699451823039
00bbac68_6123,12195.688228870195
00bbac68_6124,12195.709410232186
00bbac68_6125,12195.699451823039
00bbac68_6126,12195.699451823039
00bbac68_6127,12195.688228870195
00bbac68_6128,12195.688228870195
00bbac68_6129,12195.693816641011
00bbac68_6130,12195.693816641011
00bbac68_6131,12195.699451823039
00bbac68_6132,12195.699451823039
00bbac68_6133,12195.699451823039
00bbac68_6134,12195.699451823039
00bbac68_6135,12195.699451823039
00bbac68_6136,12195.699451823039
00bbac68_6137,12195.699451823039
00bbac68_6138,12195.699451823039
00bbac68_6139,12195.699451823039
00bbac68_6140,12195.699451823039
00bbac68_6141,12195.710937740687
00bbac68_6142,12195.710937740687
00bbac68_6143,12195.710937740687
00bbac68_6144,12195.684593937127
00bbac68_6145,12195.684593937127
00bbac68_6146,12195.684593937127
00bbac68_6147,12195.684593937127
00bbac68_6148,12195.291536828265
00bbac68_6149,12195.291536828265
00bbac68_6150,12195.291536828265
00bbac68_6151,12195.317880631825
00bbac68_6152,12195.317880631825
00bbac68_6153,12195.271623677596
00bbac68_6154,12195.329536052222
00bbac68_6155,12195.329536052222
00bbac68_6156,12195.329536052222
00bbac68_6157,12195.349449202891
00bbac68_6158,12195.349449202891
00bbac68_6159,12195.329536052222
00bbac68_6160,12195.329536052222
00bbac68_6161,12195.329536052222
00bbac68_6162,12195.329536052222
00bbac68_6163,12195.375793006451
00bbac68_6164,12195.329536052222
00bbac68_6165,12195.329536052222
00bbac68_6166,12195.33813029259
00bbac68_6167,12195.329536052222
00bbac68_6168,12195.375793006451
00bbac68_6169,12195.349449202891
00bbac68_6170,12195.282292364991
00bbac68_6171,12195.282292364991
00bbac68_6172,12195.337769396823
00bbac68_6173,12195.337769396823
00bbac68_6174,12195.282292364991
00bbac68_6175,12195.33813029259
00bbac68_6176,12195.329536052222
00bbac68_6177,12195.329536052222
00bbac68_6178,12195.349449202891
00bbac68_6179,12195.329536052222
00bbac68_6180,12195.33813029259
00bbac68_6181,12195.329536052222
00bbac68_6182,12195.329536052222
00bbac68_6183,12195.329536052222
00bbac68_6184,12195.329536052222
00bbac68_6185,12194.25367347819
00bbac68_6186,12194.25367347819
00bbac68_6187,12194.25367347819
00bbac68_6188,12194.25367347819
00bbac68_6189,12194.25367347819
00bbac68_6190,12194.233760327521
00bbac68_6191,12194.233448473618
00bbac68_6192,12194.206598282355
00bbac68_6193,12194.206598282355
00bbac68_6194,12194.206598282355
00bbac68_6195,12194.206598282355
00bbac68_6196,12194.206598282355
00bbac68_6197,12194.206598282355
00bbac68_6198,12194.206598282355
00bbac68_6199,12194.148685907729
00bbac68_6200,12194.148685907729
00bbac68_6201,12194.12877275706
00bbac68_6202,12194.137366997427
00bbac68_6203,12194.13700610166
00bbac68_6204,12194.081529069828
00bbac68_6205,12194.12877275706
00bbac68_6206,12194.148685907729
00bbac68_6207,12194.148685907729
00bbac68_6208,12194.148685907729
00bbac68_6209,12194.148685907729
00bbac68_6210,12194.148685907729
00bbac68_6211,12194.148685907729
00bbac68_6212,12194.12877275706
00bbac68_6213,12194.148685907729
00bbac68_6214,12194.148685907729
00bbac68_6215,12194.148685907729
00bbac68_6216,12194.081529069828
00bbac68_6217,12194.12877275706
00bbac68_6218,12194.12877275706
00bbac68_6219,12194.207307255276
00bbac68_6220,12194.207307255276
00bbac68_6221,12194.274536837038
00bbac68_6222,12194.285132780571
00bbac68_6223,12194.285132780571
00bbac68_6224,12194.326890517485
00bbac68_6225,12194.326890517485
00bbac68_6226,12194.306977366816
00bbac68_6227,12194.306977366816
00bbac68_6228,12194.306977366816
00bbac68_6229,12194.326890517485
00bbac68_6230,12194.306977366816
00bbac68_6231,12194.306977366816
00bbac68_6232,12194.326890517485
00bbac68_6233,12194.306977366816
00bbac68_6234,12194.306977366816
00bbac68_6235,12194.326890517485
00bbac68_6236,12194.306977366816
00bbac68_6237,12193.99305836099
00bbac68_6238,12193.99305836099
00bbac68_6239,12194.04030204822
00bbac68_6240,12194.04030204822
00bbac68_6241,12194.04030204822
00bbac68_6242,12194.04030204822
00bbac68_6243,12194.04030204822
00bbac68_6244,12194.04030204822
00bbac68_6245,12194.656704349078
00bbac68_6246,12194.656704349078
00bbac68_6247,12194.656704349078
00bbac68_6248,12194.656704349078
00bbac68_6249,12194.656704349078
00bbac68_6250,12194.656704349078
00bbac68_6251,12194.536109959734
00bbac68_6252,12194.536109959734
00bbac68_6253,12194.544704200101
00bbac68_6254,12194.536109959734
00bbac68_6255,12194.536109959734
00bbac68_6256,12194.536109959734
00bbac68_6257,12194.536109959734
00bbac68_6258,12194.536109959734
00bbac68_6259,12194.536109959734
00bbac68_6260,12194.536109959734
00bbac68_6261,12194.536109959734
00bbac68_6262,12194.536109959734
00bbac68_6263,12194.536109959734
00bbac68_6264,12194.536109959734
00bbac68_6265,12194.536109959734
00bbac68_6266,12194.536109959734
00bbac68_6267,12194.536109959734
00bbac68_6268,12194.556023110403
00bbac68_6269,12194.556023110403
00bbac68_6270,12194.536109959734
00bbac68_6271,12194.536109959734
00bbac68_6272,12194.536109959734
00bbac68_6273,12194.536109959734
00bbac68_6274,12194.536109959734
00bbac68_6275,12194.488866272502
00bbac68_6276,12194.488866272502
00bbac68_6277,12194.536109959734
00bbac68_6278,12194.536109959734
00bbac68_6279,12194.536109959734
00bbac68_6280,12194.488866272502
00bbac68_6281,12194.618570854997
00bbac68_6282,12194.618570854997
00bbac68_6283,12194.674408782595
00bbac68_6284,12194.665814542228
00bbac68_6285,12194.665814542228
00bbac68_6286,12194.674047886829
00bbac68_6287,12194.618570854997
00bbac68_6288,12194.665814542228
00bbac68_6289,12194.674047886829
00bbac68_6290,12194.665814542228
00bbac68_6291,12194.665814542228
00bbac68_6292,12194.665814542228
00bbac68_6293,12194.665814542228
00bbac68_6294,12194.665814542228
00bbac68_6295,12194.665814542228
00bbac68_6296,12194.685727692897
00bbac68_6297,12194.685727692897
00bbac68_6298,12194.665814542228
00bbac68_6299,12194.665814542228
00bbac68_6300,12194.665814542228
00bbac68_6301,12194.665814542228
00bbac68_6302,12194.665814542228
00bbac68_6303,12194.665814542228
00bbac68_6304,12194.665814542228
00bbac68_6305,12194.665814542228
00bbac68_6306,12194.618570854997
00bbac68_6307,12194.665814542228
00bbac68_6308,12194.665814542228
00bbac68_6309,12194.25229423762
00bbac68_6310,12194.25229423762
00bbac68_6311,12194.25229423762
00bbac68_6312,12194.25229423762
00bbac68_6313,12194.25229423762
00bbac68_6314,12194.25229423762
00bbac68_6315,12194.25229423762
00bbac68_6316,12192.4994542688
00bbac68_6317,12192.4994542688
00bbac68_6318,12192.4994542688
00bbac68_6319,12192.4994542688
00bbac68_6320,12192.4994542688
00bbac68_6321,12192.4994542688
00bbac68_6322,12192.4994542688
00bbac68_6323,12192.4994542688
00bbac68_6324,12192.4994542688
00bbac68_6325,12192.508048509168
00bbac68_6326,12192.538987605127
00bbac68_6327,12192.594464636959
00bbac68_6328,12192.508048509168
00bbac68_6329,12192.4994542688
00bbac68_6330,12192.4994542688
00bbac68_6331,12192.508048509168
00bbac68_6332,12192.4994542688
00bbac68_6333,12192.4994542688
00bbac68_6334,12192.4994542688
00bbac68_6335,12192.4994542688
00bbac68_6336,12192.4994542688
00bbac68_6337,12192.4994542688
00bbac68_6338,12192.4994542688
00bbac68_6339,12192.4994542688
00bbac68_6340,12192.4994542688
00bbac68_6341,12192.4994542688
00bbac68_6342,12192.4994542688
00bbac68_6343,12192.634642874267
00bbac68_6344,12192.508048509168
00bbac68_6345,12192.4994542688
00bbac68_6346,12192.4994542688
00bbac68_6347,12192.4994542688
00bbac68_6348,12192.4994542688
00bbac68_6349,12192.4994542688
00bbac68_6350,12192.52254930365
00bbac68_6351,12192.52254930365
00bbac68_6352,12192.52254930365
00bbac68_6353,12192.52254930365
00bbac68_6354,12192.52254930365
00bbac68_6355,12192.52254930365
00bbac68_6356,12192.52254930365
00bbac68_6357,12192.52254930365
00bbac68_6358,12192.551486696444
00bbac68_6359,12192.61755967181
00bbac68_6360,12192.601899981519
00bbac68_6361,12192.531143544018
00bbac68_6362,12192.52254930365
00bbac68_6363,12192.531009274346
00bbac68_6364,12192.531009274346
00bbac68_6365,12192.531009274346
00bbac68_6366,12192.531009274346
00bbac68_6367,12192.531009274346
00bbac68_6368,12192.531009274346
00bbac68_6369,12192.531009274346
00bbac68_6370,12192.531009274346
00bbac68_6371,12192.664210474431
00bbac68_6372,12192.531009274346
00bbac68_6373,12192.531009274346
00bbac68_6374,12192.531009274346
00bbac68_6375,12192.714953985816
00bbac68_6376,12192.531009274346
00bbac68_6377,12192.531009274346
00bbac68_6378,12192.531009274346
00bbac68_6379,12192.531009274346
00bbac68_6380,12192.610359952214
00bbac68_6381,12192.626996037885
00bbac68_6382,12192.618401797517
00bbac68_6383,12192.618401797517
00bbac68_6384,12192.753590402985
00bbac68_6385,12192.657935133844
00bbac68_6386,12192.753590402985
00bbac68_6387,12192.618401797517
00bbac68_6388,12192.618401797517
00bbac68_6389,12192.618401797517
00bbac68_6390,12192.618401797517
00bbac68_6391,12192.618401797517
00bbac68_6392,12192.753590402985
00bbac68_6393,12192.697752475386
00bbac68_6394,12192.627439023063
00bbac68_6395,12192.61684307953
00bbac68_6396,12192.603763158964
00bbac68_6397,12192.603763158964
00bbac68_6398,12192.603763158964
00bbac68_6399,12192.603763158964
00bbac68_6400,12192.61684307953
00bbac68_6401,12192.618401797517
00bbac68_6402,12192.618401797517
00bbac68_6403,12192.618401797517
00bbac68_6404,12192.626996037885
00bbac68_6405,12192.618401797517
00bbac68_6406,12192.607805853984
00bbac68_6407,12192.603320173786
00bbac68_6408,12192.674076611287
00bbac68_6409,12192.634259269746
00bbac68_6410,12192.594725933419
00bbac68_6411,12192.594725933419
00bbac68_6412,12192.594725933419
00bbac68_6413,12192.594725933419
00bbac68_6414,12192.594725933419
00bbac68_6415,12192.594725933419
00bbac68_6416,12192.594725933419
00bbac68_6417,12192.594725933419
00bbac68_6418,12192.594725933419
00bbac68_6419,12192.727927133505
00bbac68_6420,12192.921253037313
00bbac68_6421,12192.921253037313
00bbac68_6422,12192.921253037313
00bbac68_6423,12192.921253037313
00bbac68_6424,12192.982505133827
00bbac68_6425,12192.84930393374
00bbac68_6426,12192.84930393374
00bbac68_6427,12192.84930393374
00bbac68_6428,12193.130746492876
00bbac68_6429,12193.130746492876
00bbac68_6430,12193.130746492876
00bbac68_6431,12193.130746492876
00bbac68_6432,12193.130746492876
00bbac68_6433,12193.130746492876
00bbac68_6434,12193.130746492876
00bbac68_6435,12193.107651458025
00bbac68_6436,12193.107651458025
00bbac68_6437,12193.107651458025
00bbac68_6438,12193.107651458025
00bbac68_6439,12193.107651458025
00bbac68_6440,12193.107651458025
00bbac68_6441,12193.107651458025
00bbac68_6442,12193.240852658111
00bbac68_6443,12193.107651458025
00bbac68_6444,12193.107651458025
00bbac68_6445,12193.240852658111
00bbac68_6446,12193.421259428826
00bbac68_6447,12193.7403007291
00bbac68_6448,12193.7403007291
00bbac68_6449,12193.760213879768
00bbac68_6450,12193.760213879768
00bbac68_6451,12193.760213879768
00bbac68_6452,12193.7403007291
00bbac68_6453,12193.7403007291
00bbac68_6454,12193.736254583002
00bbac68_6455,12193.760213879768
00bbac68_6456,12193.526245253863
00bbac68_6457,12193.526245253863
00bbac68_6458,12193.526245253863
00bbac68_6459,12193.526245253863
00bbac68_6460,12193.526245253863
00bbac68_6461,12193.526245253863
00bbac68_6462,12193.526245253863
00bbac68_6463,12193.526245253863
00bbac68_6464,12193.526245253863
00bbac68_6465,12193.526245253863
00bbac68_6466,12193.526245253863
00bbac68_6467,12193.526245253863
00bbac68_6468,12193.673382595958
00bbac68_6469,12193.797301272196
00bbac68_6470,12193.797301272196
00bbac68_6471,12194.267951406586
00bbac68_6472,12194.291910703352
00bbac68_6473,12194.280424785704
00bbac68_6474,12194.257195731348
00bbac68_6475,12194.257195731348
00bbac68_6476,12194.268681648997
00bbac68_6477,12194.268681648997
00bbac68_6478,12194.304114383502
00bbac68_6479,12194.30338414109
00bbac68_6480,12195.842763568668
00bbac68_6481,12196.179624253862
00bbac68_6482,12196.179624253862
00bbac68_6483,12196.179624253862
00bbac68_6484,12196.544791804858
00bbac68_6485,12196.521562750502
00bbac68_6486,12196.246676510169
00bbac68_6487,12196.246676510169
00bbac68_6488,12196.246676510169
00bbac68_6489,12196.246676510169
00bbac68_6490,12196.246676510169
00bbac68_6491,12196.147558996841
00bbac68_6492,12195.492194382914
00bbac68_6493,12195.492194382914
00bbac68_6494,12195.254805524022
00bbac68_6495,12195.627076909523
00bbac68_6496,12195.875514757017
00bbac68_6497,12195.930391524766
00bbac68_6498,12195.930391524766
00bbac68_6499,12195.930391524766
00bbac68_6500,12195.930391524766
00bbac68_6501,12195.930391524766
00bbac68_6502,12195.930391524766
00bbac68_6503,12195.965581588085
00bbac68_6504,12195.995350685542
00bbac68_6505,12195.995350685542
00bbac68_6506,12195.995350685542
00bbac68_6507,12195.995350685542
00bbac68_6508,12195.995350685542
00bbac68_6509,12195.995350685542
00bbac68_6510,12195.995350685542
00bbac68_6511,12195.995350685542
00bbac68_6512,12195.995350685542
00bbac68_6513,12196.361285860494
00bbac68_6514,12196.361285860494
00bbac68_6515,12196.361285860494
00bbac68_6516,12196.37436578106
00bbac68_6517,12196.384961724592
00bbac68_6518,12196.384961724592
00bbac68_6519,12196.384961724592
00bbac68_6520,12196.384961724592
00bbac68_6521,12196.384961724592
00bbac68_6522,12196.384961724592
00bbac68_6523,12196.384961724592
00bbac68_6524,12196.384961724592
00bbac68_6525,12196.384961724592
00bbac68_6526,12196.384961724592
00bbac68_6527,12196.405804105792
00bbac68_6528,12196.384961724592
00bbac68_6529,12196.384961724592
00bbac68_6530,12196.384961724592
00bbac68_6531,12196.384961724592
00bbac68_6532,12196.384961724592
00bbac68_6533,12196.384961724592
00bbac68_6534,12196.384961724592
00bbac68_6535,12196.198393284545
00bbac68_6536,12196.21147320511
00bbac68_6537,12196.222069148644
00bbac68_6538,12196.222069148644
00bbac68_6539,12196.222069148644
00bbac68_6540,12196.222069148644
00bbac68_6541,12196.384961724592
00bbac68_6542,12196.384961724592
00bbac68_6543,12196.222069148644
00bbac68_6544,12196.222069148644
00bbac68_6545,12196.222069148644
00bbac68_6546,12196.222069148644
00bbac68_6547,12196.384961724592
00bbac68_6548,12196.384961724592
00bbac68_6549,12196.384961724592
00bbac68_6550,12196.222069148644
00bbac68_6551,12196.21147320511
00bbac68_6552,12196.198393284545
00bbac68_6553,12196.198393284545
00bbac68_6554,12196.198393284545
00bbac68_6555,12196.198393284545
00bbac68_6556,12196.198393284545
00bbac68_6557,12196.21147320511
00bbac68_6558,12196.21147320511
00bbac68_6559,12196.222069148644
00bbac68_6560,12196.222069148644
00bbac68_6561,12196.222069148644
00bbac68_6562,12196.384961724592
00bbac68_6563,12196.490707283101
00bbac68_6564,12196.314734786587
00bbac68_6565,12196.314734786587
00bbac68_6566,12196.49779064363
00bbac68_6567,12196.49779064363
00bbac68_6568,12196.49779064363
00bbac68_6569,12196.49779064363
00bbac68_6570,12196.49779064363
00bbac68_6571,12196.49779064363
00bbac68_6572,12196.49779064363
00bbac68_6573,12196.49779064363
00bbac68_6574,12196.49779064363
00bbac68_6575,12196.49779064363
00bbac68_6576,12196.49779064363
00bbac68_6577,12196.526455913123
00bbac68_6578,12196.526455913123
00bbac68_6579,12196.526455913123
00bbac68_6580,12196.526455913123
00bbac68_6581,12196.526455913123
00bbac68_6582,12196.526455913123
00bbac68_6583,12196.526455913123
00bbac68_6584,12196.539535833688
00bbac68_6585,12196.526455913123
00bbac68_6586,12196.58707833116
00bbac68_6587,12196.58707833116
00bbac68_6588,12196.58707833116
00bbac68_6589,12196.58707833116
00bbac68_6590,12196.694924360445
00bbac68_6591,12196.694924360445
00bbac68_6592,12196.694924360445
00bbac68_6593,12196.694924360445
00bbac68_6594,12196.694924360445
00bbac68_6595,12196.694924360445
00bbac68_6596,12196.694924360445
00bbac68_6597,12196.812135381655
00bbac68_6598,12196.812135381655
00bbac68_6599,12196.812135381655
00bbac68_6600,12196.812135381655
00bbac68_6601,12196.812135381655
00bbac68_6602,12196.944849306237
00bbac68_6603,12196.944849306237
00bbac68_6604,12196.812135381655
00bbac68_6605,12196.812135381655
00bbac68_6606,12196.812135381655
00bbac68_6607,12196.812135381655
00bbac68_6608,12196.800649464007
00bbac68_6609,12196.800649464007
00bbac68_6610,12196.800649464007
00bbac68_6611,12196.54858038255
00bbac68_6612,12196.54858038255
00bbac68_6613,12196.54858038255
00bbac68_6614,12196.54858038255
00bbac68_6615,12196.54858038255
00bbac68_6616,12196.54858038255
00bbac68_6617,12196.54858038255
00bbac68_6618,12196.54858038255
00bbac68_6619,12196.54858038255
00bbac68_6620,12196.506550790333
00bbac68_6621,12196.506550790333
00bbac68_6622,12196.506550790333
00bbac68_6623,12196.506550790333
00bbac68_6624,12196.506550790333
00bbac68_6625,12196.506550790333
00bbac68_6626,12196.098357979783
00bbac68_6627,12196.098357979783
00bbac68_6628,12196.098357979783
00bbac68_6629,12196.098357979783
00bbac68_6630,12196.098357979783
00bbac68_6631,12196.122899602517
00bbac68_6632,12196.122899602517
00bbac68_6633,12196.122899602517
00bbac68_6634,12196.122899602517
00bbac68_6635,12196.122899602517
00bbac68_6636,12196.122899602517
00bbac68_6637,12196.122899602517
00bbac68_6638,12196.140942106089
00bbac68_6639,12196.180995200973
00bbac68_6640,12196.206725635164
00bbac68_6641,12196.146103217126
00bbac68_6642,12196.146103217126
00bbac68_6643,12196.146103217126
00bbac68_6644,12196.146103217126
00bbac68_6645,12196.146103217126
00bbac68_6646,12196.146103217126
00bbac68_6647,12196.146103217126
00bbac68_6648,12196.146103217126
00bbac68_6649,12196.146103217126
00bbac68_6650,12196.146103217126
00bbac68_6651,12196.121561594393
00bbac68_6652,12196.0928963249
00bbac68_6653,12196.0928963249
00bbac68_6654,12196.0928963249
00bbac68_6655,12196.0928963249
00bbac68_6656,12196.0928963249
00bbac68_6657,12196.244796076453
00bbac68_6658,12196.244796076453
00bbac68_6659,12196.117437947634
00bbac68_6660,12196.117437947634
00bbac68_6661,12196.18878168389
00bbac68_6662,12196.18878168389
00bbac68_6663,12196.22264284251
00bbac68_6664,12196.22264284251
00bbac68_6665,12196.22264284251
00bbac68_6666,12196.22264284251
00bbac68_6667,12196.22264284251
00bbac68_6668,12196.22264284251
00bbac68_6669,12196.22264284251
00bbac68_6670,12196.22264284251
00bbac68_6671,12196.080570906277
00bbac68_6672,12196.080570906277
00bbac68_6673,12196.080570906277
00bbac68_6674,12196.006656652773
00bbac68_6675,12196.080570906277
00bbac68_6676,12196.080570906277
00bbac68_6677,12196.041253890353
00bbac68_6678,12196.041253890353
00bbac68_6679,12196.066984324543
00bbac68_6680,12196.066984324543
00bbac68_6681,12196.041253890353
00bbac68_6682,12196.041253890353
00bbac68_6683,12196.041253890353
00bbac68_6684,12196.171098148083
00bbac68_6685,12196.171098148083
00bbac68_6686,12196.097183894579
00bbac68_6687,12196.138049249656
00bbac68_6688,12196.138049249656
00bbac68_6689,12196.138049249656
00bbac68_6690,12196.138049249656
00bbac68_6691,12196.138049249656
00bbac68_6692,12196.138049249656
00bbac68_6693,12196.138049249656
00bbac68_6694,12196.097183894579
00bbac68_6695,12196.138049249656
00bbac68_6696,12196.138049249656
00bbac68_6697,12196.097183894579
00bbac68_6698,12196.097183894579
00bbac68_6699,12196.097183894579
00bbac68_6700,12196.097183894579
00bbac68_6701,12196.097183894579
00bbac68_6702,12196.097183894579
00bbac68_6703,12196.097183894579
00bbac68_6704,12196.097183894579
00bbac68_6705,12196.097183894579
00bbac68_6706,12196.097183894579
00bbac68_6707,12196.097183894579
00bbac68_6708,12196.382155444033
00bbac68_6709,12196.382155444033
00bbac68_6710,12197.127565749386
00bbac68_6711,12197.360762209808
00bbac68_6712,12197.360762209808
00bbac68_6713,12197.360762209808
00bbac68_6714,12197.360762209808
00bbac68_6715,12197.567390387894
00bbac68_6716,12197.567390387894
00bbac68_6717,12197.593120822085
00bbac68_6718,12197.633986177161
00bbac68_6719,12197.593120822085
00bbac68_6720,12197.633986177161
00bbac68_6721,12197.633986177161
00bbac68_6722,12197.593120822085
00bbac68_6723,12197.593120822085
00bbac68_6724,12197.587765026321
00bbac68_6725,12197.60745582422
00bbac68_6726,12197.60745582422
00bbac68_6727,12198.129507432337
00bbac68_6728,12198.129507432337
00bbac68_6729,12198.129507432337
00bbac68_6730,12198.129507432337
00bbac68_6731,12198.129507432337
00bbac68_6732,12198.129507432337
00bbac68_6733,12198.042247019244
00bbac68_6734,12198.042247019244
00bbac68_6735,12198.042247019244
00bbac68_6736,12198.030551246333
00bbac68_6737,12198.030551246333
00bbac68_6738,12198.18484328052
00bbac68_6739,12198.225708635597
00bbac68_6740,12198.18484328052
00bbac68_6741,12198.18484328052
00bbac68_6742,12198.18484328052
00bbac68_6743,12198.18484328052
00bbac68_6744,12198.18484328052
00bbac68_6745,12198.18484328052
00bbac68_6746,12198.18484328052
00bbac68_6747,12198.17060264168
00bbac68_6748,12198.17060264168
00bbac68_6749,12198.17060264168
00bbac68_6750,12198.17060264168
00bbac68_6751,12198.17060264168
00bbac68_6752,12198.17060264168
00bbac68_6753,12198.17060264168
00bbac68_6754,12198.298778084089
00bbac68_6755,12198.298778084089
00bbac68_6756,12198.298778084089
00bbac68_6757,12198.298778084089
00bbac68_6758,12198.53179385964
00bbac68_6759,12198.53179385964
00bbac68_6760,12198.53179385964
00bbac68_6761,12198.54603449848
00bbac68_6762,12198.54603449848
00bbac68_6763,12198.54603449848
00bbac68_6764,12198.54603449848
00bbac68_6765,12198.54603449848
00bbac68_6766,12198.54603449848
00bbac68_6767,12198.54603449848
00bbac68_6768,12198.54603449848
00bbac68_6769,12198.391742464293
00bbac68_6770,12198.391742464293
00bbac68_6771,12198.403438237205
00bbac68_6772,12198.403438237205
00bbac68_6773,12198.426533272055
00bbac68_6774,12198.426533272055
00bbac68_6775,12198.513793685148
00bbac68_6776,12198.513793685148
00bbac68_6777,12198.513793685148
00bbac68_6778,12198.513793685148
00bbac68_6779,12198.513793685148
00bbac68_6780,12198.490698650297
00bbac68_6781,12198.490698650297
00bbac68_6782,12198.471007852399
00bbac68_6783,12198.34364972358
00bbac68_6784,12198.34364972358
00bbac68_6785,12198.34364972358
00bbac68_6786,12198.384515078656
00bbac68_6787,12198.384515078656
00bbac68_6788,12198.34364972358
00bbac68_6789,12198.547407654605
00bbac68_6790,12198.547407654605
00bbac68_6791,12198.384515078656
00bbac68_6792,12198.34364972358
00bbac68_6793,12198.384515078656
00bbac68_6794,12198.547603540634
00bbac68_6795,12198.547603540634
00bbac68_6796,12198.680317465216
00bbac68_6797,12198.63945211014
00bbac68_6798,12198.654587031026
00bbac68_6799,12198.699117862574
00bbac68_6800,12198.658252507497
00bbac68_6801,12198.788096185019
00bbac68_6802,12198.62520360907
00bbac68_6803,12198.584338253993
00bbac68_6804,12198.584338253993
00bbac68_6805,12198.584338253993
00bbac68_6806,12198.584338253993
00bbac68_6807,12198.584338253993
00bbac68_6808,12198.875759543915
00bbac68_6809,12198.834894188838
00bbac68_6810,12198.834894188838
00bbac68_6811,12198.984522810113
00bbac68_6812,12198.984522810113
00bbac68_6813,12198.984522810113
00bbac68_6814,12199.02538816519
00bbac68_6815,12199.392669849633
00bbac68_6816,12199.392669849633
00bbac68_6817,12199.392669849633
00bbac68_6818,12199.415764884483
00bbac68_6819,12199.45663023956
00bbac68_6820,12199.45663023956
00bbac68_6821,12199.45663023956
00bbac68_6822,12199.908922697221
00bbac68_6823,12199.908922697221
00bbac68_6824,12199.868057342144
00bbac68_6825,12200.07181527317
00bbac68_6826,12200.07181527317
00bbac68_6827,12199.908922697221
00bbac68_6828,12200.07181527317
00bbac68_6829,12200.07181527317
00bbac68_6830,12200.07181527317
00bbac68_6831,12200.07181527317
00bbac68_6832,12200.07181527317
00bbac68_6833,12199.908922697221
00bbac68_6834,12199.908922697221
00bbac68_6835,12199.908922697221
00bbac68_6836,12199.908922697221
00bbac68_6837,12199.908922697221
00bbac68_6838,12200.07181527317
00bbac68_6839,12200.07181527317
00bbac68_6840,12200.07181527317
00bbac68_6841,12200.07181527317
00bbac68_6842,12200.07181527317
00bbac68_6843,12200.07181527317
00bbac68_6844,12199.868057342144
00bbac68_6845,12199.868057342144
00bbac68_6846,12199.908922697221
00bbac68_6847,12199.868057342144
00bbac68_6848,12199.868057342144
00bbac68_6849,12199.868057342144
00bbac68_6850,12199.868057342144
00bbac68_6851,12199.868057342144
00bbac68_6852,12199.868057342144
00bbac68_6853,12199.908922697221
00bbac68_6854,12199.868057342144
00bbac68_6855,12199.868057342144
00bbac68_6856,12199.868057342144
00bbac68_6857,12199.868057342144
00bbac68_6858,12199.868057342144
00bbac68_6859,12199.868057342144
00bbac68_6860,12199.996026188386
00bbac68_6861,12199.996026188386
00bbac68_6862,12200.400834735583
00bbac68_6863,12200.400834735583
00bbac68_6864,12200.474748989087
00bbac68_6865,12201.030807719226
00bbac68_6866,12201.030807719226
00bbac68_6867,12201.03018054526
00bbac68_6868,12201.03018054526
00bbac68_6869,12201.162894469842
00bbac68_6870,12201.163521643808
00bbac68_6871,12201.27986314585
00bbac68_6872,12201.27986314585
00bbac68_6873,12201.27986314585
00bbac68_6874,12201.27986314585
00bbac68_6875,12201.27986314585
00bbac68_6876,12201.147149221268
00bbac68_6877,12201.147149221268
00bbac68_6878,12201.120791613112
00bbac68_6879,12201.120791613112
00bbac68_6880,12201.046877359608
00bbac68_6881,12201.046877359608
00bbac68_6882,12201.0755426291
00bbac68_6883,12201.0755426291
00bbac68_6884,12201.076169803066
00bbac68_6885,12201.076169803066
00bbac68_6886,12201.318819201606
00bbac68_6887,12201.363314369406
00bbac68_6888,12201.363941543372
00bbac68_6889,12201.363314369406
00bbac68_6890,12201.363314369406
00bbac68_6891,12201.363941543372
00bbac68_6892,12201.363941543372
00bbac68_6893,12201.363941543372
00bbac68_6894,12201.363941543372
00bbac68_6895,12201.498843596391
00bbac68_6896,12201.498843596391
00bbac68_6897,12201.498843596391
00bbac68_6898,12201.498843596391
00bbac68_6899,12201.498843596391
00bbac68_6900,12201.498843596391
00bbac68_6901,12201.498843596391
00bbac68_6902,12201.498843596391
00bbac68_6903,12201.539708951468
00bbac68_6904,12201.539708951468
00bbac68_6905,12201.539708951468
00bbac68_6906,12201.539708951468
00bbac68_6907,12201.498843596391
00bbac68_6908,12201.498843596391
00bbac68_6909,12201.454348428591
00bbac68_6910,12201.453721254626
00bbac68_6911,12201.454348428591
00bbac68_6912,12201.454348428591
00bbac68_6913,12201.62792770825
00bbac68_6914,12201.62792770825
00bbac68_6915,12201.46583434624
00bbac68_6916,12201.465207172274
00bbac68_6917,12201.465207172274
00bbac68_6918,12201.46583434624
00bbac68_6919,12201.46583434624
00bbac68_6920,12201.46583434624
00bbac68_6921,12201.437169076748
00bbac68_6922,12201.478034431824
00bbac68_6923,12201.437169076748
00bbac68_6924,12201.437169076748
00bbac68_6925,12201.437169076748
00bbac68_6926,12201.437169076748
00bbac68_6927,12201.436541902782
00bbac68_6928,12201.436541902782
00bbac68_6929,12201.437169076748
00bbac68_6930,12201.437169076748
00bbac68_6931,12201.437169076748
00bbac68_6932,12201.437169076748
00bbac68_6933,12201.437169076748
00bbac68_6934,12201.437169076748
00bbac68_6935,12201.437169076748
00bbac68_6936,12201.478034431824
00bbac68_6937,12201.478034431824
00bbac68_6938,12201.437169076748
00bbac68_6939,12201.437169076748
00bbac68_6940,12201.640927007773
00bbac68_6941,12201.640927007773
00bbac68_6942,12201.478034431824
00bbac68_6943,12201.437169076748
00bbac68_6944,12201.437169076748
00bbac68_6945,12201.437169076748
00bbac68_6946,12201.437169076748
00bbac68_6947,12201.437169076748
00bbac68_6948,12201.425055985133
00bbac68_6949,12201.4256831591
00bbac68_6950,12201.4256831591
00bbac68_6951,12201.466548514176
00bbac68_6952,12201.4256831591
00bbac68_6953,12201.466548514176
00bbac68_6954,12201.629441090125
00bbac68_6955,12201.629441090125
00bbac68_6956,12201.629441090125
00bbac68_6957,12201.4256831591
00bbac68_6958,12201.4256831591
00bbac68_6959,12201.4256831591
00bbac68_6960,12201.4256831591
00bbac68_6961,12201.4256831591
00bbac68_6962,12203.574277364383
00bbac68_6963,12203.574277364383
00bbac68_6964,12203.556507044157
00bbac68_6965,12203.556507044157
00bbac68_6966,12203.556507044157
00bbac68_6967,12203.555879870191
00bbac68_6968,12203.555879870191
00bbac68_6969,12203.556507044157
00bbac68_6970,12203.556507044157
00bbac68_6971,12204.264446228588
00bbac68_6972,12204.264446228588
00bbac68_6973,12204.290176662778
00bbac68_6974,12204.290176662778
00bbac68_6975,12204.331042017855
00bbac68_6976,12204.330686447414
00bbac68_6977,12204.289821092338
00bbac68_6978,12204.289821092338
00bbac68_6979,12204.290176662778
00bbac68_6980,12204.437225589496
00bbac68_6981,12204.43659841553
00bbac68_6982,12204.43659841553
00bbac68_6983,12204.437225589496
00bbac68_6984,12204.349965176403
00bbac68_6985,12204.338269403492
00bbac68_6986,12204.492561437679
00bbac68_6987,12204.492561437679
00bbac68_6988,12204.491934263713
00bbac68_6989,12204.510637421032
00bbac68_6990,12204.510637421032
00bbac68_6991,12204.510637421032
00bbac68_6992,12204.510637421032
00bbac68_6993,12204.510637421032
00bbac68_6994,12204.510637421032
00bbac68_6995,12204.510637421032
00bbac68_6996,12204.510637421032
00bbac68_6997,12205.193065527363
00bbac68_6998,12205.193065527363
00bbac68_6999,12205.193065527363
00bbac68_7000,12205.685396236973
00bbac68_7001,12205.685396236973
00bbac68_7002,12205.685396236973
00bbac68_7003,12205.685396236973
00bbac68_7004,12206.003992487658
00bbac68_7005,12206.003992487658
00bbac68_7006,12206.027087522509
00bbac68_7007,12206.02535657133
00bbac68_7008,12206.027087522509
00bbac68_7009,12206.027087522509
00bbac68_7010,12206.02535657133
00bbac68_7011,12206.026731952068
00bbac68_7012,12206.00802879475
00bbac68_7013,12206.026731952068
00bbac68_7014,12206.027359126034
00bbac68_7015,12206.00802879475
00bbac68_7016,12206.00802879475
00bbac68_7017,12206.008655968715
00bbac68_7018,12206.008655968715
00bbac68_7019,12206.049521323792
00bbac68_7020,12205.895229289605
00bbac68_7021,12205.86605970744
00bbac68_7022,12205.86605970744
00bbac68_7023,12205.86605970744
00bbac68_7024,12205.86605970744
00bbac68_7025,12205.86605970744
00bbac68_7026,12205.953320120532
00bbac68_7027,12205.953320120532
00bbac68_7028,12205.994185475609
00bbac68_7029,12205.994185475609
00bbac68_7030,12206.157078051558
00bbac68_7031,12206.157078051558
00bbac68_7032,12206.157433621998
00bbac68_7033,12205.99454104605
00bbac68_7034,12206.1377428241
00bbac68_7035,12206.01038469528
00bbac68_7036,12206.01038469528
00bbac68_7037,12205.847492119332
00bbac68_7038,12205.806626764255
00bbac68_7039,12205.7802691561
00bbac68_7040,12205.780896330065
00bbac68_7041,12205.724752396787
00bbac68_7042,12205.887644972736
00bbac68_7043,12205.724752396787
00bbac68_7044,12205.724752396787
00bbac68_7045,12205.724752396787
00bbac68_7046,12205.68388704171
00bbac68_7047,12205.68388704171
00bbac68_7048,12205.68388704171
00bbac68_7049,12205.68388704171
00bbac68_7050,12205.68388704171
00bbac68_7051,12205.68388704171
00bbac68_7052,12205.68388704171
00bbac68_7053,12205.68388704171
00bbac68_7054,12205.68388704171
00bbac68_7055,12205.657946349591
00bbac68_7056,12205.657946349591
00bbac68_7057,12205.657946349591
00bbac68_7058,12205.657946349591
00bbac68_7059,12205.657946349591
00bbac68_7060,12205.82083892554
00bbac68_7061,12205.82083892554
00bbac68_7062,12206.0082860844
00bbac68_7063,12205.84539350845
00bbac68_7064,12205.804528153374
00bbac68_7065,12205.84539350845
00bbac68_7066,12205.84539350845
00bbac68_7067,12205.804528153374
00bbac68_7068,12205.804528153374
00bbac68_7069,12205.84539350845
00bbac68_7070,12205.84539350845
00bbac68_7071,12205.84539350845
00bbac68_7072,12205.84539350845
00bbac68_7073,12205.84539350845
00bbac68_7074,12205.84539350845
00bbac68_7075,12206.0082860844
00bbac68_7076,12206.0082860844
00bbac68_7077,12205.84539350845
00bbac68_7078,12205.84539350845
00bbac68_7079,12206.0082860844
00bbac68_7080,12206.0082860844
00bbac68_7081,12206.0082860844
00bbac68_7082,12205.919307761955
00bbac68_7083,12205.942402796805
00bbac68_7084,12205.927267875919
00bbac68_7085,12205.927267875919
00bbac68_7086,12205.927267875919
00bbac68_7087,12205.927267875919
00bbac68_7088,12205.927267875919
00bbac68_7089,12205.927267875919
00bbac68_7090,12205.927267875919
00bbac68_7091,12206.054626004738
00bbac68_7092,12206.074316802637
00bbac68_7093,12206.074316802637
00bbac68_7094,12206.074316802637
00bbac68_7095,12206.07333405823
00bbac68_7096,12206.07333405823
00bbac68_7097,12205.986700819103
00bbac68_7098,12205.986700819103
00bbac68_7099,12205.986700819103
00bbac68_7100,12206.129297080379
00bbac68_7101,12206.129297080379
00bbac68_7102,12206.12965265082
00bbac68_7103,12206.12965265082
00bbac68_7104,12206.147728634172
00bbac68_7105,12206.147728634172
00bbac68_7106,12206.147728634172
00bbac68_7107,12206.124633599322
00bbac68_7108,12206.353186686245
00bbac68_7109,12206.353186686245
00bbac68_7110,12206.353186686245
00bbac68_7111,12206.353186686245
00bbac68_7112,12206.340756560103
00bbac68_7113,12206.340756560103
00bbac68_7114,12206.340756560103
00bbac68_7115,12206.341383734069
00bbac68_7116,12206.341383734069
00bbac68_7117,12206.340756560103
00bbac68_7118,12206.324605568814
00bbac68_7119,12206.500446967711
00bbac68_7120,12206.324605568814
00bbac68_7121,12206.339025608924
00bbac68_7122,12206.340756560103
00bbac68_7123,12206.340756560103
00bbac68_7124,12206.340756560103
00bbac68_7125,12206.340756560103
00bbac68_7126,12206.473470484685
00bbac68_7127,12206.473470484685
00bbac68_7128,12206.473470484685
00bbac68_7129,12206.473470484685
00bbac68_7130,12206.473470484685
00bbac68_7131,12206.473470484685
00bbac68_7132,12206.473470484685
00bbac68_7133,12206.473470484685
00bbac68_7134,12206.473470484685
00bbac68_7135,12206.340756560103
00bbac68_7136,12206.340756560103
00bbac68_7137,12206.340756560103
00bbac68_7138,12206.363851594953
00bbac68_7139,12206.376281721095
00bbac68_7140,12206.581521718148
00bbac68_7141,12206.581521718148
00bbac68_7142,12206.581521718148
00bbac68_7143,12206.581521718148
00bbac68_7144,12206.581521718148
00bbac68_7145,12206.56281856083
00bbac68_7146,12206.56281856083
00bbac68_7147,12206.56281856083
00bbac68_7148,12207.204878032426
00bbac68_7149,12207.06228177115
00bbac68_7150,12207.06228177115
00bbac68_7151,12207.149186613802
00bbac68_7152,12207.149186613802
00bbac68_7153,12207.149186613802
00bbac68_7154,12207.149186613802
00bbac68_7155,12207.149186613802
00bbac68_7156,12207.002137687085
00bbac68_7157,12207.002137687085
00bbac68_7158,12207.002137687085
00bbac68_7159,12207.222439867855
00bbac68_7160,12207.263305222932
00bbac68_7161,12207.163660535238
00bbac68_7162,12207.163660535238
00bbac68_7163,12207.163660535238
00bbac68_7164,12207.163660535238
00bbac68_7165,12207.122795180161
00bbac68_7166,12207.122795180161
00bbac68_7167,12207.163660535238
00bbac68_7168,12207.163660535238
00bbac68_7169,12207.163660535238
00bbac68_7170,12207.175146452886
00bbac68_7171,12207.13428109781
00bbac68_7172,12207.13428109781
00bbac68_7173,12207.175146452886
00bbac68_7174,12207.338039028835
00bbac68_7175,12207.548477306647
00bbac68_7176,12207.409260594797
00bbac68_7177,12207.189585587992
00bbac68_7178,12207.189585587992
00bbac68_7179,12207.189585587992
00bbac68_7180,12207.189585587992
00bbac68_7181,12207.352833734381
00bbac68_7182,12207.352833734381
00bbac68_7183,12207.352833734381
00bbac68_7184,12207.329738699531
00bbac68_7185,12207.378955422733
00bbac68_7186,12207.378955422733
00bbac68_7187,12207.378955422733
00bbac68_7188,12207.378955422733
00bbac68_7189,12207.39508138074
00bbac68_7190,12207.39508138074
00bbac68_7191,12207.317157786365
00bbac68_7192,12207.317157786365
00bbac68_7193,12207.317157786365
00bbac68_7194,12207.317157786365
00bbac68_7195,12207.154265210416
00bbac68_7196,12207.317157786365
00bbac68_7197,12207.317157786365
00bbac68_7198,12207.225325653071
00bbac68_7199,12207.449871710947
00bbac68_7200,12207.317157786365
00bbac68_7201,12207.317157786365
00bbac68_7202,12207.39508138074
00bbac68_7203,12207.378955422733
00bbac68_7204,12207.402050457584
00bbac68_7205,12207.352833734381
00bbac68_7206,12207.352833734381
00bbac68_7207,12207.352833734381
00bbac68_7208,12207.352833734381
00bbac68_7209,12207.352833734381
00bbac68_7210,12207.189585587992
00bbac68_7211,12207.189585587992
00bbac68_7212,12207.35247816394
00bbac68_7213,12207.35247816394
00bbac68_7214,12207.35247816394
00bbac68_7215,12207.328802299842
00bbac68_7216,12207.328802299842
00bbac68_7217,12207.83692718048
00bbac68_7218,12207.83692718048
00bbac68_7219,12207.674034604532
00bbac68_7220,12207.662548686883
00bbac68_7221,12207.68819450655
00bbac68_7222,12207.662548686883
00bbac68_7223,12207.662548686883
00bbac68_7224,12207.662548686883
00bbac68_7225,12207.621683331807
00bbac68_7226,12207.621683331807
00bbac68_7227,12207.621683331807
00bbac68_7228,12207.621683331807
00bbac68_7229,12207.621683331807
00bbac68_7230,12207.475922578506
00bbac68_7231,12207.501653012696
00bbac68_7232,12207.721328019501
00bbac68_7233,12207.542518367773
00bbac68_7234,12207.501653012696
00bbac68_7235,12207.648701939414
00bbac68_7236,12207.648701939414
00bbac68_7237,12207.648701939414
00bbac68_7238,12207.648701939414
00bbac68_7239,12207.648701939414
00bbac68_7240,12207.56144152632
00bbac68_7241,12207.70341061363
00bbac68_7242,12207.701679662452
00bbac68_7243,12207.720738390211
00bbac68_7244,12207.72246934139
00bbac68_7245,12207.723096515356
00bbac68_7246,12207.723096515356
00bbac68_7247,12207.723096515356
00bbac68_7248,12207.710666389214
00bbac68_7249,12207.687571354363
00bbac68_7250,12207.687571354363
00bbac68_7251,12207.687571354363
00bbac68_7252,12207.687571354363
00bbac68_7253,12207.687571354363
00bbac68_7254,12207.686944180397
00bbac68_7255,12207.686944180397
00bbac68_7256,12207.686944180397
00bbac68_7257,12207.686944180397
00bbac68_7258,12207.710039215248
00bbac68_7259,12207.687571354363
00bbac68_7260,12207.687571354363
00bbac68_7261,12207.687571354363
00bbac68_7262,12207.687571354363
00bbac68_7263,12207.686944180397
00bbac68_7264,12207.687571354363
00bbac68_7265,12207.687571354363
00bbac68_7266,12207.814768213077
00bbac68_7267,12207.685213229219
00bbac68_7268,12207.686944180397
00bbac68_7269,12207.686944180397
00bbac68_7270,12207.686944180397
00bbac68_7271,12207.686944180397
00bbac68_7272,12207.687571354363
00bbac68_7273,12207.687571354363
00bbac68_7274,12207.687571354363
00bbac68_7275,12207.685213229219
00bbac68_7276,12207.710666389214
00bbac68_7277,12207.75153174429
00bbac68_7278,12207.710666389214
00bbac68_7279,12207.710666389214
00bbac68_7280,12207.710039215248
00bbac68_7281,12208.11184699676
00bbac68_7282,12208.11184699676
00bbac68_7283,12207.856148460634
00bbac68_7284,12207.728951601921
00bbac68_7285,12207.728951601921
00bbac68_7286,12207.638500366409
00bbac68_7287,12207.637873192443
00bbac68_7288,12207.638500366409
00bbac68_7289,12207.679010151045
00bbac68_7290,12207.679010151045
00bbac68_7291,12207.638144795968
00bbac68_7292,12207.638500366409
00bbac68_7293,12207.638500366409
00bbac68_7294,12207.638500366409
00bbac68_7295,12207.638500366409
00bbac68_7296,12207.63676941523
00bbac68_7297,12207.636142241265
00bbac68_7298,12207.638500366409
00bbac68_7299,12207.679010151045
00bbac68_7300,12207.841902726994
00bbac68_7301,12207.854688423577
00bbac68_7302,12207.854688423577
00bbac68_7303,12207.691795847628
00bbac68_7304,12207.691795847628
00bbac68_7305,12207.638144795968
00bbac68_7306,12207.679010151045
00bbac68_7307,12207.679365721486
00bbac68_7308,12207.691795847628
00bbac68_7309,12207.691795847628
00bbac68_7310,12207.691795847628
00bbac68_7311,12207.854688423577
00bbac68_7312,12207.854688423577
00bbac68_7313,12207.95876680392
00bbac68_7314,12207.95876680392
00bbac68_7315,12209.207226930434
00bbac68_7316,12209.133210734597
00bbac68_7317,12209.207226930434
00bbac68_7318,12209.188523773115
00bbac68_7319,12209.114507577278
00bbac68_7320,12209.114507577278
00bbac68_7321,12209.114507577278
00bbac68_7322,12209.208820087788
00bbac68_7323,12209.208820087788
00bbac68_7324,12209.210963183448
00bbac68_7325,12209.210963183448
00bbac68_7326,12209.0480706075
00bbac68_7327,12209.190666868775
00bbac68_7328,12209.190666868775
00bbac68_7329,12209.116650672939
00bbac68_7330,12209.116650672939
00bbac68_7331,12209.11491972176
00bbac68_7332,12209.11456415132
00bbac68_7333,12209.134998259817
00bbac68_7334,12209.209014455653
00bbac68_7335,12209.371907031602
00bbac68_7336,12209.371907031602
00bbac68_7337,12209.371907031602
00bbac68_7338,12209.209370026094
00bbac68_7339,12209.372262602043
00bbac68_7340,12209.372262602043
00bbac68_7341,12209.372262602043
00bbac68_7342,12209.372262602043
00bbac68_7343,12209.372262602043
00bbac68_7344,12209.372262602043
00bbac68_7345,12209.372262602043
00bbac68_7346,12209.372262602043
00bbac68_7347,12209.372262602043
00bbac68_7348,12209.372262602043
00bbac68_7349,12209.209370026094
00bbac68_7350,12209.377182155127
00bbac68_7351,12209.30316595929
00bbac68_7352,12209.30316595929
00bbac68_7353,12209.30316595929
00bbac68_7354,12209.581113041442
00bbac68_7355,12209.614263882202
00bbac68_7356,12209.579382090264
00bbac68_7357,12209.579382090264
00bbac68_7358,12209.655129237279
00bbac68_7359,12209.614263882202
00bbac68_7360,12209.581113041442
00bbac68_7361,12209.581113041442
00bbac68_7362,12209.581113041442
00bbac68_7363,12209.581113041442
00bbac68_7364,12209.581113041442
00bbac68_7365,12209.581113041442
00bbac68_7366,12209.581113041442
00bbac68_7367,12209.614263882202
00bbac68_7368,12209.642699111137
00bbac68_7369,12209.619604076286
00bbac68_7370,12209.619604076286
00bbac68_7371,12209.54558788045
00bbac68_7372,12209.54558788045
00bbac68_7373,12209.54558788045
00bbac68_7374,12209.54558788045
00bbac68_7375,12209.54558788045
00bbac68_7376,12209.57873872121
00bbac68_7377,12209.619604076286
00bbac68_7378,12209.619604076286
00bbac68_7379,12209.782496652235
00bbac68_7380,12209.619604076286
00bbac68_7381,12209.54558788045
00bbac68_7382,12209.54558788045
00bbac68_7383,12209.54558788045
00bbac68_7384,12209.54558788045
00bbac68_7385,12209.5686829153
00bbac68_7386,12209.5686829153
00bbac68_7387,12209.5686829153
00bbac68_7388,12209.5686829153
00bbac68_7389,12209.5686829153
00bbac68_7390,12209.5686829153
00bbac68_7391,12209.5686829153
00bbac68_7392,12209.5686829153
00bbac68_7393,12209.5686829153
00bbac68_7394,12209.5686829153
00bbac68_7395,12209.5686829153
00bbac68_7396,12209.5686829153
00bbac68_7397,12209.5686829153
00bbac68_7398,12209.566951964121
00bbac68_7399,12209.5686829153
00bbac68_7400,12209.5686829153
00bbac68_7401,12209.5686829153
00bbac68_7402,12209.5686829153
00bbac68_7403,12209.5686829153
00bbac68_7404,12209.5686829153
00bbac68_7405,12209.543856929271
00bbac68_7406,12209.705278288058
00bbac68_7407,12209.543856929271
00bbac68_7408,12209.529436889161
00bbac68_7409,12209.705278288058
00bbac68_7410,12209.529436889161
00bbac68_7411,12209.543856929271
00bbac68_7412,12209.543856929271
00bbac68_7413,12209.543856929271
00bbac68_7414,12209.529436889161
00bbac68_7415,12209.705278288058
00bbac68_7416,12209.705278288058
00bbac68_7417,12209.687100161987
00bbac68_7418,12209.5256788032
00bbac68_7419,12209.5256788032
00bbac68_7420,12209.527409754379
00bbac68_7421,12209.527409754379
00bbac68_7422,12209.5256788032
00bbac68_7423,12209.687100161987
00bbac68_7424,12209.5256788032
00bbac68_7425,12209.527409754379
00bbac68_7426,12209.5256788032
00bbac68_7427,12209.51125876309
00bbac68_7428,12209.51125876309
00bbac68_7429,12209.527409754379
00bbac68_7430,12209.527409754379
00bbac68_7431,12209.527409754379
00bbac68_7432,12209.527409754379
00bbac68_7433,12209.527409754379
00bbac68_7434,12209.566951964121
00bbac68_7435,12209.566951964121
00bbac68_7436,12209.728373322909
00bbac68_7437,12209.552531924011
00bbac68_7438,12209.56659639368
00bbac68_7439,12209.728017752468
00bbac68_7440,12209.728017752468
00bbac68_7441,12209.901996403882
00bbac68_7442,12209.901996403882
00bbac68_7443,12210.012850982912
00bbac68_7444,12209.90372735506
00bbac68_7445,12209.90372735506
00bbac68_7446,12209.90372735506
00bbac68_7447,12209.90372735506
00bbac68_7448,12210.302595200706
00bbac68_7449,12210.302595200706
00bbac68_7450,12210.302595200706
00bbac68_7451,12210.302595200706
00bbac68_7452,12210.302595200706
00bbac68_7453,12210.302595200706
00bbac68_7454,12210.302595200706
00bbac68_7455,12210.31329437567
00bbac68_7456,12210.462285608315
00bbac68_7457,12210.315025326849
00bbac68_7458,12210.36627425947
00bbac68_7459,12210.471716085243
00bbac68_7460,12210.508809182189
00bbac68_7461,12210.434792986352
00bbac68_7462,12210.31817102279
00bbac68_7463,12210.510145195605
00bbac68_7464,12210.510145195605
00bbac68_7465,12210.363096268888
00bbac68_7466,12210.363096268888
00bbac68_7467,12210.363096268888
00bbac68_7468,12210.263451581193
00bbac68_7469,12210.2300941121
00bbac68_7470,12210.2300941121
00bbac68_7471,12210.33746777703
00bbac68_7472,12210.33746777703
00bbac68_7473,12210.500360352979
00bbac68_7474,12210.33746777703
00bbac68_7475,12210.348953694678
00bbac68_7476,12210.308088339601
00bbac68_7477,12210.315596225584
00bbac68_7478,12210.315596225584
00bbac68_7479,12210.315596225584
00bbac68_7480,12210.315596225584
00bbac68_7481,12210.197588500709
00bbac68_7482,12209.663737483796
00bbac68_7483,12209.93498460159
00bbac68_7484,12210.097877177539
00bbac68_7485,12210.097877177539
00bbac68_7486,12210.097877177539
00bbac68_7487,12210.097877177539
00bbac68_7488,12210.097877177539
00bbac68_7489,12210.139812674857
00bbac68_7490,12210.006045044245
00bbac68_7491,12210.097877177539
00bbac68_7492,12210.097877177539
00bbac68_7493,12210.097877177539
00bbac68_7494,12210.097877177539
00bbac68_7495,12210.006400614686
00bbac68_7496,12210.09823274798
00bbac68_7497,12210.09823274798
00bbac68_7498,12210.09823274798
00bbac68_7499,12210.09823274798
00bbac68_7500,12210.09823274798
00bbac68_7501,12210.09823274798
00bbac68_7502,12210.097877177539
00bbac68_7503,12210.097877177539
00bbac68_7504,12210.097877177539
00bbac68_7505,12210.097877177539
00bbac68_7506,12210.097877177539
00bbac68_7507,12210.097877177539
00bbac68_7508,12210.097877177539
00bbac68_7509,12210.097877177539
00bbac68_7510,12210.006045044245
00bbac68_7511,12210.097877177539
00bbac68_7512,12210.097877177539
00bbac68_7513,12210.097877177539
00bbac68_7514,12209.93498460159
00bbac68_7515,12209.93498460159
00bbac68_7516,12209.911308737492
00bbac68_7517,12210.52742153762
00bbac68_7518,12210.568286892696
00bbac68_7519,12210.568286892696
00bbac68_7520,12210.568286892696
00bbac68_7521,12209.911308737492
00bbac68_7522,12209.899822819843
00bbac68_7523,12209.899822819843
00bbac68_7524,12210.209800540326
00bbac68_7525,12210.209800540326
00bbac68_7526,12210.046907964377
00bbac68_7527,12209.97289176854
00bbac68_7528,12210.703886119582
00bbac68_7529,12210.86677869553
00bbac68_7530,12210.966423383225
00bbac68_7531,12210.829176626943
00bbac68_7532,12210.934618452717
00bbac68_7533,12211.081667379434
00bbac68_7534,12211.081667379434
00bbac68_7535,12211.040802024358
00bbac68_7536,12210.97622555366
00bbac68_7537,12210.950579733993
00bbac68_7538,12210.789303125064
00bbac68_7539,12210.777607352153
00bbac68_7540,12210.93189938634
00bbac68_7541,12210.93189938634
00bbac68_7542,12210.93189938634
00bbac68_7543,12210.9650502271
00bbac68_7544,12210.93189938634
00bbac68_7545,12210.93189938634
00bbac68_7546,12210.93189938634
00bbac68_7547,12210.950602543659
00bbac68_7548,12210.950602543659
00bbac68_7549,12211.024618739495
00bbac68_7550,12211.024618739495
00bbac68_7551,12210.950602543659
00bbac68_7552,12211.321694986322
00bbac68_7553,12210.94887159248
00bbac68_7554,12210.938172417516
00bbac68_7555,12211.321694986322
00bbac68_7556,12210.595183381525
00bbac68_7557,12210.664716831117
00bbac68_7558,12210.279463311133
00e12e8b_2083,11610.839387921667
00e12e8b_2084,11610.698275622142
00e12e8b_2085,11610.698275622142
00e12e8b_2086,11610.677966019402
00e12e8b_2087,11610.677966019402
00e12e8b_2088,11610.677966019402
00e12e8b_2089,11610.532510016135
00e12e8b_2090,11610.532510016135
00e12e8b_2091,11609.955678502749
00e12e8b_2092,11609.974787250196
00e12e8b_2093,11609.94890199405
00e12e8b_2094,11609.92085312263
00e12e8b_2095,11609.955193897149
00e12e8b_2096,11609.957252233777
00e12e8b_2097,11609.773148351442
00e12e8b_2098,11609.773148351442
00e12e8b_2099,11609.779615155574
00e12e8b_2100,11609.779615155574
00e12e8b_2101,11609.604083265014
00e12e8b_2102,11609.558283095368
00e12e8b_2103,11609.558283095368
00e12e8b_2104,11609.558283095368
00e12e8b_2105,11609.558283095368
00e12e8b_2106,11609.558283095368
00e12e8b_2107,11609.721469074926
00e12e8b_2108,11609.721469074926
00e12e8b_2109,11609.896022913834
00e12e8b_2110,11610.080126796169
00e12e8b_2111,11609.873263418822
00e12e8b_2112,11610.20459012181
00e12e8b_2113,11609.997726744463
00e12e8b_2114,11610.169040234738
00e12e8b_2115,11609.997726744463
00e12e8b_2116,11609.457376510507
00e12e8b_2117,11609.457376510507
00e12e8b_2118,11610.20346317754
00e12e8b_2119,11610.239013064613
00e12e8b_2120,11610.239013064613
00e12e8b_2121,11610.286620540219
00e12e8b_2122,11610.286620540219
00e12e8b_2123,11610.286620540219
00e12e8b_2124,11610.434134880114
00e12e8b_2125,11610.41197340807
00e12e8b_2126,11610.41197340807
00e12e8b_2127,11610.434134880114
00e12e8b_2128,11610.41197340807
00e12e8b_2129,11610.434134880114
00e12e8b_2130,11610.434134880114
00e12e8b_2131,11610.434134880114
00e12e8b_2132,11610.473971105857
00e12e8b_2133,11610.731550837645
00e12e8b_2134,11610.491043227192
00e12e8b_2135,11610.649000136187
00e12e8b_2136,11610.649000136187
00e12e8b_2137,11610.626838664144
00e12e8b_2138,11610.649000136187
00e12e8b_2139,11610.626838664144
00e12e8b_2140,11610.667599959872
00e12e8b_2141,11611.0435264807
00e12e8b_2142,11611.027093854087
00e12e8b_2143,11611.00798510664
00e12e8b_2144,11611.00963824689
00e12e8b_2145,11610.850153068684
00e12e8b_2146,11610.850153068684
00e12e8b_2147,11611.00963824689
00e12e8b_2148,11610.850153068684
00e12e8b_2149,11610.686967089126
00e12e8b_2150,11610.686967089126
00e12e8b_2151,11610.944029349825
00e12e8b_2152,11610.944029349825
00e12e8b_2153,11611.08514164935
00e12e8b_2154,11611.08514164935
00e12e8b_2155,11611.08514164935
00e12e8b_2156,11610.986715541714
00e12e8b_2157,11610.986715541714
00e12e8b_2158,11610.986715541714
00e12e8b_2159,11610.986715541714
00e12e8b_2160,11611.1138043532
00e12e8b_2161,11611.1138043532
00e12e8b_2162,11611.1138043532
00e12e8b_2163,11611.1138043532
00e12e8b_2164,11611.1138043532
00e12e8b_2165,11611.1138043532
00e12e8b_2166,11611.1138043532
00e12e8b_2167,11611.1138043532
00e12e8b_2168,11611.1138043532
00e12e8b_2169,11611.287504051248
00e12e8b_2170,11611.287504051248
00e12e8b_2171,11611.302844390773
00e12e8b_2172,11611.302844390773
00e12e8b_2173,11611.302844390773
00e12e8b_2174,11611.302844390773
00e12e8b_2175,11611.302844390773
00e12e8b_2176,11611.302844390773
00e12e8b_2177,11611.302844390773
00e12e8b_2178,11611.416317556921
00e12e8b_2179,11611.450093598123
00e12e8b_2180,11611.450093598123
00e12e8b_2181,11611.169183011141
00e12e8b_2182,11611.169183011141
00e12e8b_2183,11611.169183011141
00e12e8b_2184,11611.169183011141
00e12e8b_2185,11611.169183011141
00e12e8b_2186,11611.310162763668
00e12e8b_2187,11611.310162763668
00e12e8b_2188,11611.310162763668
00e12e8b_2189,11611.310162763668
00e12e8b_2190,11611.310162763668
00e12e8b_2191,11611.236373005928
00e12e8b_2192,11611.236373005928
00e12e8b_2193,11611.236373005928
00e12e8b_2194,11611.236373005928
00e12e8b_2195,11611.236373005928
00e12e8b_2196,11611.236373005928
00e12e8b_2197,11611.236373005928
00e12e8b_2198,11611.236373005928
00e12e8b_2199,11611.236373005928
00e12e8b_2200,11611.515225256282
00e12e8b_2201,11611.762631193144
00e12e8b_2202,11611.863115637407
00e12e8b_2203,11611.985346409825
00e12e8b_2204,11611.972064406928
00e12e8b_2205,11611.828893770775
00e12e8b_2206,11611.830952107402
00e12e8b_2207,11611.810237308284
00e12e8b_2208,11611.812295644912
00e12e8b_2209,11611.810237308284
00e12e8b_2210,11611.812295644912
00e12e8b_2211,11611.812295644912
00e12e8b_2212,11611.812295644912
00e12e8b_2213,11611.810642504663
00e12e8b_2214,11611.810642504663
00e12e8b_2215,11611.810642504663
00e12e8b_2216,11611.810642504663
00e12e8b_2217,11611.810642504663
00e12e8b_2218,11611.810642504663
00e12e8b_2219,11611.784838669417
00e12e8b_2220,11611.82975125211
00e12e8b_2221,11611.803865995964
00e12e8b_2222,11611.805519136213
00e12e8b_2223,11611.805519136213
00e12e8b_2224,11611.805519136213
00e12e8b_2225,11611.805519136213
00e12e8b_2226,11611.805519136213
00e12e8b_2227,11611.805519136213
00e12e8b_2228,11611.813879190666
00e12e8b_2229,11611.805519136213
00e12e8b_2230,11611.813879190666
00e12e8b_2231,11611.978302903794
00e12e8b_2232,11612.076099300833
00e12e8b_2233,11612.045320174673
00e12e8b_2234,11612.045320174673
00e12e8b_2235,11612.045320174673
00e12e8b_2236,11612.045320174673
00e12e8b_2237,11611.959722315894
00e12e8b_2238,11612.07923344633
00e12e8b_2239,11611.940613568448
00e12e8b_2240,11611.940613568448
00e12e8b_2241,11611.932253513995
00e12e8b_2242,11611.932253513995
00e12e8b_2243,11611.932253513995
00e12e8b_2244,11611.932253513995
00e12e8b_2245,11611.932253513995
00e12e8b_2246,11611.999936712697
00e12e8b_2247,11611.999936712697
00e12e8b_2248,11611.999936712697
00e12e8b_2249,11612.018593175188
00e12e8b_2250,11612.159705474713
00e12e8b_2251,11612.159705474713
00e12e8b_2252,11612.061279367077
00e12e8b_2253,11612.061279367077
00e12e8b_2254,11612.197006805533
00e12e8b_2255,11612.197006805533
00e12e8b_2256,11612.197006805533
00e12e8b_2257,11612.197006805533
00e12e8b_2258,11612.197006805533
00e12e8b_2259,11612.197006805533
00e12e8b_2260,11612.197006805533
00e12e8b_2261,11612.197006805533
00e12e8b_2262,11612.197006805533
00e12e8b_2263,11612.197006805533
00e12e8b_2264,11612.197006805533
00e12e8b_2265,11612.197006805533
00e12e8b_2266,11612.197006805533
00e12e8b_2267,11612.197006805533
00e12e8b_2268,11612.197006805533
00e12e8b_2269,11612.197006805533
00e12e8b_2270,11612.197006805533
00e12e8b_2271,11612.197006805533
00e12e8b_2272,11612.197006805533
00e12e8b_2273,11612.161886198703
00e12e8b_2274,11612.161886198703
00e12e8b_2275,11612.159827862075
00e12e8b_2276,11612.159827862075
00e12e8b_2277,11612.159827862075
00e12e8b_2278,11612.159827862075
00e12e8b_2279,11612.159827862075
00e12e8b_2280,11612.159827862075
00e12e8b_2281,11612.159827862075
00e12e8b_2282,11612.159827862075
00e12e8b_2283,11612.159827862075
00e12e8b_2284,11612.159827862075
00e12e8b_2285,11612.159827862075
00e12e8b_2286,11612.1751682016
00e12e8b_2287,11612.1751682016
00e12e8b_2288,11612.1751682016
00e12e8b_2289,11612.1751682016
00e12e8b_2290,11612.1751682016
00e12e8b_2291,11612.17121795258
00e12e8b_2292,11612.13337842133
00e12e8b_2293,11612.127154842405
00e12e8b_2294,11612.127154842405
00e12e8b_2295,11612.127154842405
00e12e8b_2296,11612.127154842405
00e12e8b_2297,11612.127154842405
00e12e8b_2298,11612.127154842405
00e12e8b_2299,11612.127154842405
00e12e8b_2300,11612.127154842405
00e12e8b_2301,11612.127154842405
00e12e8b_2302,11612.127154842405
00e12e8b_2303,11612.127154842405
00e12e8b_2304,11612.127154842405
00e12e8b_2305,11612.127154842405
00e12e8b_2306,11612.127154842405
00e12e8b_2307,11612.127154842405
00e12e8b_2308,11612.127154842405
00e12e8b_2309,11612.127154842405
00e12e8b_2310,11612.127154842405
00e12e8b_2311,11612.127154842405
00e12e8b_2312,11612.133774393153
00e12e8b_2313,11612.133774393153
00e12e8b_2314,11612.133774393153
00e12e8b_2315,11612.133774393153
00e12e8b_2316,11612.133774393153
00e12e8b_2317,11612.133774393153
00e12e8b_2318,11612.133774393153
00e12e8b_2319,11612.133774393153
00e12e8b_2320,11612.133774393153
00e12e8b_2321,11612.133774393153
00e12e8b_2322,11612.133774393153
00e12e8b_2323,11612.133774393153
00e12e8b_2324,11612.133774393153
00e12e8b_2325,11612.133774393153
00e12e8b_2326,11612.133774393153
00e12e8b_2327,11612.133774393153
00e12e8b_2328,11612.133774393153
00e12e8b_2329,11612.232200500788
00e12e8b_2330,11612.232200500788
00e12e8b_2331,11612.232200500788
00e12e8b_2332,11612.232200500788
00e12e8b_2333,11612.232200500788
00e12e8b_2334,11612.49862882179
00e12e8b_2335,11612.49862882179
00e12e8b_2336,11612.49862882179
00e12e8b_2337,11612.357516522265
00e12e8b_2338,11612.357516522265
00e12e8b_2339,11612.357516522265
00e12e8b_2340,11612.357516522265
00e12e8b_2341,11612.338860059774
00e12e8b_2342,11612.338860059774
00e12e8b_2343,11612.430443195479
00e12e8b_2344,11612.430443195479
00e12e8b_2345,11612.430443195479
00e12e8b_2346,11612.430443195479
00e12e8b_2347,11612.430443195479
00e12e8b_2348,11612.430443195479
00e12e8b_2349,11612.430443195479
00e12e8b_2350,11612.430443195479
00e12e8b_2351,11612.430443195479
00e12e8b_2352,11612.430443195479
00e12e8b_2353,11612.430443195479
00e12e8b_2354,11612.430443195479
00e12e8b_2355,11612.430443195479
00e12e8b_2356,11612.430443195479
00e12e8b_2357,11612.430443195479
00e12e8b_2358,11612.430443195479
00e12e8b_2359,11612.430443195479
00e12e8b_2360,11612.430443195479
00e12e8b_2361,11612.430443195479
00e12e8b_2362,11612.430443195479
00e12e8b_2363,11612.430443195479
00e12e8b_2364,11612.430443195479
00e12e8b_2365,11612.430443195479
00e12e8b_2366,11612.430443195479
00e12e8b_2367,11612.430443195479
00e12e8b_2368,11612.430443195479
00e12e8b_2369,11612.430443195479
00e12e8b_2370,11612.430443195479
00e12e8b_2371,11612.44909965797
00e12e8b_2372,11612.44909965797
00e12e8b_2373,11612.44909965797
00e12e8b_2374,11612.590211957495
00e12e8b_2375,11612.630688998846
00e12e8b_2376,11612.537892065775
00e12e8b_2377,11612.477613532159
00e12e8b_2378,11612.477613532159
00e12e8b_2379,11612.477613532159
00e12e8b_2380,11612.477613532159
00e12e8b_2381,11612.477613532159
00e12e8b_2382,11612.477613532159
00e12e8b_2383,11612.477613532159
00e12e8b_2384,11612.477613532159
00e12e8b_2385,11612.483837111084
00e12e8b_2386,11612.483837111084
00e12e8b_2387,11612.483837111084
00e12e8b_2388,11612.483837111084
00e12e8b_2389,11612.483837111084
00e12e8b_2390,11612.483837111084
00e12e8b_2391,11612.483837111084
00e12e8b_2392,11612.483837111084
00e12e8b_2393,11612.483837111084
00e12e8b_2394,11612.647485772644
00e12e8b_2395,11612.556933757802
00e12e8b_2396,11612.556933757802
00e12e8b_2397,11612.612365165814
00e12e8b_2398,11612.543474078904
00e12e8b_2399,11612.543474078904
00e12e8b_2400,11612.543474078904
00e12e8b_2401,11612.852830216469
00e12e8b_2402,11612.852830216469
00e12e8b_2403,11612.852830216469
00e12e8b_2404,11612.852830216469
00e12e8b_2405,11612.960792159229
00e12e8b_2406,11612.852830216469
00e12e8b_2407,11612.852830216469
00e12e8b_2408,11613.33485693236
00e12e8b_2409,11613.33485693236
00e12e8b_2410,11613.336432865875
00e12e8b_2411,11613.336432865875
00e12e8b_2412,11613.336432865875
00e12e8b_2413,11613.336432865875
00e12e8b_2414,11613.336432865875
00e12e8b_2415,11613.336432865875
00e12e8b_2416,11613.336432865875
00e12e8b_2417,11613.336432865875
00e12e8b_2418,11613.311490269834
00e12e8b_2419,11613.311490269834
00e12e8b_2420,11613.289829341902
00e12e8b_2421,11613.289829341902
00e12e8b_2422,11613.239425995313
00e12e8b_2423,11613.216732695184
00e12e8b_2424,11613.037927704845
00e12e8b_2425,11613.037927704845
00e12e8b_2426,11613.037927704845
00e12e8b_2427,11613.073048311675
00e12e8b_2428,11613.073048311675
00e12e8b_2429,11613.073048311675
00e12e8b_2430,11613.073048311675
00e12e8b_2431,11613.073048311675
00e12e8b_2432,11613.073048311675
00e12e8b_2433,11613.073048311675
00e12e8b_2434,11613.073048311675
00e12e8b_2435,11613.073048311675
00e12e8b_2436,11613.073048311675
00e12e8b_2437,11613.073048311675
00e12e8b_2438,11613.073048311675
00e12e8b_2439,11613.073048311675
00e12e8b_2440,11613.071039518945
00e12e8b_2441,11613.071039518945
00e12e8b_2442,11613.126772827298
00e12e8b_2443,11613.126772827298
00e12e8b_2444,11613.126772827298
00e12e8b_2445,11613.126772827298
00e12e8b_2446,11613.126772827298
00e12e8b_2447,11613.225198934933
00e12e8b_2448,11613.225198934933
00e12e8b_2449,11613.225198934933
00e12e8b_2450,11613.225198934933
00e12e8b_2451,11613.225198934933
00e12e8b_2452,11613.137089651422
00e12e8b_2453,11613.137089651422
00e12e8b_2454,11613.137089651422
00e12e8b_2455,11613.137089651422
00e12e8b_2456,11613.11843318893
00e12e8b_2457,11613.11843318893
00e12e8b_2458,11613.11843318893
00e12e8b_2459,11613.11843318893
00e12e8b_2460,11613.11843318893
00e12e8b_2461,11613.11843318893
00e12e8b_2462,11613.11843318893
00e12e8b_2463,11613.11843318893
00e12e8b_2464,11613.137089651422
00e12e8b_2465,11613.137089651422
00e12e8b_2466,11613.137089651422
00e12e8b_2467,11613.137089651422
00e12e8b_2468,11613.38568220473
00e12e8b_2469,11613.33527885814
00e12e8b_2470,11613.312585558011
00e12e8b_2471,11613.312585558011
00e12e8b_2472,11613.312585558011
00e12e8b_2473,11613.351912511735
00e12e8b_2474,11613.351912511735
00e12e8b_2475,11613.351912511735
00e12e8b_2476,11613.351912511735
00e12e8b_2477,11613.535300047452
00e12e8b_2478,11613.510338294882
00e12e8b_2479,11613.510338294882
00e12e8b_2480,11613.510338294882
00e12e8b_2481,11613.53303159501
00e12e8b_2482,11613.5834349416
00e12e8b_2483,11613.605095869532
00e12e8b_2484,11613.605095869532
00e12e8b_2485,11613.605095869532
00e12e8b_2486,11613.605095869532
00e12e8b_2487,11613.605095869532
00e12e8b_2488,11613.605095869532
00e12e8b_2489,11613.605095869532
00e12e8b_2490,11613.605095869532
00e12e8b_2491,11613.55816763918
00e12e8b_2492,11613.605095869532
00e12e8b_2493,11613.503620205318
00e12e8b_2494,11613.488279865793
00e12e8b_2495,11613.488279865793
00e12e8b_2496,11613.503620205318
00e12e8b_2497,11613.232942836989
00e12e8b_2498,11613.232942836989
00e12e8b_2499,11613.396128816546
00e12e8b_2500,11613.349200586194
00e12e8b_2501,11613.396128816546
00e12e8b_2502,11613.396128816546
00e12e8b_2503,11613.396128816546
00e12e8b_2504,11613.349200586194
00e12e8b_2505,11613.349200586194
00e12e8b_2506,11613.337954108876
00e12e8b_2507,11613.399976340907
00e12e8b_2508,11613.671118508046
00e12e8b_2509,11613.565195698075
00e12e8b_2510,11613.565195698075
00e12e8b_2511,11613.565195698075
00e12e8b_2512,11613.671118508046
00e12e8b_2513,11613.669514602852
00e12e8b_2514,11613.669514602852
00e12e8b_2515,11613.669514602852
00e12e8b_2516,11613.563591792881
00e12e8b_2517,11613.572970758758
00e12e8b_2518,11613.669514602852
00e12e8b_2519,11613.572970758758
00e12e8b_2520,11613.669514602852
00e12e8b_2521,11613.669514602852
00e12e8b_2522,11613.669514602852
00e12e8b_2523,11613.716442833205
00e12e8b_2524,11613.669514602852
00e12e8b_2525,11613.195016925507
00e12e8b_2526,11613.089094115536
00e12e8b_2527,11613.098473081413
00e12e8b_2528,11613.195016925507
00e12e8b_2529,11613.195016925507
00e12e8b_2530,11613.195016925507
00e12e8b_2531,11613.195016925507
00e12e8b_2532,11613.089094115536
00e12e8b_2533,11613.174509023947
00e12e8b_2534,11613.160996145245
00e12e8b_2535,11613.114067914892
00e12e8b_2536,11613.196532669088
00e12e8b_2537,11613.196532669088
00e12e8b_2538,11613.13426409921
00e12e8b_2539,11613.181192329563
00e12e8b_2540,11613.181192329563
00e12e8b_2541,11613.25192434542
00e12e8b_2542,11613.135666596216
00e12e8b_2543,11613.151006935741
00e12e8b_2544,11613.135666596216
00e12e8b_2545,11613.151006935741
00e12e8b_2546,11613.151006935741
00e12e8b_2547,11613.151006935741
00e12e8b_2548,11613.068164051709
00e12e8b_2549,11613.068164051709
00e12e8b_2550,11613.068164051709
00e12e8b_2551,11613.068164051709
00e12e8b_2552,11613.068164051709
00e12e8b_2553,11612.954570990218
00e12e8b_2554,11612.954570990218
00e12e8b_2555,11612.954570990218
00e12e8b_2556,11612.954570990218
00e12e8b_2557,11612.954570990218
00e12e8b_2558,11612.859813415567
00e12e8b_2559,11612.859813415567
00e12e8b_2560,11612.859813415567
00e12e8b_2561,11612.859813415567
00e12e8b_2562,11612.859813415567
00e12e8b_2563,11612.859813415567
00e12e8b_2564,11612.859813415567
00e12e8b_2565,11613.000667354556
00e12e8b_2566,11613.000667354556
00e12e8b_2567,11612.993468667559
00e12e8b_2568,11612.993468667559
00e12e8b_2569,11612.994443775631
00e12e8b_2570,11612.993468667559
00e12e8b_2571,11612.994443775631
00e12e8b_2572,11612.962434180372
00e12e8b_2573,11612.962434180372
00e12e8b_2574,11612.94841220269
00e12e8b_2575,11612.94841220269
00e12e8b_2576,11612.94841220269
00e12e8b_2577,11612.94841220269
00e12e8b_2578,11612.94841220269
00e12e8b_2579,11612.94841220269
00e12e8b_2580,11612.94841220269
00e12e8b_2581,11612.94841220269
00e12e8b_2582,11612.94841220269
00e12e8b_2583,11612.94841220269
00e12e8b_2584,11612.94841220269
00e12e8b_2585,11612.94841220269
00e12e8b_2586,11612.94841220269
00e12e8b_2587,11612.94841220269
00e12e8b_2588,11612.94841220269
00e12e8b_2589,11612.94841220269
00e12e8b_2590,11612.94841220269
00e12e8b_2591,11612.94841220269
00e12e8b_2592,11612.94841220269
00e12e8b_2593,11612.963094723436
00e12e8b_2594,11612.963094723436
00e12e8b_2595,11613.078629409378
00e12e8b_2596,11613.078629409378
00e12e8b_2597,11613.078629409378
00e12e8b_2598,11613.078629409378
00e12e8b_2599,11613.078629409378
00e12e8b_2600,11613.078629409378
00e12e8b_2601,11612.880859604746
00e12e8b_2602,11611.038724917331
00e12e8b_2603,11611.038724917331
00e12e8b_2604,11611.037749809258
00e12e8b_2605,11611.037749809258
00e12e8b_2606,11611.037749809258
00e12e8b_2607,11611.037749809258
00e12e8b_2608,11611.103422585009
00e12e8b_2609,11611.103422585009
00e12e8b_2610,11611.103422585009
00e12e8b_2611,11611.103422585009
00e12e8b_2612,11611.103422585009
00e12e8b_2613,11611.103422585009
00e12e8b_2614,11611.110621272006
00e12e8b_2615,11611.110621272006
00e12e8b_2616,11611.110621272006
00e12e8b_2617,11611.110621272006
00e12e8b_2618,11611.110621272006
00e12e8b_2619,11611.110621272006
00e12e8b_2620,11611.110621272006
00e12e8b_2621,11611.133314572135
00e12e8b_2622,11611.125400837043
00e12e8b_2623,11611.147061764976
00e12e8b_2624,11611.147061764976
00e12e8b_2625,11611.147061764976
00e12e8b_2626,11611.420323144013
00e12e8b_2627,11611.420323144013
00e12e8b_2628,11611.420323144013
00e12e8b_2629,11611.37339491366
00e12e8b_2630,11610.989057619734
00e12e8b_2631,11611.152243599292
00e12e8b_2632,11611.152243599292
00e12e8b_2633,11611.152243599292
00e12e8b_2634,11611.152243599292
00e12e8b_2635,11611.152243599292
00e12e8b_2636,11611.152243599292
00e12e8b_2637,11611.152243599292
00e12e8b_2638,11611.152243599292
00e12e8b_2639,11611.063823662029
00e12e8b_2640,11610.957900852058
00e12e8b_2641,11611.012797026015
00e12e8b_2642,11611.012797026015
00e12e8b_2643,11610.965868795662
00e12e8b_2644,11610.965868795662
00e12e8b_2645,11610.965868795662
00e12e8b_2646,11610.965868795662
00e12e8b_2647,11610.965868795662
00e12e8b_2648,11610.85994598569
00e12e8b_2649,11610.869324951567
00e12e8b_2650,11610.965868795662
00e12e8b_2651,11610.869324951567
00e12e8b_2652,11610.677993372457
00e12e8b_2653,11610.72492160281
00e12e8b_2654,11626.450359489425
00e12e8b_2655,11626.450359489425
00e12e8b_2656,11621.537596265753
00e12e8b_2657,11621.431673455781
00e12e8b_2658,11621.441052421658
00e12e8b_2659,11621.431673455781
00e12e8b_2660,11619.372988937423
00e12e8b_2661,11619.372988937423
00e12e8b_2662,11619.276445093328
00e12e8b_2663,11619.27070939239
00e12e8b_2664,11619.37663220236
00e12e8b_2665,11619.423560432713
00e12e8b_2666,11619.423560432713
00e12e8b_2667,11619.37663220236
00e12e8b_2668,11619.213446222802
00e12e8b_2669,11619.260374453155
00e12e8b_2670,11619.252945656686
00e12e8b_2671,11619.35880056079
00e12e8b_2672,11619.35880056079
00e12e8b_2673,11619.35880056079
00e12e8b_2674,11619.210259464797
00e12e8b_2675,11619.217688261266
00e12e8b_2676,11619.137292695435
00e12e8b_2677,11619.137292695435
00e12e8b_2678,11619.137292695435
00e12e8b_2679,11619.137292695435
00e12e8b_2680,11619.137292695435
00e12e8b_2681,11619.137292695435
00e12e8b_2682,11619.137292695435
00e12e8b_2683,11619.137292695435
00e12e8b_2684,11619.137292695435
00e12e8b_2685,11619.137292695435
00e12e8b_2686,11619.045853546402
00e12e8b_2687,11619.140874617502
00e12e8b_2688,11619.140874617502
00e12e8b_2689,11619.114989361356
00e12e8b_2690,11619.114989361356
00e12e8b_2691,11619.114989361356
00e12e8b_2692,11619.114989361356
00e12e8b_2693,11619.008834695065
00e12e8b_2694,11619.028395904546
00e12e8b_2695,11619.028395904546
00e12e8b_2696,11619.043920487427
00e12e8b_2697,11619.043920487427
00e12e8b_2698,11619.043920487427
00e12e8b_2699,11619.043920487427
00e12e8b_2700,11619.03672180043
00e12e8b_2701,11618.712983697114
00e12e8b_2702,11618.712983697114
00e12e8b_2703,11618.712983697114
00e12e8b_2704,11618.705785010117
00e12e8b_2705,11618.705785010117
00e12e8b_2706,11618.705785010117
00e12e8b_2707,11618.712983697114
00e12e8b_2708,11618.712983697114
00e12e8b_2709,11618.712983697114
00e12e8b_2710,11618.775190150001
00e12e8b_2711,11618.775190150001
00e12e8b_2712,11617.880771788694
00e12e8b_2713,11617.880771788694
00e12e8b_2714,11617.880771788694
00e12e8b_2715,11617.928105733688
00e12e8b_2716,11617.928105733688
00e12e8b_2717,11617.928105733688
00e12e8b_2718,11617.928105733688
00e12e8b_2719,11617.920907046691
00e12e8b_2720,11617.90538246381
00e12e8b_2721,11617.912581150807
00e12e8b_2722,11617.912581150807
00e12e8b_2723,11617.912581150807
00e12e8b_2724,11617.912581150807
00e12e8b_2725,11617.906357571883
00e12e8b_2726,11617.906357571883
00e12e8b_2727,11617.90538246381
00e12e8b_2728,11617.872016797364
00e12e8b_2729,11617.872016797364
00e12e8b_2730,11617.872016797364
00e12e8b_2731,11617.872016797364
00e12e8b_2732,11617.872016797364
00e12e8b_2733,11617.872016797364
00e12e8b_2734,11617.872016797364
00e12e8b_2735,11617.226723086687
00e12e8b_2736,11617.226723086687
00e12e8b_2737,11617.226723086687
00e12e8b_2738,11617.226723086687
00e12e8b_2739,11617.226723086687
00e12e8b_2740,11617.226723086687
00e12e8b_2741,11617.226723086687
00e12e8b_2742,11617.226723086687
00e12e8b_2743,11617.226723086687
00e12e8b_2744,11617.350574296253
00e12e8b_2745,11617.350574296253
00e12e8b_2746,11617.335639401257
00e12e8b_2747,11617.335639401257
00e12e8b_2748,11617.317343140152
00e12e8b_2749,11617.317343140152
00e12e8b_2750,11617.317343140152
00e12e8b_2751,11617.317343140152
00e12e8b_2752,11617.317343140152
00e12e8b_2753,11617.317343140152
00e12e8b_2754,11617.317343140152
00e12e8b_2755,11617.317343140152
00e12e8b_2756,11617.270858143786
00e12e8b_2757,11617.270858143786
00e12e8b_2758,11617.274802887301
00e12e8b_2759,11617.300688143447
00e12e8b_2760,11617.300688143447
00e12e8b_2761,11617.300688143447
00e12e8b_2762,11617.300688143447
00e12e8b_2763,11617.300688143447
00e12e8b_2764,11617.246811247118
00e12e8b_2765,11617.18279500076
00e12e8b_2766,11617.18279500076
00e12e8b_2767,11617.18279500076
00e12e8b_2768,11617.18279500076
00e12e8b_2769,11617.18279500076
00e12e8b_2770,11617.18279500076
00e12e8b_2771,11617.18279500076
00e12e8b_2772,11617.191723550914
00e12e8b_2773,11617.191723550914
00e12e8b_2774,11617.192698658986
00e12e8b_2775,11617.31919238104
00e12e8b_2776,11617.31919238104
00e12e8b_2777,11617.31919238104
00e12e8b_2778,11617.342869556862
00e12e8b_2779,11617.342869556862
00e12e8b_2780,11617.342869556862
00e12e8b_2781,11617.342869556862
00e12e8b_2782,11617.10880423041
00e12e8b_2783,11617.127460692902
00e12e8b_2784,11617.127460692902
00e12e8b_2785,11617.127460692902
00e12e8b_2786,11617.268572992427
00e12e8b_2787,11617.268572992427
00e12e8b_2788,11617.268572992427
00e12e8b_2789,11617.268572992427
00e12e8b_2790,11617.163923305867
00e12e8b_2791,11617.120276072033
00e12e8b_2792,11617.132182808222
00e12e8b_2793,11617.132182808222
00e12e8b_2794,11617.132182808222
00e12e8b_2795,11617.132182808222
00e12e8b_2796,11617.109736854962
00e12e8b_2797,11617.109736854962
00e12e8b_2798,11617.109736854962
00e12e8b_2799,11617.109736854962
00e12e8b_2800,11617.109736854962
00e12e8b_2801,11617.109736854962
00e12e8b_2802,11617.109736854962
00e12e8b_2803,11617.109736854962
00e12e8b_2804,11616.419691764826
00e12e8b_2805,11616.419691764826
00e12e8b_2806,11616.439828208333
00e12e8b_2807,11616.439828208333
00e12e8b_2808,11616.439828208333
00e12e8b_2809,11616.439828208333
00e12e8b_2810,11616.439828208333
00e12e8b_2811,11616.323895902004
00e12e8b_2812,11616.323895902004
00e12e8b_2813,11616.323895902004
00e12e8b_2814,11616.44791652489
00e12e8b_2815,11616.44791652489
00e12e8b_2816,11616.44791652489
00e12e8b_2817,11616.446941416818
00e12e8b_2818,11616.446941416818
00e12e8b_2819,11616.359170627511
00e12e8b_2820,11616.366369314508
00e12e8b_2821,11616.359170627511
00e12e8b_2822,11616.366369314508
00e12e8b_2823,11616.358783506632
00e12e8b_2824,11616.30818033851
00e12e8b_2825,11616.30818033851
00e12e8b_2826,11616.30818033851
00e12e8b_2827,11616.30818033851
00e12e8b_2828,11616.30818033851
00e12e8b_2829,11616.509770817913
00e12e8b_2830,11616.608659562822
00e12e8b_2831,11616.609634670895
00e12e8b_2832,11616.608659562822
00e12e8b_2833,11616.623345398717
00e12e8b_2834,11616.623345398717
00e12e8b_2835,11616.623345398717
00e12e8b_2836,11616.61614671172
00e12e8b_2837,11616.61614671172
00e12e8b_2838,11616.617121819792
00e12e8b_2839,11616.617121819792
00e12e8b_2840,11616.617121819792
00e12e8b_2841,11616.617121819792
00e12e8b_2842,11616.617121819792
00e12e8b_2843,11616.4734834197
00e12e8b_2844,11616.4734834197
00e12e8b_2845,11616.472508311628
00e12e8b_2846,11616.472508311628
00e12e8b_2847,11616.42771889068
00e12e8b_2848,11616.42771889068
00e12e8b_2849,11616.42771889068
00e12e8b_2850,11616.42771889068
00e12e8b_2851,11616.422952086052
00e12e8b_2852,11616.422952086052
00e12e8b_2853,11616.422952086052
00e12e8b_2854,11616.422952086052
00e12e8b_2855,11616.422952086052
00e12e8b_2856,11616.422952086052
00e12e8b_2857,11616.422952086052
00e12e8b_2858,11616.422952086052
00e12e8b_2859,11616.422952086052
00e12e8b_2860,11616.44564538618
00e12e8b_2861,11616.422952086052
00e12e8b_2862,11616.456864577294
00e12e8b_2863,11616.348789805334
00e12e8b_2864,11616.334010240296
00e12e8b_2865,11616.324051917969
00e12e8b_2866,11616.324051917969
00e12e8b_2867,11616.346745218098
00e12e8b_2868,11616.346745218098
00e12e8b_2869,11616.324051917969
00e12e8b_2870,11616.324051917969
00e12e8b_2871,11616.346745218098
00e12e8b_2872,11616.299816987745
00e12e8b_2873,11616.346745218098
00e12e8b_2874,11616.291903252653
00e12e8b_2875,11616.291903252653
00e12e8b_2876,11616.324051917969
00e12e8b_2877,11616.227508073875
00e12e8b_2878,11616.324051917969
00e12e8b_2879,11616.324051917969
00e12e8b_2880,11616.324051917969
00e12e8b_2881,11616.324051917969
00e12e8b_2882,11616.28072481417
00e12e8b_2883,11616.009119600663
00e12e8b_2884,11616.014509207365
00e12e8b_2885,11616.061437437718
00e12e8b_2886,11616.061437437718
00e12e8b_2887,11616.014509207365
00e12e8b_2888,11616.061437437718
00e12e8b_2889,11616.08309836565
00e12e8b_2890,11616.051605876972
00e12e8b_2891,11616.051605876972
00e12e8b_2892,11616.051605876972
00e12e8b_2893,11616.051605876972
00e12e8b_2894,11616.051605876972
00e12e8b_2895,11616.004677646619
00e12e8b_2896,11616.051605876972
00e12e8b_2897,11616.051605876972
00e12e8b_2898,11616.051605876972
00e12e8b_2899,11616.051605876972
00e12e8b_2900,11616.008642169352
00e12e8b_2901,11616.008642169352
00e12e8b_2902,11616.008642169352
00e12e8b_2903,11615.972201676383
00e12e8b_2904,11615.972201676383
00e12e8b_2905,11615.972201676383
00e12e8b_2906,11615.972201676383
00e12e8b_2907,11615.972201676383
00e12e8b_2908,11615.972201676383
00e12e8b_2909,11615.972201676383
00e12e8b_2910,11615.953482367891
00e12e8b_2911,11615.953482367891
00e12e8b_2912,11615.953482367891
00e12e8b_2913,11615.953482367891
00e12e8b_2914,11615.953482367891
00e12e8b_2915,11615.953482367891
00e12e8b_2916,11615.953482367891
00e12e8b_2917,11615.953482367891
00e12e8b_2918,11616.186317863758
00e12e8b_2919,11616.233299325975
00e12e8b_2920,11616.233299325975
00e12e8b_2921,11616.233299325975
00e12e8b_2922,11616.233299325975
00e12e8b_2923,11616.233299325975
00e12e8b_2924,11616.226100638978
00e12e8b_2925,11616.226100638978
00e12e8b_2926,11616.226100638978
00e12e8b_2927,11616.233299325975
00e12e8b_2928,11616.233299325975
00e12e8b_2929,11616.233299325975
00e12e8b_2930,11616.233299325975
00e12e8b_2931,11616.233299325975
00e12e8b_2932,11616.233299325975
00e12e8b_2933,11615.893565052038
00e12e8b_2934,11615.602576321664
00e12e8b_2935,11615.663303784171
00e12e8b_2936,11615.663303784171
00e12e8b_2937,11615.733895095032
00e12e8b_2938,11615.733895095032
00e12e8b_2939,11615.733895095032
00e12e8b_2940,11615.733895095032
00e12e8b_2941,11615.733895095032
00e12e8b_2942,11615.733895095032
00e12e8b_2943,11615.733895095032
00e12e8b_2944,11615.733895095032
00e12e8b_2945,11615.733895095032
00e12e8b_2946,11616.253952145069
00e12e8b_2947,11616.341722934376
00e12e8b_2948,11616.341722934376
00e12e8b_2949,11616.124136394536
00e12e8b_2950,11616.124136394536
00e12e8b_2951,11616.124136394536
00e12e8b_2952,11616.124136394536
00e12e8b_2953,11616.124136394536
00e12e8b_2954,11616.124136394536
00e12e8b_2955,11616.124136394536
00e12e8b_2956,11615.933241390527
00e12e8b_2957,11616.047459077123
00e12e8b_2958,11615.986731614616
00e12e8b_2959,11615.986731614616
00e12e8b_2960,11615.986731614616
00e12e8b_2961,11615.986731614616
00e12e8b_2962,11615.986731614616
00e12e8b_2963,11615.986731614616
00e12e8b_2964,11615.986731614616
00e12e8b_2965,11615.986731614616
00e12e8b_2966,11615.979532927618
00e12e8b_2967,11615.979532927618
00e12e8b_2968,11615.890015583018
00e12e8b_2969,11615.890015583018
00e12e8b_2970,11615.890015583018
00e12e8b_2971,11615.890015583018
00e12e8b_2972,11615.890015583018
00e12e8b_2973,11615.890015583018
00e12e8b_2974,11615.890015583018
00e12e8b_2975,11616.285971313293
00e12e8b_2976,11616.35574037214
00e12e8b_2977,11616.348541685144
00e12e8b_2978,11616.108737146515
00e12e8b_2979,11616.077479839694
00e12e8b_2980,11616.00955369019
00e12e8b_2981,11616.00955369019
00e12e8b_2982,11616.00955369019
00e12e8b_2983,11616.077479839694
00e12e8b_2984,11616.077479839694
00e12e8b_2985,11616.077479839694
00e12e8b_2986,11616.077479839694
00e12e8b_2987,11616.077479839694
00e12e8b_2988,11616.077479839694
00e12e8b_2989,11616.077479839694
00e12e8b_2990,11616.077479839694
00e12e8b_2991,11616.077479839694
00e12e8b_2992,11616.17590594733
00e12e8b_2993,11616.229210053365
00e12e8b_2994,11616.229210053365
00e12e8b_2995,11616.229210053365
00e12e8b_2996,11616.229210053365
00e12e8b_2997,11616.020171604336
00e12e8b_2998,11615.811447427932
00e12e8b_2999,11615.729104090897
00e12e8b_3000,11615.717646315403
00e12e8b_3001,11615.717646315403
00e12e8b_3002,11615.710447628406
00e12e8b_3003,11615.710447628406
00e12e8b_3004,11615.72803073049
00e12e8b_3005,11615.72803073049
00e12e8b_3006,11615.72803073049
00e12e8b_3007,11615.66542417745
00e12e8b_3008,11615.680203742488
00e12e8b_3009,11615.70186467042
00e12e8b_3010,11615.70186467042
00e12e8b_3011,11615.70186467042
00e12e8b_3012,11615.70186467042
00e12e8b_3013,11615.70186467042
00e12e8b_3014,11615.70186467042
00e12e8b_3015,11615.70186467042
00e12e8b_3016,11615.159692151965
00e12e8b_3017,11615.159692151965
00e12e8b_3018,11615.159692151965
00e12e8b_3019,11615.13388831672
00e12e8b_3020,11615.17945772204
00e12e8b_3021,11615.17945772204
00e12e8b_3022,11615.172028925572
00e12e8b_3023,11615.153572465895
00e12e8b_3024,11615.146143669426
00e12e8b_3025,11615.153572465895
00e12e8b_3026,11615.172413424192
00e12e8b_3027,11615.172413424192
00e12e8b_3028,11615.172413424192
00e12e8b_3029,11615.229125849772
00e12e8b_3030,11615.363959294387
00e12e8b_3031,11615.221697053303
00e12e8b_3032,11615.221697053303
00e12e8b_3033,11615.221697053303
00e12e8b_3034,11615.254613448804
00e12e8b_3035,11615.516108251373
00e12e8b_3036,11615.60299571963
00e12e8b_3037,11615.358505670763
00e12e8b_3038,11615.373846010289
00e12e8b_3039,11615.358505670763
00e12e8b_3040,11615.347093508935
00e12e8b_3041,11615.347093508935
00e12e8b_3042,11615.339664712466
00e12e8b_3043,11615.372978765081
00e12e8b_3044,11615.372978765081
00e12e8b_3045,11615.372978765081
00e12e8b_3046,11615.365549968612
00e12e8b_3047,11615.32740935976
00e12e8b_3048,11615.21027132449
00e12e8b_3049,11615.21027132449
00e12e8b_3050,11615.21027132449
00e12e8b_3051,11615.21027132449
00e12e8b_3052,11615.21027132449
00e12e8b_3053,11614.740595957683
00e12e8b_3054,11614.740595957683
00e12e8b_3055,11614.740595957683
00e12e8b_3056,11614.740595957683
00e12e8b_3057,11614.740595957683
00e12e8b_3058,11614.740595957683
00e12e8b_3059,11614.740595957683
00e12e8b_3060,11614.740595957683
00e12e8b_3061,11614.755936297208
00e12e8b_3062,11614.901446540918
00e12e8b_3063,11614.901446540918
00e12e8b_3064,11614.901446540918
00e12e8b_3065,11615.059283295837
00e12e8b_3066,11615.22914728287
00e12e8b_3067,11615.214367717832
00e12e8b_3068,11615.233024180323
00e12e8b_3069,11614.854897324123
00e12e8b_3070,11614.854897324123
00e12e8b_3071,11614.854897324123
00e12e8b_3072,11614.996009623648
00e12e8b_3073,11614.996009623648
00e12e8b_3074,11614.996009623648
00e12e8b_3075,11614.996009623648
00e12e8b_3076,11614.996009623648
00e12e8b_3077,11614.854897324123
00e12e8b_3078,11614.854897324123
00e12e8b_3079,11614.854897324123
00e12e8b_3080,11614.854897324123
00e12e8b_3081,11614.854897324123
00e12e8b_3082,11614.854897324123
00e12e8b_3083,11614.854897324123
00e12e8b_3084,11614.823636485571
00e12e8b_3085,11614.823636485571
00e12e8b_3086,11614.8463297857
00e12e8b_3087,11614.835223341694
00e12e8b_3088,11614.856884269626
00e12e8b_3089,11614.856884269626
00e12e8b_3090,11614.856884269626
00e12e8b_3091,11614.856884269626
00e12e8b_3092,11614.856884269626
00e12e8b_3093,11614.856884269626
00e12e8b_3094,11614.856884269626
00e12e8b_3095,11615.057983870593
00e12e8b_3096,11615.241281034701
00e12e8b_3097,11615.301630290733
00e12e8b_3098,11615.547118549495
00e12e8b_3099,11615.566884119571
00e12e8b_3100,11615.559839821723
00e12e8b_3101,11615.559839821723
00e12e8b_3102,11615.609705179122
00e12e8b_3103,11615.670054435153
00e12e8b_3104,11615.103474587573
00e12e8b_3105,11615.109941391705
00e12e8b_3106,11615.106770637201
00e12e8b_3107,11615.122359578
00e12e8b_3108,11615.220265619664
00e12e8b_3109,11615.23857666285
00e12e8b_3110,11615.23857666285
00e12e8b_3111,11615.23857666285
00e12e8b_3112,11615.23857666285
00e12e8b_3113,11615.23857666285
00e12e8b_3114,11615.23857666285
00e12e8b_3115,11615.093000967925
00e12e8b_3116,11615.093000967925
00e12e8b_3117,11615.063158656038
00e12e8b_3118,11615.16610591486
00e12e8b_3119,11615.163651509516
00e12e8b_3120,11615.163651509516
00e12e8b_3121,11615.163651509516
00e12e8b_3122,11613.0886068108
00e12e8b_3123,11612.69758926327
00e12e8b_3124,11612.042721965918
00e12e8b_3125,11612.05233521228
00e12e8b_3126,11612.10379277953
00e12e8b_3127,11612.10379277953
00e12e8b_3128,11612.090969445602
00e12e8b_3129,11612.090969445602
00e12e8b_3130,11612.090969445602
00e12e8b_3131,11612.211583667886
00e12e8b_3132,11612.211583667886
00e12e8b_3133,11612.211583667886
00e12e8b_3134,11612.211583667886
00e12e8b_3135,11612.211583667886
00e12e8b_3136,11612.211583667886
00e12e8b_3137,11612.071353878731
00e12e8b_3138,11612.071353878731
00e12e8b_3139,11612.071353878731
00e12e8b_3140,11612.071353878731
00e12e8b_3141,11612.071353878731
00e12e8b_3142,11612.071353878731
00e12e8b_3143,11612.071353878731
00e12e8b_3144,11612.071353878731
00e12e8b_3145,11612.09791081491
00e12e8b_3146,11612.09791081491
00e12e8b_3147,11612.09791081491
00e12e8b_3148,11612.110734148837
00e12e8b_3149,11612.110734148837
00e12e8b_3150,11612.138556651575
00e12e8b_3151,11612.138556651575
00e12e8b_3152,11612.52159227318
00e12e8b_3153,11612.192067815691
00e12e8b_3154,11612.192067815691
00e12e8b_3155,11612.192067815691
00e12e8b_3156,11612.192067815691
00e12e8b_3157,11612.192067815691
00e12e8b_3158,11612.194522221034
00e12e8b_3159,11612.474990027233
00e12e8b_3160,11612.474990027233
00e12e8b_3161,11612.514128398081
00e12e8b_3162,11612.514128398081
00e12e8b_3163,11612.514128398081
00e12e8b_3164,11612.514128398081
00e12e8b_3165,11612.618126404319
00e12e8b_3166,11612.77792921096
00e12e8b_3167,11612.77792921096
00e12e8b_3168,11612.578364650855
00e12e8b_3169,11612.628970024802
00e12e8b_3170,11612.628970024802
00e12e8b_3171,11612.702480363372
00e12e8b_3172,11612.702480363372
00e12e8b_3173,11612.717820535105
00e12e8b_3174,11612.717820535105
00e12e8b_3175,11612.717820535105
00e12e8b_3176,11612.717820535105
00e12e8b_3177,11612.717820535105
00e12e8b_3178,11612.717820535105
00e12e8b_3179,11612.717820535105
00e12e8b_3180,11612.717820535105
00e12e8b_3181,11612.717820535105
00e12e8b_3182,11612.39196271571
00e12e8b_3183,11612.39196271571
00e12e8b_3184,11612.501172985172
00e12e8b_3185,11612.501172985172
00e12e8b_3186,11612.501172985172
00e12e8b_3187,11612.426655442525
00e12e8b_3188,11612.426655442525
00e12e8b_3189,11612.505487605518
00e12e8b_3190,11612.505487605518
00e12e8b_3191,11612.760603024104
00e12e8b_3192,11612.745262684579
00e12e8b_3193,11612.745262684579
00e12e8b_3194,11612.738795880447
00e12e8b_3195,11612.738795880447
00e12e8b_3196,11612.738795880447
00e12e8b_3197,11612.771272228627
00e12e8b_3198,11612.771272228627
00e12e8b_3199,11612.771272228627
00e12e8b_3200,11612.771272228627
00e12e8b_3201,11612.096588581922
00e12e8b_3202,11612.096588581922
00e12e8b_3203,11611.799468378347
00e12e8b_3204,11611.799468378347
00e12e8b_3205,11611.799468378347
00e12e8b_3206,11611.765127603829
00e12e8b_3207,11611.50367874683
00e12e8b_3208,11611.50367874683
00e12e8b_3209,11611.50367874683
00e12e8b_3210,11611.484837788534
00e12e8b_3211,11611.51072304468
00e12e8b_3212,11611.51072304468
00e12e8b_3213,11611.492530374642
00e12e8b_3214,11611.443768949986
00e12e8b_3215,11611.442115809738
00e12e8b_3216,11611.443768949986
00e12e8b_3217,11611.443768949986
00e12e8b_3218,11611.443768949986
00e12e8b_3219,11611.443768949986
00e12e8b_3220,11611.228339741107
00e12e8b_3221,11611.228339741107
00e12e8b_3222,11611.281315331138
00e12e8b_3223,11611.281315331138
00e12e8b_3224,11611.281315331138
00e12e8b_3225,11611.425291669131
00e12e8b_3226,11611.425291669131
00e12e8b_3227,11611.425291669131
00e12e8b_3228,11611.425291669131
00e12e8b_3229,11611.425291669131
00e12e8b_3230,11611.425291669131
00e12e8b_3231,11611.425291669131
00e12e8b_3232,11611.425291669131
00e12e8b_3233,11611.417862872662
00e12e8b_3234,11611.420875172353
00e12e8b_3235,11611.563137413437
00e12e8b_3236,11611.650024881694
00e12e8b_3237,11611.68917583909
00e12e8b_3238,11611.68917583909
00e12e8b_3239,11611.467454926218
00e12e8b_3240,11611.602288370834
00e12e8b_3241,11611.452538182342
00e12e8b_3242,11611.35338423255
00e12e8b_3243,11611.35338423255
00e12e8b_3244,11611.36081302902
00e12e8b_3245,11611.36081302902
00e12e8b_3246,11611.36081302902
00e12e8b_3247,11611.36081302902
00e12e8b_3248,11611.36081302902
00e12e8b_3249,11611.36081302902
00e12e8b_3250,11611.36081302902
00e12e8b_3251,11611.334927146625
00e12e8b_3252,11611.274577890594
00e12e8b_3253,11611.274577890594
00e12e8b_3254,11611.274577890594
00e12e8b_3255,11610.877091044822
00e12e8b_3256,11610.877091044822
00e12e8b_3257,11610.937440300853
00e12e8b_3258,11610.937440300853
00e12e8b_3259,11610.877091044822
00e12e8b_3260,11610.877091044822
00e12e8b_3261,11611.078368589308
00e12e8b_3262,11611.078368589308
00e12e8b_3263,11611.090917777086
00e12e8b_3264,11611.090917777086
00e12e8b_3265,11611.030568521055
00e12e8b_3266,11611.090917777086
00e12e8b_3267,11611.030568521055
00e12e8b_3268,11611.04590886058
00e12e8b_3269,11611.106258116612
00e12e8b_3270,11611.00946836761
00e12e8b_3271,11611.00946836761
00e12e8b_3272,11611.00946836761
00e12e8b_3273,11610.940687043418
00e12e8b_3274,11610.940687043418
00e12e8b_3275,11610.940687043418
00e12e8b_3276,11610.940687043418
00e12e8b_3277,11610.940687043418
00e12e8b_3278,11610.940687043418
00e12e8b_3279,11610.975330498799
00e12e8b_3280,11610.975330498799
00e12e8b_3281,11610.975330498799
00e12e8b_3282,11610.99398696129
00e12e8b_3283,11610.99398696129
00e12e8b_3284,11610.99398696129
00e12e8b_3285,11610.5324200574
00e12e8b_3286,11610.673532356925
00e12e8b_3287,11610.673532356925
00e12e8b_3288,11610.673532356925
00e12e8b_3289,11610.673532356925
00e12e8b_3290,11610.673532356925
00e12e8b_3291,11610.673532356925
00e12e8b_3292,11610.673532356925
00e12e8b_3293,11610.673532356925
00e12e8b_3294,11610.579708366422
00e12e8b_3295,11610.579708366422
00e12e8b_3296,11610.579708366422
00e12e8b_3297,11610.58583825166
00e12e8b_3298,11610.58583825166
00e12e8b_3299,11610.58583825166
00e12e8b_3300,11610.58583825166
00e12e8b_3301,11610.58583825166
00e12e8b_3302,11610.24571939254
00e12e8b_3303,11610.24571939254
00e12e8b_3304,11610.24571939254
00e12e8b_3305,11610.24571939254
00e12e8b_3306,11610.24571939254
00e12e8b_3307,11610.24571939254
00e12e8b_3308,11610.104607093015
00e12e8b_3309,11610.104607093015
00e12e8b_3310,11610.104607093015
00e12e8b_3311,11610.104607093015
00e12e8b_3312,11610.104607093015
00e12e8b_3313,11610.104607093015
00e12e8b_3314,11610.085950630524
00e12e8b_3315,11610.085950630524
00e12e8b_3316,11610.085950630524
00e12e8b_3317,11610.085950630524
00e12e8b_3318,11610.085950630524
00e12e8b_3319,11610.005268242663
00e12e8b_3320,11610.005268242663
00e12e8b_3321,11610.005268242663
00e12e8b_3322,11610.005268242663
00e12e8b_3323,11610.005268242663
00e12e8b_3324,11610.005268242663
00e12e8b_3325,11609.960573280614
00e12e8b_3326,11609.960573280614
00e12e8b_3327,11609.960573280614
00e12e8b_3328,11609.960573280614
00e12e8b_3329,11609.960573280614
00e12e8b_3330,11609.960573280614
00e12e8b_3331,11609.960573280614
00e12e8b_3332,11609.960573280614
00e12e8b_3333,11609.960573280614
00e12e8b_3334,11609.960573280614
00e12e8b_3335,11609.960573280614
00e12e8b_3336,11609.814520133881
00e12e8b_3337,11609.814520133881
00e12e8b_3338,11609.814520133881
00e12e8b_3339,11609.814520133881
00e12e8b_3340,11609.814520133881
00e12e8b_3341,11609.814520133881
00e12e8b_3342,11609.814520133881
00e12e8b_3343,11609.814520133881
00e12e8b_3344,11609.814520133881
00e12e8b_3345,11609.814520133881
00e12e8b_3346,11609.814520133881
00e12e8b_3347,11609.814520133881
00e12e8b_3348,11609.814520133881
00e12e8b_3349,11609.814520133881
00e12e8b_3350,11609.814520133881
00e12e8b_3351,11609.814520133881
00e12e8b_3352,11609.82247448401
00e12e8b_3353,11609.82247448401
00e12e8b_3354,11609.796670648764
00e12e8b_3355,11609.854734961824
00e12e8b_3356,11609.854734961824
00e12e8b_3357,11609.91631759902
00e12e8b_3358,11609.890432342874
00e12e8b_3359,11609.909273301171
00e12e8b_3360,11609.916471988168
00e12e8b_3361,11609.916471988168
00e12e8b_3362,11609.916471988168
00e12e8b_3363,11609.950812762687
00e12e8b_3364,11609.950812762687
00e12e8b_3365,11609.950812762687
00e12e8b_3366,11609.987981877623
00e12e8b_3367,11609.987981877623
00e12e8b_3368,11609.987981877623
00e12e8b_3369,11609.783912177923
00e12e8b_3370,11609.783912177923
00e12e8b_3371,11609.783912177923
00e12e8b_3372,11609.783912177923
00e12e8b_3373,11609.783912177923
00e12e8b_3374,11609.783912177923
00e12e8b_3375,11609.790378982056
00e12e8b_3376,11609.790378982056
00e12e8b_3377,11609.790378982056
00e12e8b_3378,11609.783180295059
00e12e8b_3379,11609.766990483038
00e12e8b_3380,11609.766990483038
00e12e8b_3381,11609.766990483038
00e12e8b_3382,11609.792493816605
00e12e8b_3383,11609.832748137298
00e12e8b_3384,11609.832748137298
00e12e8b_3385,11609.832748137298
00e12e8b_3386,11609.832748137298
00e12e8b_3387,11609.61514745537
00e12e8b_3388,11609.61514745537
00e12e8b_3389,11609.61514745537
00e12e8b_3390,11609.62769548809
00e12e8b_3391,11609.62769548809
00e12e8b_3392,11609.559053587718
00e12e8b_3393,11609.559053587718
00e12e8b_3394,11609.559053587718
00e12e8b_3395,11609.518799267025
00e12e8b_3396,11609.518799267025
00e12e8b_3397,11609.518799267025
00e12e8b_3398,11609.484070878074
00e12e8b_3399,11609.458567544507
00e12e8b_3400,11609.458567544507
00e12e8b_3401,11609.458567544507
00e12e8b_3402,11609.273197122626
00e12e8b_3403,11609.273197122626
00e12e8b_3404,11609.273197122626
00e12e8b_3405,11609.273197122626
00e12e8b_3406,11609.273197122626
00e12e8b_3407,11609.227107078983
00e12e8b_3408,11609.227107078983
00e12e8b_3409,11609.227107078983
00e12e8b_3410,11609.227107078983
00e12e8b_3411,11609.227107078983
00e12e8b_3412,11609.227107078983
00e12e8b_3413,11609.181714253808
00e12e8b_3414,11609.181714253808
00e12e8b_3415,11609.181714253808
00e12e8b_3416,11609.181714253808
00e12e8b_3417,11609.181714253808
00e12e8b_3418,11609.136347741289
00e12e8b_3419,11609.136347741289
00e12e8b_3420,11609.120823158408
00e12e8b_3421,11609.182405795604
00e12e8b_3422,11609.182405795604
00e12e8b_3423,11609.120823158408
00e12e8b_3424,11609.120823158408
00e12e8b_3425,11609.120823158408
00e12e8b_3426,11609.120823158408
00e12e8b_3427,11609.047751165048
00e12e8b_3428,11609.047751165048
00e12e8b_3429,11609.047751165048
00e12e8b_3430,11609.047751165048
00e12e8b_3431,11609.047751165048
00e12e8b_3432,11609.047751165048
00e12e8b_3433,11609.047751165048
00e12e8b_3434,11609.047751165048
00e12e8b_3435,11609.047751165048
00e12e8b_3436,11609.047751165048
00e12e8b_3437,11609.047751165048
00e12e8b_3438,11609.047751165048
00e12e8b_3439,11609.063275747929
00e12e8b_3440,11609.063275747929
00e12e8b_3441,11609.063275747929
00e12e8b_3442,11609.063275747929
00e12e8b_3443,11609.063275747929
00e12e8b_3444,11609.063275747929
00e12e8b_3445,11609.108668573104
00e12e8b_3446,11609.108668573104
00e12e8b_3447,11609.108668573104
00e12e8b_3448,11609.108668573104
00e12e8b_3449,11609.108668573104
00e12e8b_3450,11609.108668573104
00e12e8b_3451,11609.115135377237
00e12e8b_3452,11609.115135377237
00e12e8b_3453,11609.115135377237
00e12e8b_3454,11609.115135377237
00e12e8b_3455,11609.115135377237
00e12e8b_3456,11609.115135377237
00e12e8b_3457,11609.115135377237
00e12e8b_3458,11609.147932344207
00e12e8b_3459,11609.173435677774
00e12e8b_3460,11609.107618098475
00e12e8b_3461,11609.107618098475
00e12e8b_3462,11609.107618098475
00e12e8b_3463,11609.082114764908
00e12e8b_3464,11609.082114764908
00e12e8b_3465,11609.082114764908
00e12e8b_3466,11609.082114764908
00e12e8b_3467,11609.082114764908
00e12e8b_3468,11609.082114764908
00e12e8b_3469,11609.082114764908
00e12e8b_3470,11609.082114764908
00e12e8b_3471,11609.075647960775
00e12e8b_3472,11609.075647960775
00e12e8b_3473,11609.075647960775
00e12e8b_3474,11609.075647960775
00e12e8b_3475,11609.07943737243
00e12e8b_3476,11609.12572172006
00e12e8b_3477,11609.080328894885
00e12e8b_3478,11609.080328894885
00e12e8b_3479,11609.080328894885
00e12e8b_3480,11609.142956930504
00e12e8b_3481,11609.142956930504
00e12e8b_3482,11609.142956930504
00e12e8b_3483,11609.142956930504
00e12e8b_3484,11609.127432347623
00e12e8b_3485,11609.127432347623
00e12e8b_3486,11609.127432347623
00e12e8b_3487,11609.127432347623
00e12e8b_3488,11609.127432347623
00e12e8b_3489,11609.093091573104
00e12e8b_3490,11609.093091573104
00e12e8b_3491,11609.093091573104
00e12e8b_3492,11609.093091573104
00e12e8b_3493,11609.093091573104
00e12e8b_3494,11609.093091573104
00e12e8b_3495,11609.093091573104
00e12e8b_3496,11609.093091573104
00e12e8b_3497,11609.093091573104
00e12e8b_3498,11609.164169415064
00e12e8b_3499,11609.167836574472
00e12e8b_3500,11609.167836574472
00e12e8b_3501,11608.985294460637
00e12e8b_3502,11608.985294460637
00e12e8b_3503,11608.985294460637
00e12e8b_3504,11609.011179716783
00e12e8b_3505,11609.011179716783
00e12e8b_3506,11609.011179716783
00e12e8b_3507,11609.011179716783
00e12e8b_3508,11609.011179716783
00e12e8b_3509,11608.9967034018
00e12e8b_3510,11609.019211519504
00e12e8b_3511,11608.9967034018
00e12e8b_3512,11608.9967034018
00e12e8b_3513,11608.9967034018
00e12e8b_3514,11609.019211519504
00e12e8b_3515,11608.9967034018
00e12e8b_3516,11608.9967034018
00e12e8b_3517,11608.9967034018
00e12e8b_3518,11608.9967034018
00e12e8b_3519,11609.064834092283
00e12e8b_3520,11609.042325974578
00e12e8b_3521,11609.042325974578
00e12e8b_3522,11609.064834092283
00e12e8b_3523,11609.042325974578
00e12e8b_3524,11609.042325974578
00e12e8b_3525,11609.042325974578
00e12e8b_3526,11609.016440718433
00e12e8b_3527,11608.888282774196
00e12e8b_3528,11608.888282774196
00e12e8b_3529,11608.907123732493
00e12e8b_3530,11608.929631850198
00e12e8b_3531,11608.907123732493
00e12e8b_3532,11608.907123732493
00e12e8b_3533,11608.907123732493
00e12e8b_3534,11608.929631850198
00e12e8b_3535,11608.929631850198
00e12e8b_3536,11608.907123732493
00e12e8b_3537,11608.879300818853
00e12e8b_3538,11608.913641593372
00e12e8b_3539,11608.913641593372
00e12e8b_3540,11608.936149711077
00e12e8b_3541,11608.913641593372
00e12e8b_3542,11608.913641593372
00e12e8b_3543,11608.913641593372
00e12e8b_3544,11608.929166176253
00e12e8b_3545,11608.951674293958
00e12e8b_3546,11608.929166176253
00e12e8b_3547,11608.929166176253
00e12e8b_3548,11608.513643289318
00e12e8b_3549,11608.513643289318
00e12e8b_3550,11608.513643289318
00e12e8b_3551,11608.536151407023
00e12e8b_3552,11608.575225926514
00e12e8b_3553,11608.575225926514
00e12e8b_3554,11608.58242461351
00e12e8b_3555,11608.58242461351
00e12e8b_3556,11608.58242461351
00e12e8b_3557,11608.58242461351
00e12e8b_3558,11608.604932731216
00e12e8b_3559,11608.58242461351
00e12e8b_3560,11608.58242461351
00e12e8b_3561,11608.58242461351
00e12e8b_3562,11608.58242461351
00e12e8b_3563,11608.58586970821
00e12e8b_3564,11608.58586970821
00e12e8b_3565,11608.58586970821
00e12e8b_3566,11608.58586970821
00e12e8b_3567,11608.58586970821
00e12e8b_3568,11608.58586970821
00e12e8b_3569,11608.523145160256
00e12e8b_3570,11608.552300508647
00e12e8b_3571,11608.552300508647
00e12e8b_3572,11608.536960169122
00e12e8b_3573,11608.536960169122
00e12e8b_3574,11608.536960169122
00e12e8b_3575,11608.536960169122
00e12e8b_3576,11608.536960169122
00e12e8b_3577,11608.552788901781
00e12e8b_3578,11608.569132554674
00e12e8b_3579,11608.569132554674
00e12e8b_3580,11608.569132554674
00e12e8b_3581,11608.567479414425
00e12e8b_3582,11608.567479414425
00e12e8b_3583,11608.591059137698
00e12e8b_3584,11608.591059137698
00e12e8b_3585,11608.591059137698
00e12e8b_3586,11608.591059137698
00e12e8b_3587,11608.591059137698
00e12e8b_3588,11608.772122122306
00e12e8b_3589,11608.772122122306
00e12e8b_3590,11608.766261521112
00e12e8b_3591,11608.766261521112
00e12e8b_3592,11608.952909612635
00e12e8b_3593,11608.952909612635
00e12e8b_3594,11608.889370119608
00e12e8b_3595,11608.889370119608
00e12e8b_3596,11608.349019885653
00e12e8b_3597,11608.392400678755
00e12e8b_3598,11608.52723412337
00e12e8b_3599,11608.52723412337
00e12e8b_3600,11608.537765074334
00e12e8b_3601,11608.39550283325
00e12e8b_3602,11608.62465254259
00e12e8b_3603,11608.62465254259
00e12e8b_3604,11608.917225067173
00e12e8b_3605,11608.764304275786
00e12e8b_3606,11608.695252957832
00e12e8b_3607,11608.721546592285
00e12e8b_3608,11608.758119331687
00e12e8b_3609,11608.78552778428
00e12e8b_3610,11608.226797387853
00e12e8b_3611,11608.18515452249
00e12e8b_3612,11608.06069119685
00e12e8b_3613,11607.9959932819
00e12e8b_3614,11608.148914073287
00e12e8b_3615,11608.192943221457
00e12e8b_3616,11608.206867423414
00e12e8b_3617,11608.374396882831
00e12e8b_3618,11608.374396882831
00e12e8b_3619,11608.179833226082
00e12e8b_3620,11608.221476091445
00e12e8b_3621,11608.304296551723
00e12e8b_3622,11608.258576881357
00e12e8b_3623,11608.510501249764
00e12e8b_3624,11608.452325919392
00e12e8b_3625,11608.452325919392
00e12e8b_3626,11608.598503161316
00e12e8b_3627,11608.598503161316
00e12e8b_3628,11608.49128355789
00e12e8b_3629,11608.49128355789
00e12e8b_3630,11608.49128355789
00e12e8b_3631,11608.317697863375
00e12e8b_3632,11608.317697863375
00e12e8b_3633,11608.181309536998
00e12e8b_3634,11608.02689395229
00e12e8b_3635,11607.892042475485
00e12e8b_3636,11607.77904924826
00e12e8b_3637,11607.77904924826
00e12e8b_3638,11607.833407347545
00e12e8b_3639,11607.978036740156
00e12e8b_3640,11607.978036740156
00e12e8b_3641,11607.978036740156
00e12e8b_3642,11607.978036740156
00e12e8b_3643,11607.978036740156
00e12e8b_3644,11607.978036740156
00e12e8b_3645,11607.978036740156
00e12e8b_3646,11607.978036740156
00e12e8b_3647,11607.978036740156
00e12e8b_3648,11607.810085091973
00e12e8b_3649,11607.810085091973
00e12e8b_3650,11607.810085091973
00e12e8b_3651,11607.74856904013
00e12e8b_3652,11607.929208494921
00e12e8b_3653,11607.873510832233
00e12e8b_3654,11607.829481684063
00e12e8b_3655,11607.829481684063
00e12e8b_3656,11607.81269401504
00e12e8b_3657,11607.820122811509
00e12e8b_3658,11607.820122811509
00e12e8b_3659,11607.820122811509
00e12e8b_3660,11607.820122811509
00e12e8b_3661,11607.776121275638
00e12e8b_3662,11607.783550072107
00e12e8b_3663,11607.783550072107
00e12e8b_3664,11607.417302465865
00e12e8b_3665,11607.473000128553
00e12e8b_3666,11607.473000128553
00e12e8b_3667,11606.485588490237
00e12e8b_3668,11606.638509281624
00e12e8b_3669,11607.04612426046
00e12e8b_3670,11607.04612426046
00e12e8b_3671,11606.81254686612
00e12e8b_3672,11607.01211377867
00e12e8b_3673,11607.462214635689
00e12e8b_3674,11607.454737345597
00e12e8b_3675,11607.431157622324
00e12e8b_3676,11607.431157622324
00e12e8b_3677,11607.43566717406
00e12e8b_3678,11607.43732031431
00e12e8b_3679,11607.43732031431
00e12e8b_3680,11607.43732031431
00e12e8b_3681,11607.520177688046
00e12e8b_3682,11607.43732031431
00e12e8b_3683,11607.43732031431
00e12e8b_3684,11607.520177688046
00e12e8b_3685,11607.49766957034
00e12e8b_3686,11607.579066896616
00e12e8b_3687,11607.518717640585
00e12e8b_3688,11607.518717640585
00e12e8b_3689,11607.518717640585
00e12e8b_3690,11607.518717640585
00e12e8b_3691,11607.518717640585
00e12e8b_3692,11607.518717640585
00e12e8b_3693,11607.518717640585
00e12e8b_3694,11607.518717640585
00e12e8b_3695,11607.511288844116
00e12e8b_3696,11607.693083357215
00e12e8b_3697,11607.691430216966
00e12e8b_3698,11607.691430216966
00e12e8b_3699,11607.684001420497
00e12e8b_3700,11607.691430216966
00e12e8b_3701,11607.715009940239
00e12e8b_3702,11607.715009940239
00e12e8b_3703,11607.715009940239
00e12e8b_3704,11607.715009940239
00e12e8b_3705,11607.753669305419
00e12e8b_3706,11607.753669305419
00e12e8b_3707,11607.934732290027
00e12e8b_3708,11607.934732290027
00e12e8b_3709,11607.971119637225
00e12e8b_3710,11607.947539913952
00e12e8b_3711,11607.947539913952
00e12e8b_3712,11608.134188005475
00e12e8b_3713,11608.134188005475
00e12e8b_3714,11608.134188005475
00e12e8b_3715,11606.990927583187
00e12e8b_3716,11607.021894432495
00e12e8b_3717,11606.721224858844
00e12e8b_3718,11606.721224858844
00e12e8b_3719,11606.560909871088
00e12e8b_3720,11606.721224858844
00e12e8b_3721,11606.721224858844
00e12e8b_3722,11606.560909871088
00e12e8b_3723,11606.721224858844
00e12e8b_3724,11606.560909871088
00e12e8b_3725,11606.721224858844
00e12e8b_3726,11606.565114976038
00e12e8b_3727,11606.721224858844
00e12e8b_3728,11606.705700275963
00e12e8b_3729,11606.705700275963
00e12e8b_3730,11606.705700275963
00e12e8b_3731,11606.671359501444
00e12e8b_3732,11606.671359501444
00e12e8b_3733,11606.584472033188
00e12e8b_3734,11606.671359501444
00e12e8b_3735,11606.546113601835
00e12e8b_3736,11606.801148567321
00e12e8b_3737,11606.782955897284
00e12e8b_3738,11606.80875973253
00e12e8b_3739,11606.721872264274
00e12e8b_3740,11607.143539980418
00e12e8b_3741,11607.285802221502
00e12e8b_3742,11607.285802221502
00e12e8b_3743,11607.009302937187
00e12e8b_3744,11607.06537866013
00e12e8b_3745,11606.849358659347
00e12e8b_3746,11606.69643786796
00e12e8b_3747,11606.620208950006
00e12e8b_3748,11606.446574761867
00e12e8b_3749,11606.446574761867
00e12e8b_3750,11606.446574761867
00e12e8b_3751,11606.465231224358
00e12e8b_3752,11606.465231224358
00e12e8b_3753,11606.465231224358
00e12e8b_3754,11606.465231224358
00e12e8b_3755,11606.606343523883
00e12e8b_3756,11606.606343523883
00e12e8b_3757,11606.606343523883
00e12e8b_3758,11606.58276380061
00e12e8b_3759,11606.58276380061
00e12e8b_3760,11606.58276380061
00e12e8b_3761,11606.58276380061
00e12e8b_3762,11606.332684777552
00e12e8b_3763,11606.393034033583
00e12e8b_3764,11606.332684777552
00e12e8b_3765,11606.415542151288
00e12e8b_3766,11606.393034033583
00e12e8b_3767,11606.332684777552
00e12e8b_3768,11606.415542151288
00e12e8b_3769,11606.393034033583
00e12e8b_3770,11606.417195291537
00e12e8b_3771,11606.417195291537
00e12e8b_3772,11606.417195291537
00e12e8b_3773,11606.417195291537
00e12e8b_3774,11606.450511705054
00e12e8b_3775,11606.450511705054
00e12e8b_3776,11606.428003587349
00e12e8b_3777,11606.44553043921
00e12e8b_3778,11606.44553043921
00e12e8b_3779,11606.460870778736
00e12e8b_3780,11606.460870778736
00e12e8b_3781,11606.34953522068
00e12e8b_3782,11606.432392594415
00e12e8b_3783,11606.432392594415
00e12e8b_3784,11606.432392594415
00e12e8b_3785,11606.429409991515
00e12e8b_3786,11606.396822300949
00e12e8b_3787,11606.364819202245
00e12e8b_3788,11606.34231108454
00e12e8b_3789,11606.364819202245
00e12e8b_3790,11606.364819202245
00e12e8b_3791,11606.364819202245
00e12e8b_3792,11606.418073113637
00e12e8b_3793,11606.418073113637
00e12e8b_3794,11606.418073113637
00e12e8b_3795,11606.418073113637
00e12e8b_3796,11606.418073113637
00e12e8b_3797,11606.418073113637
00e12e8b_3798,11606.418073113637
00e12e8b_3799,11606.254873354901
00e12e8b_3800,11606.254873354901
00e12e8b_3801,11606.254873354901
00e12e8b_3802,11606.254873354901
00e12e8b_3803,11606.254873354901
00e12e8b_3804,11606.254873354901
00e12e8b_3805,11606.273521780353
00e12e8b_3806,11606.273521780353
00e12e8b_3807,11606.273521780353
00e12e8b_3808,11606.273521780353
00e12e8b_3809,11606.273521780353
00e12e8b_3810,11606.251013662648
00e12e8b_3811,11606.273521780353
00e12e8b_3812,11606.276797939705
00e12e8b_3813,11606.276797939705
00e12e8b_3814,11606.27482915537
00e12e8b_3815,11606.27482915537
00e12e8b_3816,11606.27482915537
00e12e8b_3817,11606.414412758151
00e12e8b_3818,11606.436920875856
00e12e8b_3819,11606.436920875856
00e12e8b_3820,11606.436920875856
00e12e8b_3821,11606.436920875856
00e12e8b_3822,11606.436920875856
00e12e8b_3823,11606.436920875856
00e12e8b_3824,11606.436920875856
00e12e8b_3825,11606.436920875856
00e12e8b_3826,11606.436920875856
00e12e8b_3827,11606.414412758151
00e12e8b_3828,11606.273300458626
00e12e8b_3829,11606.273300458626
00e12e8b_3830,11606.295808576331
00e12e8b_3831,11606.295808576331
00e12e8b_3832,11606.298783987555
00e12e8b_3833,11606.298783987555
00e12e8b_3834,11606.298783987555
00e12e8b_3835,11606.298783987555
00e12e8b_3836,11606.298783987555
00e12e8b_3837,11606.17898915973
00e12e8b_3838,11606.17898915973
00e12e8b_3839,11606.17898915973
00e12e8b_3840,11597.05575471904
00e12e8b_3841,11597.05575471904
00e12e8b_3842,11597.033246601335
00e12e8b_3843,11597.033246601335
00e12e8b_3844,11597.05575471904
00e12e8b_3845,11597.05575471904
00e12e8b_3846,11597.05575471904
00e12e8b_3847,11597.05575471904
00e12e8b_3848,11597.05575471904
00e12e8b_3849,11597.066901837701
00e12e8b_3850,11597.037047480411
00e12e8b_3851,11597.037047480411
00e12e8b_3852,11597.24443663621
00e12e8b_3853,11597.252844179364
00e12e8b_3854,11597.252844179364
00e12e8b_3855,11597.252844179364
00e12e8b_3856,11597.252844179364
00e12e8b_3857,11596.772573546508
00e12e8b_3858,11596.772573546508
00e12e8b_3859,11596.772573546508
00e12e8b_3860,11596.772573546508
00e12e8b_3861,11596.772573546508
00e12e8b_3862,11596.750065428803
00e12e8b_3863,11597.008505014936
00e12e8b_3864,11597.008505014936
00e12e8b_3865,11597.008505014936
00e12e8b_3866,11596.98599689723
00e12e8b_3867,11596.989856589484
00e12e8b_3868,11596.989856589484
00e12e8b_3869,11596.967348471779
00e12e8b_3870,11596.989856589484
00e12e8b_3871,11596.989856589484
00e12e8b_3872,11597.111514888056
00e12e8b_3873,11597.114497490957
00e12e8b_3874,11597.140301326202
00e12e8b_3875,11597.140301326202
00e12e8b_3876,11597.00428156774
00e12e8b_3877,11597.00129896484
00e12e8b_3878,11597.00129896484
00e12e8b_3879,11596.914200057865
00e12e8b_3880,11596.93670817557
00e12e8b_3881,11596.93670817557
00e12e8b_3882,11596.93670817557
00e12e8b_3883,11597.05444049837
00e12e8b_3884,11597.05444049837
00e12e8b_3885,11597.05444049837
00e12e8b_3886,11597.031932380665
00e12e8b_3887,11597.037831121159
00e12e8b_3888,11597.037831121159
00e12e8b_3889,11597.037831121159
00e12e8b_3890,11597.037831121159
00e12e8b_3891,11597.037831121159
00e12e8b_3892,11597.029047264123
00e12e8b_3893,11597.051740564251
00e12e8b_3894,11596.996070942996
00e12e8b_3895,11596.988515514098
00e12e8b_3896,11596.988515514098
00e12e8b_3897,11596.988515514098
00e12e8b_3898,11596.988515514098
00e12e8b_3899,11596.973175174573
00e12e8b_3900,11596.973175174573
00e12e8b_3901,11597.033524430604
00e12e8b_3902,11597.033524430604
00e12e8b_3903,11597.030085737604
00e12e8b_3904,11597.04542607713
00e12e8b_3905,11597.067934194834
00e12e8b_3906,11597.04542607713
00e12e8b_3907,11597.067934194834
00e12e8b_3908,11597.04542607713
00e12e8b_3909,11597.09405441124
00e12e8b_3910,11597.09405441124
00e12e8b_3911,11597.09405441124
00e12e8b_3912,11597.09405441124
00e12e8b_3913,11596.929345598559
00e12e8b_3914,11596.939869911812
00e12e8b_3915,11596.87952065578
00e12e8b_3916,11596.87952065578
00e12e8b_3917,11596.864180316255
00e12e8b_3918,11596.903964617579
00e12e8b_3919,11596.903964617579
00e12e8b_3920,11596.903964617579
00e12e8b_3921,11596.903964617579
00e12e8b_3922,11596.96019573567
00e12e8b_3923,11596.96019573567
00e12e8b_3924,11596.935387292118
00e12e8b_3925,11596.935387292118
00e12e8b_3926,11596.935387292118
00e12e8b_3927,11596.935387292118
00e12e8b_3928,11596.935387292118
00e12e8b_3929,11596.935387292118
00e12e8b_3930,11596.935387292118
00e12e8b_3931,11596.935387292118
00e12e8b_3932,11596.935387292118
00e12e8b_3933,11596.935387292118
00e12e8b_3934,11596.935387292118
00e12e8b_3935,11596.935387292118
00e12e8b_3936,11596.935387292118
00e12e8b_3937,11596.935387292118
00e12e8b_3938,11596.935387292118
00e12e8b_3939,11596.935387292118
00e12e8b_3940,11596.935387292118
00e12e8b_3941,11596.935387292118
00e12e8b_3942,11596.935387292118
00e12e8b_3943,11596.935387292118
00e12e8b_3944,11596.935387292118
00e12e8b_3945,11596.92795849565
00e12e8b_3946,11596.935387292118
00e12e8b_3947,11596.935387292118
00e12e8b_3948,11596.935387292118
00e12e8b_3949,11597.070220736734
00e12e8b_3950,11596.92795849565
00e12e8b_3951,11596.935387292118
00e12e8b_3952,11596.935387292118
00e12e8b_3953,11596.935387292118
00e12e8b_3954,11596.935387292118
00e12e8b_3955,11596.935387292118
00e12e8b_3956,11596.935387292118
00e12e8b_3957,11596.935387292118
00e12e8b_3958,11596.935387292118
00e12e8b_3959,11596.935387292118
00e12e8b_3960,11596.935387292118
00e12e8b_3961,11596.935387292118
00e12e8b_3962,11597.004838132645
00e12e8b_3963,11596.994313819392
00e12e8b_3964,11597.131180667127
00e12e8b_3965,11597.131180667127
00e12e8b_3966,11596.977870102277
00e12e8b_3967,11596.977870102277
00e12e8b_3968,11596.977870102277
00e12e8b_3969,11596.977870102277
00e12e8b_3970,11596.836383697177
00e12e8b_3971,11596.825859383924
00e12e8b_3972,11596.800055548678
00e12e8b_3973,11596.818248218715
00e12e8b_3974,11596.818248218715
00e12e8b_3975,11596.910852030991
00e12e8b_3976,11596.79236296257
00e12e8b_3977,11596.82172823412
00e12e8b_3978,11596.761378978088
00e12e8b_3979,11596.811203920866
00e12e8b_3980,11596.82172823412
00e12e8b_3981,11596.811203920866
00e12e8b_3982,11596.422925464141
00e12e8b_3983,11596.164924621595
00e12e8b_3984,11596.164924621595
00e12e8b_3985,11596.164924621595
00e12e8b_3986,11596.164924621595
00e12e8b_3987,11595.95240425544
00e12e8b_3988,11595.950751115191
00e12e8b_3989,11595.950751115191
00e12e8b_3990,11595.950751115191
00e12e8b_3991,11595.950751115191
00e12e8b_3992,11595.950751115191
00e12e8b_3993,11595.950751115191
00e12e8b_3994,11595.950751115191
00e12e8b_3995,11595.950751115191
00e12e8b_3996,11595.950751115191
00e12e8b_3997,11595.950751115191
00e12e8b_3998,11595.950751115191
00e12e8b_3999,11595.950751115191
00e12e8b_4000,11595.246482577495
00e12e8b_4001,11595.246482577495
00e12e8b_4002,11595.246482577495
00e12e8b_4003,11595.394675554417
00e12e8b_4004,11594.061947222874
00e12e8b_4005,11594.061947222874
00e12e8b_4006,11594.061947222874
00e12e8b_4007,11594.061947222874
00e12e8b_4008,11594.063600363123
00e12e8b_4009,11594.179592849441
00e12e8b_4010,11594.177939709192
00e12e8b_4011,11594.29419908671
00e12e8b_4012,11594.29419908671
00e12e8b_4013,11594.29419908671
00e12e8b_4014,11594.29419908671
00e12e8b_4015,11594.29419908671
00e12e8b_4016,11594.29419908671
00e12e8b_4017,11594.29419908671
00e12e8b_4018,11593.482062788251
00e12e8b_4019,11593.395175319994
00e12e8b_4020,11593.22354116965
00e12e8b_4021,11593.008325990984
00e12e8b_4022,11592.95725335825
00e12e8b_4023,11592.95725335825
00e12e8b_4024,11592.96468215472
00e12e8b_4025,11592.96468215472
00e12e8b_4026,11592.96468215472
00e12e8b_4027,11592.999022929238
00e12e8b_4028,11593.100313502127
00e12e8b_4029,11593.115838085008
00e12e8b_4030,11593.115838085008
00e12e8b_4031,11593.055488828977
00e12e8b_4032,11593.1388876183
00e12e8b_4033,11593.078538362268
00e12e8b_4034,11593.078538362268
00e12e8b_4035,11592.864859804231
00e12e8b_4036,11592.84774688509
00e12e8b_4037,11592.84774688509
00e12e8b_4038,11592.78739762906
00e12e8b_4039,11592.832313300114
00e12e8b_4040,11593.03157761629
00e12e8b_4041,11592.971228360258
00e12e8b_4042,11593.041017486472
00e12e8b_4043,11593.051541799725
00e12e8b_4044,11593.150239898056
00e12e8b_4045,11592.97794807982
00e12e8b_4046,11592.94650761257
00e12e8b_4047,11592.931167440838
00e12e8b_4048,11592.941691754091
00e12e8b_4049,11592.957032093616
00e12e8b_4050,11592.954049490716
00e12e8b_4051,11592.914962035013
00e12e8b_4052,11592.914962035013
00e12e8b_4053,11592.90443772176
00e12e8b_4054,11592.90443772176
00e12e8b_4055,11592.695593942408
00e12e8b_4056,11592.695593942408
00e12e8b_4057,11592.695593942408
00e12e8b_4058,11592.695593942408
00e12e8b_4059,11592.695593942408
00e12e8b_4060,11592.804700115383
00e12e8b_4061,11592.804700115383
00e12e8b_4062,11592.804700115383
00e12e8b_4063,11592.85852410716
00e12e8b_4064,11592.951127919436
00e12e8b_4065,11592.951127919436
00e12e8b_4066,11592.85852410716
00e12e8b_4067,11592.961471365981
00e12e8b_4068,11592.961471365981
00e12e8b_4069,11593.054075178257
00e12e8b_4070,11592.959016960638
00e12e8b_4071,11593.051620772914
00e12e8b_4072,11592.959016960638
00e12e8b_4073,11593.221725838368
00e12e8b_4074,11593.0085874935
00e12e8b_4075,11593.0085874935
00e12e8b_4076,11593.0085874935
00e12e8b_4077,11593.0085874935
00e12e8b_4078,11593.0085874935
00e12e8b_4079,11592.915983681223
00e12e8b_4080,11593.0085874935
00e12e8b_4081,11593.0085874935
00e12e8b_4082,11592.980335242222
00e12e8b_4083,11592.915983681223
00e12e8b_4084,11593.040590592203
00e12e8b_4085,11592.958053739827
00e12e8b_4086,11592.973900019359
00e12e8b_4087,11592.973900019359
00e12e8b_4088,11593.0589923079
00e12e8b_4089,11593.061446713244
00e12e8b_4090,11592.968842900968
00e12e8b_4091,11592.104111270486
00e12e8b_4092,11592.196715082762
00e12e8b_4093,11592.223783696043
00e12e8b_4094,11592.131179883767
00e12e8b_4095,11592.120836437221
00e12e8b_4096,11592.028232624945
00e12e8b_4097,11592.028232624945
00e12e8b_4098,11592.028232624945
00e12e8b_4099,11592.028232624945
00e12e8b_4100,11592.038756938198
00e12e8b_4101,11592.03710379795
00e12e8b_4102,11592.026579484696
00e12e8b_4103,11592.068225707108
00e12e8b_4104,11592.068225707108
00e12e8b_4105,11592.069878847356
00e12e8b_4106,11592.009529591325
00e12e8b_4107,11592.009529591325
00e12e8b_4108,11592.009529591325
00e12e8b_4109,11592.009529591325
00e12e8b_4110,11592.009529591325
00e12e8b_4111,11592.009529591325
00e12e8b_4112,11591.970304837752
00e12e8b_4113,11592.469413596282
00e12e8b_4114,11592.469413596282
00e12e8b_4115,11592.469413596282
00e12e8b_4116,11592.469413596282
00e12e8b_4117,11592.469413596282
00e12e8b_4118,11592.469413596282
00e12e8b_4119,11592.461984799813
00e12e8b_4120,11592.469413596282
00e12e8b_4121,11592.469413596282
00e12e8b_4122,11592.469413596282
00e12e8b_4123,11592.469413596282
00e12e8b_4124,11592.469413596282
00e12e8b_4125,11592.523628464714
00e12e8b_4126,11592.516199668245
00e12e8b_4127,11592.523628464714
00e12e8b_4128,11592.53896880424
00e12e8b_4129,11592.53896880424
00e12e8b_4130,11592.53896880424
00e12e8b_4131,11592.53896880424
00e12e8b_4132,11592.429862631265
00e12e8b_4133,11592.627751170432
00e12e8b_4134,11592.64222403146
00e12e8b_4135,11592.619530731332
00e12e8b_4136,11592.619530731332
00e12e8b_4137,11592.619530731332
00e12e8b_4138,11592.619530731332
00e12e8b_4139,11592.619530731332
00e12e8b_4140,11592.619530731332
00e12e8b_4141,11592.619530731332
00e12e8b_4142,11592.619530731332
00e12e8b_4143,11592.619530731332
00e12e8b_4144,11592.575260458205
00e12e8b_4145,11592.575260458205
00e12e8b_4146,11592.575260458205
00e12e8b_4147,11592.575260458205
00e12e8b_4148,11592.575260458205
00e12e8b_4149,11592.575260458205
00e12e8b_4150,11592.575260458205
00e12e8b_4151,11592.575260458205
00e12e8b_4152,11592.575260458205
00e12e8b_4153,11592.575260458205
00e12e8b_4154,11592.575260458205
00e12e8b_4155,11592.575260458205
00e12e8b_4156,11592.575260458205
00e12e8b_4157,11592.575260458205
00e12e8b_4158,11592.575260458205
00e12e8b_4159,11592.575260458205
00e12e8b_4160,11592.575260458205
00e12e8b_4161,11592.575260458205
00e12e8b_4162,11592.764469180654
00e12e8b_4163,11592.764469180654
00e12e8b_4164,11592.460146322193
00e12e8b_4165,11592.460146322193
00e12e8b_4166,11592.460146322193
00e12e8b_4167,11592.460146322193
00e12e8b_4168,11592.449422553664
00e12e8b_4169,11592.441867124766
00e12e8b_4170,11592.441867124766
00e12e8b_4171,11592.441867124766
00e12e8b_4172,11592.441867124766
00e12e8b_4173,11592.441867124766
00e12e8b_4174,11592.434438328297
00e12e8b_4175,11592.434438328297
00e12e8b_4176,11592.441867124766
00e12e8b_4177,11592.42652678524
00e12e8b_4178,11592.42652678524
00e12e8b_4179,11592.42652678524
00e12e8b_4180,11592.42652678524
00e12e8b_4181,11592.42652678524
00e12e8b_4182,11592.419097988772
00e12e8b_4183,11592.419097988772
00e12e8b_4184,11592.419097988772
00e12e8b_4185,11592.42652678524
00e12e8b_4186,11592.42652678524
00e12e8b_4187,11592.42652678524
00e12e8b_4188,11592.42652678524
00e12e8b_4189,11592.42652678524
00e12e8b_4190,11592.42652678524
00e12e8b_4191,11592.42652678524
00e12e8b_4192,11592.435415033859
00e12e8b_4193,11592.435415033859
00e12e8b_4194,11592.544521206833
00e12e8b_4195,11592.544521206833
00e12e8b_4196,11592.544521206833
00e12e8b_4197,11592.544521206833
00e12e8b_4198,11592.604870462865
00e12e8b_4199,11592.544521206833
00e12e8b_4200,11592.544521206833
00e12e8b_4201,11592.544521206833
00e12e8b_4202,11592.544521206833
00e12e8b_4203,11592.696716965731
00e12e8b_4204,11592.696716965731
00e12e8b_4205,11592.696716965731
00e12e8b_4206,11592.696716965731
00e12e8b_4207,11592.696716965731
00e12e8b_4208,11592.761882248034
00e12e8b_4209,11592.712057305256
00e12e8b_4210,11592.712057305256
00e12e8b_4211,11592.712057305256
00e12e8b_4212,11592.799973185854
00e12e8b_4213,11592.75790312725
00e12e8b_4214,11592.75790312725
00e12e8b_4215,11592.75790312725
00e12e8b_4216,11592.75790312725
00e12e8b_4217,11592.75790312725
00e12e8b_4218,11592.75790312725
00e12e8b_4219,11592.802641590573
00e12e8b_4220,11592.802641590573
00e12e8b_4221,11592.802641590573
00e12e8b_4222,11592.802641590573
00e12e8b_4223,11592.802641590573
00e12e8b_4224,11592.791917822044
00e12e8b_4225,11592.784362393146
00e12e8b_4226,11592.784362393146
00e12e8b_4227,11592.784362393146
00e12e8b_4228,11592.784362393146
00e12e8b_4229,11592.784362393146
00e12e8b_4230,11592.784362393146
00e12e8b_4231,11592.76902205362
00e12e8b_4232,11592.76902205362
00e12e8b_4233,11592.76902205362
00e12e8b_4234,11592.76902205362
00e12e8b_4235,11592.76902205362
00e12e8b_4236,11592.76902205362
00e12e8b_4237,11592.76902205362
00e12e8b_4238,11592.81156106773
00e12e8b_4239,11592.81156106773
00e12e8b_4240,11592.871910323762
00e12e8b_4241,11592.871910323762
00e12e8b_4242,11592.81156106773
00e12e8b_4243,11592.871910323762
00e12e8b_4244,11592.871910323762
00e12e8b_4245,11592.861386010509
00e12e8b_4246,11592.861386010509
00e12e8b_4247,11592.861386010509
00e12e8b_4248,11592.861386010509
00e12e8b_4249,11592.861386010509
00e12e8b_4250,11592.953989822785
00e12e8b_4251,11592.861386010509
00e12e8b_4252,11592.953989822785
00e12e8b_4253,11592.861386010509
00e12e8b_4254,11592.953989822785
00e12e8b_4255,11592.953989822785
00e12e8b_4256,11592.96933016231
00e12e8b_4257,11593.003558157894
00e12e8b_4258,11593.003558157894
00e12e8b_4259,11593.003558157894
00e12e8b_4260,11593.003558157894
00e12e8b_4261,11592.910954345618
00e12e8b_4262,11592.96148809929
00e12e8b_4263,11592.868884287014
00e12e8b_4264,11592.96148809929
00e12e8b_4265,11592.96148809929
00e12e8b_4266,11592.96148809929
00e12e8b_4267,11592.868884287014
00e12e8b_4268,11592.868884287014
00e12e8b_4269,11592.96148809929
00e12e8b_4270,11592.96148809929
00e12e8b_4271,11592.96148809929
00e12e8b_4272,11592.933235848013
00e12e8b_4273,11592.96148809929
00e12e8b_4274,11592.868884287014
00e12e8b_4275,11592.868884287014
00e12e8b_4276,11593.093581791485
00e12e8b_4277,11593.000977979209
00e12e8b_4278,11593.093581791485
00e12e8b_4279,11593.000977979209
00e12e8b_4280,11593.032981077913
00e12e8b_4281,11593.132669247188
00e12e8b_4282,11593.132669247188
00e12e8b_4283,11593.106162338989
00e12e8b_4284,11593.124443377403
00e12e8b_4285,11593.124443377403
00e12e8b_4286,11593.124443377403
00e12e8b_4287,11593.124443377403
00e12e8b_4288,11593.237914949477
00e12e8b_4289,11593.175111288103
00e12e8b_4290,11593.175111288103
00e12e8b_4291,11593.235460544134
00e12e8b_4292,11593.235460544134
00e12e8b_4293,11593.235460544134
00e12e8b_4294,11593.175111288103
00e12e8b_4295,11593.224936230881
00e12e8b_4296,11593.235460544134
00e12e8b_4297,11593.224936230881
00e12e8b_4298,11593.283137209657
00e12e8b_4299,11593.346975518623
00e12e8b_4300,11593.120944228815
00e12e8b_4301,11593.128485939167
00e12e8b_4302,11593.112091783592
00e12e8b_4303,11593.089398483464
00e12e8b_4304,11593.089398483464
00e12e8b_4305,11593.089398483464
00e12e8b_4306,11593.076575149536
00e12e8b_4307,11593.076575149536
00e12e8b_4308,11593.076575149536
00e12e8b_4309,11593.076575149536
00e12e8b_4310,11593.076575149536
00e12e8b_4311,11593.076575149536
00e12e8b_4312,11593.076575149536
00e12e8b_4313,11593.065851381007
00e12e8b_4314,11593.058295952109
00e12e8b_4315,11593.058295952109
00e12e8b_4316,11593.102683245163
00e12e8b_4317,11593.087342905637
00e12e8b_4318,11593.087342905637
00e12e8b_4319,11593.087342905637
00e12e8b_4320,11593.147692161669
00e12e8b_4321,11593.147692161669
00e12e8b_4322,11593.087342905637
00e12e8b_4323,11593.16901158581
00e12e8b_4324,11593.16901158581
00e12e8b_4325,11593.179535899062
00e12e8b_4326,11593.177882758813
00e12e8b_4327,11593.177882758813
00e12e8b_4328,11593.117533502782
00e12e8b_4329,11593.177882758813
00e12e8b_4330,11593.117533502782
00e12e8b_4331,11593.177882758813
00e12e8b_4332,11593.117533502782
00e12e8b_4333,11593.156729592743
00e12e8b_4334,11593.156729592743
00e12e8b_4335,11593.156729592743
00e12e8b_4336,11593.379965942962
00e12e8b_4337,11593.379965942962
00e12e8b_4338,11593.379965942962
00e12e8b_4339,11593.379965942962
00e12e8b_4340,11593.379965942962
00e12e8b_4341,11593.379965942962
00e12e8b_4342,11593.524772618308
00e12e8b_4343,11593.444925566433
00e12e8b_4344,11593.444925566433
00e12e8b_4345,11593.444925566433
00e12e8b_4346,11593.551329338368
00e12e8b_4347,11593.769303393583
00e12e8b_4348,11593.908447215135
00e12e8b_4349,11593.844608906169
00e12e8b_4350,11593.82509260249
00e12e8b_4351,11593.82509260249
00e12e8b_4352,11593.82509260249
00e12e8b_4353,11593.607118547276
00e12e8b_4354,11593.607118547276
00e12e8b_4355,11593.987390259286
00e12e8b_4356,11593.98984466463
00e12e8b_4357,11593.886897405808
00e12e8b_4358,11593.886897405808
00e12e8b_4359,11593.871598970294
00e12e8b_4360,11593.871598970294
00e12e8b_4361,11593.869945830045
00e12e8b_4362,11593.869945830045
00e12e8b_4363,11593.869945830045
00e12e8b_4364,11593.942116933928
00e12e8b_4365,11593.942116933928
00e12e8b_4366,11593.942116933928
00e12e8b_4367,11593.942116933928
00e12e8b_4368,11593.942116933928
00e12e8b_4369,11593.942116933928
00e12e8b_4370,11593.988856571974
00e12e8b_4371,11594.09287296579
00e12e8b_4372,11594.162156153656
00e12e8b_4373,11594.162156153656
00e12e8b_4374,11594.162156153656
00e12e8b_4375,11594.162156153656
00e12e8b_4376,11594.163809293905
00e12e8b_4377,11594.145498250718
00e12e8b_4378,11594.145498250718
00e12e8b_4379,11594.195323193497
00e12e8b_4380,11594.195323193497
00e12e8b_4381,11594.195323193497
00e12e8b_4382,11594.20584750675
00e12e8b_4383,11594.066932446605
00e12e8b_4384,11594.070835503922
00e12e8b_4385,11594.025919832868
00e12e8b_4386,11594.025919832868
00e12e8b_4387,11594.025919832868
00e12e8b_4388,11594.025919832868
00e12e8b_4389,11594.025919832868
00e12e8b_4390,11594.025919832868
00e12e8b_4391,11594.148998411389
00e12e8b_4392,11594.056394599113
00e12e8b_4393,11594.056394599113
00e12e8b_4394,11594.291739744995
00e12e8b_4395,11594.291739744995
00e12e8b_4396,11594.285272940862
00e12e8b_4397,11594.285272940862
00e12e8b_4398,11594.285272940862
00e12e8b_4399,11594.285272940862
00e12e8b_4400,11594.285272940862
00e12e8b_4401,11594.295797254115
00e12e8b_4402,11594.235447998084
00e12e8b_4403,11594.412461782027
00e12e8b_4404,11594.576321371156
00e12e8b_4405,11594.49861052154
00e12e8b_4406,11594.515972115125
00e12e8b_4407,11594.515972115125
00e12e8b_4408,11594.515972115125
00e12e8b_4409,11594.49861052154
00e12e8b_4410,11594.49861052154
00e12e8b_4411,11596.863125584006
00e12e8b_4412,11596.863125584006
00e12e8b_4413,11596.855696787537
00e12e8b_4414,11596.986783374496
00e12e8b_4415,11596.986783374496
00e12e8b_4416,11596.863125584006
00e12e8b_4417,11596.863125584006
00e12e8b_4418,11596.855696787537
00e12e8b_4419,11596.855696787537
00e12e8b_4420,11596.908449438584
00e12e8b_4421,11597.01881593809
00e12e8b_4422,11597.01881593809
00e12e8b_4423,11597.025282742223
00e12e8b_4424,11597.025282742223
00e12e8b_4425,11597.025282742223
00e12e8b_4426,11597.025282742223
00e12e8b_4427,11597.025282742223
00e12e8b_4428,11597.025282742223
00e12e8b_4429,11597.070198413277
00e12e8b_4430,11597.070198413277
00e12e8b_4431,11597.226475067007
00e12e8b_4432,11597.226475067007
00e12e8b_4433,11597.226475067007
00e12e8b_4434,11597.226475067007
00e12e8b_4435,11597.226475067007
00e12e8b_4436,11597.226475067007
00e12e8b_4437,11597.244786110194
00e12e8b_4438,11597.35373405919
00e12e8b_4439,11597.35373405919
00e12e8b_4440,11597.35373405919
00e12e8b_4441,11597.445155696307
00e12e8b_4442,11597.62757180952
00e12e8b_4443,11597.695144132183
00e12e8b_4444,11597.663703664934
00e12e8b_4445,11597.648363493201
00e12e8b_4446,11597.648363493201
00e12e8b_4447,11597.648363493201
00e12e8b_4448,11597.708712749232
00e12e8b_4449,11597.648363493201
00e12e8b_4450,11597.648363493201
00e12e8b_4451,11597.648363493201
00e12e8b_4452,11597.708712749232
00e12e8b_4453,11597.708712749232
00e12e8b_4454,11597.708712749232
00e12e8b_4455,11597.69818843598
00e12e8b_4456,11597.69818843598
00e12e8b_4457,11597.69818843598
00e12e8b_4458,11597.69818843598
00e12e8b_4459,11597.69818843598
00e12e8b_4460,11597.87324722554
00e12e8b_4461,11598.516839335527
00e12e8b_4462,11598.516839335527
00e12e8b_4463,11598.516839335527
00e12e8b_4464,11598.516839335527
00e12e8b_4465,11598.516839335527
00e12e8b_4466,11598.532179675052
00e12e8b_4467,11598.542703988305
00e12e8b_4468,11598.532179675052
00e12e8b_4469,11598.33587608779
00e12e8b_4470,11598.256018429676
00e12e8b_4471,11598.226832520115
00e12e8b_4472,11598.256018429676
00e12e8b_4473,11598.274666855128
00e12e8b_4474,11598.274666855128
00e12e8b_4475,11598.245480945567
00e12e8b_4476,11598.245480945567
00e12e8b_4477,11598.515980376045
00e12e8b_4478,11598.486794466484
00e12e8b_4479,11598.515980376045
00e12e8b_4480,11598.515980376045
00e12e8b_4481,11598.515980376045
00e12e8b_4482,11598.513525970702
00e12e8b_4483,11598.5810625662
00e12e8b_4484,11598.551876656638
00e12e8b_4485,11598.5810625662
00e12e8b_4486,11598.551876656638
00e12e8b_4487,11598.5810625662
00e12e8b_4488,11598.5810625662
00e12e8b_4489,11598.5810625662
00e12e8b_4490,11598.5810625662
00e12e8b_4491,11598.5810625662
00e12e8b_4492,11598.591586879453
00e12e8b_4493,11598.5810625662
00e12e8b_4494,11598.5810625662
00e12e8b_4495,11598.5810625662
00e12e8b_4496,11598.5810625662
00e12e8b_4497,11598.5810625662
00e12e8b_4498,11598.5810625662
00e12e8b_4499,11598.5810625662
00e12e8b_4500,11598.5810625662
00e12e8b_4501,11598.5810625662
00e12e8b_4502,11598.591586879453
00e12e8b_4503,11598.551876656638
00e12e8b_4504,11598.5810625662
00e12e8b_4505,11598.5810625662
00e12e8b_4506,11598.5810625662
00e12e8b_4507,11598.5810625662
00e12e8b_4508,11598.5810625662
00e12e8b_4509,11598.5810625662
00e12e8b_4510,11598.576799255256
00e12e8b_4511,11598.547613345694
00e12e8b_4512,11598.629081346806
00e12e8b_4513,11598.599895437244
00e12e8b_4514,11598.629081346806
00e12e8b_4515,11598.629081346806
00e12e8b_4516,11598.629081346806
00e12e8b_4517,11598.631535752149
00e12e8b_4518,11598.631535752149
00e12e8b_4519,11598.957575302813
00e12e8b_4520,11598.82544213443
00e12e8b_4521,11598.873025406581
00e12e8b_4522,11598.873025406581
00e12e8b_4523,11598.873025406581
00e12e8b_4524,11598.873025406581
00e12e8b_4525,11598.873025406581
00e12e8b_4526,11598.873025406581
00e12e8b_4527,11598.873025406581
00e12e8b_4528,11598.873025406581
00e12e8b_4529,11598.873025406581
00e12e8b_4530,11599.031004487953
00e12e8b_4531,11599.031004487953
00e12e8b_4532,11599.041528801206
00e12e8b_4533,11599.041528801206
00e12e8b_4534,11599.031004487953
00e12e8b_4535,11599.031004487953
00e12e8b_4536,11599.031004487953
00e12e8b_4537,11599.031004487953
00e12e8b_4538,11599.041528801206
00e12e8b_4539,11599.244912418835
00e12e8b_4540,11599.244912418835
00e12e8b_4541,11599.244912418835
00e12e8b_4542,11599.244912418835
00e12e8b_4543,11599.215726509274
00e12e8b_4544,11599.244912418835
00e12e8b_4545,11599.215726509274
00e12e8b_4546,11599.244912418835
00e12e8b_4547,11599.244912418835
00e12e8b_4548,11599.26070431641
00e12e8b_4549,11599.26070431641
00e12e8b_4550,11599.26070431641
00e12e8b_4551,11599.26070431641
00e12e8b_4552,11599.231518406848
00e12e8b_4553,11599.26070431641
00e12e8b_4554,11599.26070431641
00e12e8b_4555,11599.26070431641
00e12e8b_4556,11599.09358663871
00e12e8b_4557,11599.064400729148
00e12e8b_4558,11598.951526589753
00e12e8b_4559,11598.951526589753
00e12e8b_4560,11598.980712499315
00e12e8b_4561,11598.951526589753
00e12e8b_4562,11599.147830177015
00e12e8b_4563,11599.118644267453
00e12e8b_4564,11599.147830177015
00e12e8b_4565,11599.158354490268
00e12e8b_4566,11599.158354490268
00e12e8b_4567,11599.158354490268
00e12e8b_4568,11599.147830177015
00e12e8b_4569,11599.158354490268
00e12e8b_4570,11599.147830177015
00e12e8b_4571,11599.121983064566
00e12e8b_4572,11599.129181751563
00e12e8b_4573,11599.138804709732
00e12e8b_4574,11599.167990619293
00e12e8b_4575,11599.199993717997
00e12e8b_4576,11599.170807808436
00e12e8b_4577,11599.265918545254
00e12e8b_4578,11599.23391544655
00e12e8b_4579,11599.23391544655
00e12e8b_4580,11599.23391544655
00e12e8b_4581,11599.23391544655
00e12e8b_4582,11599.23391544655
00e12e8b_4583,11599.204729536988
00e12e8b_4584,11599.23391544655
00e12e8b_4585,11599.318772928245
00e12e8b_4586,11599.318772928245
00e12e8b_4587,11599.34463741323
00e12e8b_4588,11599.34463741323
00e12e8b_4589,11599.37607788048
00e12e8b_4590,11599.457096736209
00e12e8b_4591,11599.457096736209
00e12e8b_4592,11599.536904237328
00e12e8b_4593,11599.536904237328
00e12e8b_4594,11599.536904237328
00e12e8b_4595,11599.536904237328
00e12e8b_4596,11599.536904237328
00e12e8b_4597,11599.536904237328
00e12e8b_4598,11599.536904237328
00e12e8b_4599,11599.536904237328
00e12e8b_4600,11599.536904237328
00e12e8b_4601,11599.536904237328
00e12e8b_4602,11599.526379924075
00e12e8b_4603,11599.526379924075
00e12e8b_4604,11599.536904237328
00e12e8b_4605,11599.526379924075
00e12e8b_4606,11599.526379924075
00e12e8b_4607,11599.526379924075
00e12e8b_4608,11599.526379924075
00e12e8b_4609,11599.526379924075
00e12e8b_4610,11599.457096736209
00e12e8b_4611,11599.457096736209
00e12e8b_4612,11599.457096736209
00e12e8b_4613,11599.425656268959
00e12e8b_4614,11599.410316097226
00e12e8b_4615,11599.381130187665
00e12e8b_4616,11599.42084041048
00e12e8b_4617,11599.410316097226
00e12e8b_4618,11599.42084041048
00e12e8b_4619,11599.42084041048
00e12e8b_4620,11599.498321388606
00e12e8b_4621,11599.487797075353
00e12e8b_4622,11599.487797075353
00e12e8b_4623,11599.480598388356
00e12e8b_4624,11599.506445500805
00e12e8b_4625,11599.506445500805
00e12e8b_4626,11599.506445500805
00e12e8b_4627,11599.506445500805
00e12e8b_4628,11599.477259591244
00e12e8b_4629,11599.480598388356
00e12e8b_4630,11599.487797075353
00e12e8b_4631,11599.458611165792
00e12e8b_4632,11599.487797075353
00e12e8b_4633,11599.487797075353
00e12e8b_4634,11599.562453045766
00e12e8b_4635,11599.644070874376
00e12e8b_4636,11599.673256783937
00e12e8b_4637,11599.687855123382
00e12e8b_4638,11599.717041032944
00e12e8b_4639,11599.549923355244
00e12e8b_4640,11599.549923355244
00e12e8b_4641,11599.549923355244
00e12e8b_4642,11599.549923355244
00e12e8b_4643,11599.549923355244
00e12e8b_4644,11599.549923355244
00e12e8b_4645,11599.549923355244
00e12e8b_4646,11599.534583015718
00e12e8b_4647,11599.505397106157
00e12e8b_4648,11599.803213495601
00e12e8b_4649,11599.906160754423
00e12e8b_4650,11599.904507614174
00e12e8b_4651,11599.876255362897
00e12e8b_4652,11599.881414175614
00e12e8b_4653,11599.881414175614
00e12e8b_4654,11599.881414175614
00e12e8b_4655,11599.904993898886
00e12e8b_4656,11599.904993898886
00e12e8b_4657,11600.23856504687
00e12e8b_4658,11600.23856504687
00e12e8b_4659,11600.23856504687
00e12e8b_4660,11600.064979352353
00e12e8b_4661,11600.064979352353
00e12e8b_4662,11600.064979352353
00e12e8b_4663,11600.064979352353
00e12e8b_4664,11600.064979352353
00e12e8b_4665,11600.125328608385
00e12e8b_4666,11600.064979352353
00e12e8b_4667,11600.064979352353
00e12e8b_4668,11600.064979352353
00e12e8b_4669,11600.064979352353
00e12e8b_4670,11600.064979352353
00e12e8b_4671,11600.064979352353
00e12e8b_4672,11600.064979352353
00e12e8b_4673,11600.209737053532
00e12e8b_4674,11600.353733880629
00e12e8b_4675,11600.245121165484
00e12e8b_4676,11600.188260205945
00e12e8b_4677,11600.345236422621
00e12e8b_4678,11600.345236422621
00e12e8b_4679,11600.345236422621
00e12e8b_4680,11600.345236422621
00e12e8b_4681,11600.345236422621
00e12e8b_4682,11600.321656699349
00e12e8b_4683,11600.321656699349
00e12e8b_4684,11600.321656699349
00e12e8b_4685,11600.395159325177
00e12e8b_4686,11600.2063967826
00e12e8b_4687,11600.217733653704
00e12e8b_4688,11600.144231027876
00e12e8b_4689,11600.367264351757
00e12e8b_4690,11600.374693148226
00e12e8b_4691,11600.48330586337
00e12e8b_4692,11600.48495900362
00e12e8b_4693,11600.977568437993
00e12e8b_4694,11600.977568437993
00e12e8b_4695,11600.874621179171
00e12e8b_4696,11600.874621179171
00e12e8b_4697,11600.874621179171
00e12e8b_4698,11600.874621179171
00e12e8b_4699,11600.867192382702
00e12e8b_4700,11601.041738856871
00e12e8b_4701,11601.034310060402
00e12e8b_4702,11601.034310060402
00e12e8b_4703,11601.041738856871
00e12e8b_4704,11601.041738856871
00e12e8b_4705,11601.219164528344
00e12e8b_4706,11601.211735731875
00e12e8b_4707,11601.219164528344
00e12e8b_4708,11601.219164528344
00e12e8b_4709,11601.219164528344
00e12e8b_4710,11601.219164528344
00e12e8b_4711,11601.08193472109
00e12e8b_4712,11601.08193472109
00e12e8b_4713,11601.05349081161
00e12e8b_4714,11600.928380359057
00e12e8b_4715,11600.928380359057
00e12e8b_4716,11600.928380359057
00e12e8b_4717,11600.928380359057
00e12e8b_4718,11600.951073659186
00e12e8b_4719,11600.953225105237
00e12e8b_4720,11600.951073659186
00e12e8b_4721,11600.951073659186
00e12e8b_4722,11600.953225105237
00e12e8b_4723,11600.953225105237
00e12e8b_4724,11600.953225105237
00e12e8b_4725,11600.928380359057
00e12e8b_4726,11600.928380359057
00e12e8b_4727,11600.928380359057
00e12e8b_4728,11600.928380359057
00e12e8b_4729,11600.905543394188
00e12e8b_4730,11600.905543394188
00e12e8b_4731,11600.930388140368
00e12e8b_4732,11600.905543394188
00e12e8b_4733,11600.928236694317
00e12e8b_4734,11600.925925243118
00e12e8b_4735,11601.045935719172
00e12e8b_4736,11601.249148684366
00e12e8b_4737,11601.249148684366
00e12e8b_4738,11601.246694279023
00e12e8b_4739,11601.41293252813
00e12e8b_4740,11601.41293252813
00e12e8b_4741,11601.449287980668
00e12e8b_4742,11601.449287980668
00e12e8b_4743,11601.47124040235
00e12e8b_4744,11601.427888783799
00e12e8b_4745,11601.427888783799
00e12e8b_4746,11601.427888783799
00e12e8b_4747,11601.449287980668
00e12e8b_4748,11601.456716777137
00e12e8b_4749,11601.456716777137
00e12e8b_4750,11601.456716777137
00e12e8b_4751,11601.456716777137
00e12e8b_4752,11601.456716777137
00e12e8b_4753,11601.456716777137
00e12e8b_4754,11601.456716777137
00e12e8b_4755,11601.456716777137
00e12e8b_4756,11601.456716777137
00e12e8b_4757,11601.456716777137
00e12e8b_4758,11601.456716777137
00e12e8b_4759,11601.446012215487
00e12e8b_4760,11601.446012215487
00e12e8b_4761,11601.446012215487
00e12e8b_4762,11601.446012215487
00e12e8b_4763,11601.446012215487
00e12e8b_4764,11601.535392903324
00e12e8b_4765,11601.535392903324
00e12e8b_4766,11601.535392903324
00e12e8b_4767,11601.535392903324
00e12e8b_4768,11601.535392903324
00e12e8b_4769,11601.491608654318
00e12e8b_4770,11601.391342947945
00e12e8b_4771,11601.366498201765
00e12e8b_4772,11601.366498201765
00e12e8b_4773,11601.366498201765
00e12e8b_4774,11601.366498201765
00e12e8b_4775,11601.366498201765
00e12e8b_4776,11601.366498201765
00e12e8b_4777,11601.366498201765
00e12e8b_4778,11601.516387514259
00e12e8b_4779,11601.516387514259
00e12e8b_4780,11601.516387514259
00e12e8b_4781,11601.516387514259
00e12e8b_4782,11601.516387514259
00e12e8b_4783,11601.516387514259
00e12e8b_4784,11601.516387514259
00e12e8b_4785,11601.516387514259
00e12e8b_4786,11601.516387514259
00e12e8b_4787,11601.518841919602
00e12e8b_4788,11601.41589466078
00e12e8b_4789,11601.41589466078
00e12e8b_4790,11601.41589466078
00e12e8b_4791,11601.58301233848
00e12e8b_4792,11601.670148206038
00e12e8b_4793,11601.58301233848
00e12e8b_4794,11601.58301233848
00e12e8b_4795,11601.58301233848
00e12e8b_4796,11601.58301233848
00e12e8b_4797,11601.511896290649
00e12e8b_4798,11601.519094977646
00e12e8b_4799,11601.519094977646
00e12e8b_4800,11601.519094977646
00e12e8b_4801,11601.519094977646
00e12e8b_4802,11601.519094977646
00e12e8b_4803,11601.519094977646
00e12e8b_4804,11601.519094977646
00e12e8b_4805,11601.644205430199
00e12e8b_4806,11601.574307187035
00e12e8b_4807,11601.574307187035
00e12e8b_4808,11601.605747654285
00e12e8b_4809,11601.59040731476
00e12e8b_4810,11601.659690502625
00e12e8b_4811,11601.659690502625
00e12e8b_4812,11601.659690502625
00e12e8b_4813,11601.659690502625
00e12e8b_4814,11601.659690502625
00e12e8b_4815,11601.659690502625
00e12e8b_4816,11601.659690502625
00e12e8b_4817,11601.672239919482
00e12e8b_4818,11601.672239919482
00e12e8b_4819,11601.672239919482
00e12e8b_4820,11601.672239919482
00e12e8b_4821,11601.672239919482
00e12e8b_4822,11601.672239919482
00e12e8b_4823,11601.672239919482
00e12e8b_4824,11601.78116789945
00e12e8b_4825,11601.78116789945
00e12e8b_4826,11601.711884711583
00e12e8b_4827,11601.711884711583
00e12e8b_4828,11601.711884711583
00e12e8b_4829,11601.738752118554
00e12e8b_4830,11601.636276079264
00e12e8b_4831,11601.723411946821
00e12e8b_4832,11601.636276079264
00e12e8b_4833,11601.908246728935
00e12e8b_4834,11601.908246728935
00e12e8b_4835,11601.913758003551
00e12e8b_4836,11601.826622135994
00e12e8b_4837,11601.826622135994
00e12e8b_4838,11601.826622135994
00e12e8b_4839,11601.897968293297
00e12e8b_4840,11601.919367490165
00e12e8b_4841,11601.919367490165
00e12e8b_4842,11601.919367490165
00e12e8b_4843,11601.752249812465
00e12e8b_4844,11601.744821015996
00e12e8b_4845,11601.855197071287
00e12e8b_4846,11601.852742665944
00e12e8b_4847,11601.852742665944
00e12e8b_4848,11601.690657333997
00e12e8b_4849,11601.683228537528
00e12e8b_4850,11601.683228537528
00e12e8b_4851,11601.748965208217
00e12e8b_4852,11601.66182934066
00e12e8b_4853,11601.669258137128
00e12e8b_4854,11601.831343469075
00e12e8b_4855,11601.661721691764
00e12e8b_4856,11601.810467182571
00e12e8b_4857,11601.810467182571
00e12e8b_4858,11601.751987458258
00e12e8b_4859,11601.750832816093
00e12e8b_4860,11601.763509977205
00e12e8b_4861,11601.763509977205
00e12e8b_4862,11601.676374109647
00e12e8b_4863,11601.676374109647
00e12e8b_4864,11601.683802906116
00e12e8b_4865,11601.619811907187
00e12e8b_4866,11601.699518978276
00e12e8b_4867,11601.840258999451
00e12e8b_4868,11601.679068700532
00e12e8b_4869,11601.686497497001
00e12e8b_4870,11601.686497497001
00e12e8b_4871,11601.686497497001
00e12e8b_4872,11601.686497497001
00e12e8b_4873,11601.724188560502
00e12e8b_4874,11601.724188560502
00e12e8b_4875,11601.724188560502
00e12e8b_4876,11601.868110732898
00e12e8b_4877,11601.868110732898
00e12e8b_4878,11601.868110732898
00e12e8b_4879,11601.868110732898
00e12e8b_4880,11601.868110732898
00e12e8b_4881,11601.868110732898
00e12e8b_4882,11601.868110732898
00e12e8b_4883,11601.868110732898
00e12e8b_4884,11601.868110732898
00e12e8b_4885,11601.883451072423
00e12e8b_4886,11601.883451072423
00e12e8b_4887,11601.883451072423
00e12e8b_4888,11601.883451072423
00e12e8b_4889,11601.883451072423
00e12e8b_4890,11601.883451072423
00e12e8b_4891,11601.883451072423
00e12e8b_4892,11601.887303249558
00e12e8b_4893,11601.762192797005
00e12e8b_4894,11601.762192797005
00e12e8b_4895,11601.762192797005
00e12e8b_4896,11601.762192797005
00e12e8b_4897,11601.694940823185
00e12e8b_4898,11601.694940823185
00e12e8b_4899,11601.694940823185
00e12e8b_4900,11601.694940823185
00e12e8b_4901,11601.694940823185
00e12e8b_4902,11601.694940823185
00e12e8b_4903,11601.694940823185
00e12e8b_4904,11601.820051275738
00e12e8b_4905,11601.863835524744
00e12e8b_4906,11601.863835524744
00e12e8b_4907,11601.792678639318
00e12e8b_4908,11601.792678639318
00e12e8b_4909,11601.792678639318
00e12e8b_4910,11601.792678639318
00e12e8b_4911,11601.792678639318
00e12e8b_4912,11602.258854787297
00e12e8b_4913,11602.258854787297
00e12e8b_4914,11602.668336654995
00e12e8b_4915,11602.668336654995
00e12e8b_4916,11602.668336654995
00e12e8b_4917,11602.668336654995
00e12e8b_4918,11602.668336654995
00e12e8b_4919,11602.668336654995
00e12e8b_4920,11602.668336654995
00e12e8b_4921,11602.668336654995
00e12e8b_4922,11602.668336654995
00e12e8b_4923,11602.668336654995
00e12e8b_4924,11602.670791060338
00e12e8b_4925,11602.670791060338
00e12e8b_4926,11602.560415005048
00e12e8b_4927,11602.53901580818
00e12e8b_4928,11602.6015819615
00e12e8b_4929,11602.68128903259
00e12e8b_4930,11602.594153165031
00e12e8b_4931,11602.594153165031
00e12e8b_4932,11602.744756683858
00e12e8b_4933,11602.761270842731
00e12e8b_4934,11602.790098836069
00e12e8b_4935,11602.506288172464
00e12e8b_4936,11602.498859375995
00e12e8b_4937,11602.391715820062
00e12e8b_4938,11602.391715820062
00e12e8b_4939,11602.386511224298
00e12e8b_4940,11602.48945848312
00e12e8b_4941,11602.48945848312
00e12e8b_4942,11602.487004077777
00e12e8b_4943,11602.44321982877
00e12e8b_4944,11602.487004077777
00e12e8b_4945,11602.487004077777
00e12e8b_4946,11602.487004077777
00e12e8b_4947,11602.487004077777
00e12e8b_4948,11602.487004077777
00e12e8b_4949,11602.487004077777
00e12e8b_4950,11602.471663738252
00e12e8b_4951,11602.30947075741
00e12e8b_4952,11602.30947075741
00e12e8b_4953,11602.30947075741
00e12e8b_4954,11602.373461756339
00e12e8b_4955,11602.444618641764
00e12e8b_4956,11602.444618641764
00e12e8b_4957,11602.448360340624
00e12e8b_4958,11602.448360340624
00e12e8b_4959,11602.448360340624
00e12e8b_4960,11602.435520967922
00e12e8b_4961,11602.435520967922
00e12e8b_4962,11602.371529968992
00e12e8b_4963,11602.371529968992
00e12e8b_4964,11602.371529968992
00e12e8b_4965,11602.371529968992
00e12e8b_4966,11602.371529968992
00e12e8b_4967,11602.371529968992
00e12e8b_4968,11602.371529968992
00e12e8b_4969,11602.34583187459
00e12e8b_4970,11602.496435393417
00e12e8b_4971,11602.496435393417
00e12e8b_4972,11602.432967742148
00e12e8b_4973,11602.340195467805
00e12e8b_4974,11602.440310724942
00e12e8b_4975,11602.340195467805
00e12e8b_4976,11602.289707206115
00e12e8b_4977,11602.440310724942
00e12e8b_4978,11602.311346541679
00e12e8b_4979,11602.24787889041
00e12e8b_4980,11602.431462209084
00e12e8b_4981,11602.367994557815
00e12e8b_4982,11602.216867691328
00e12e8b_4983,11602.23513698926
00e12e8b_4984,11602.24256578573
00e12e8b_4985,11602.24256578573
00e12e8b_4986,11602.24256578573
00e12e8b_4987,11602.306991283078
00e12e8b_4988,11602.306991283078
00e12e8b_4989,11602.306991283078
00e12e8b_4990,11602.306991283078
00e12e8b_4991,11602.306991283078
00e12e8b_4992,11602.306991283078
00e12e8b_4993,11602.306991283078
00e12e8b_4994,11602.235834397652
00e12e8b_4995,11602.235834397652
00e12e8b_4996,11602.228405601183
00e12e8b_4997,11602.31554146874
00e12e8b_4998,11602.228405601183
00e12e8b_4999,11602.241940566717
00e12e8b_5000,11602.241940566717
00e12e8b_5001,11602.241940566717
00e12e8b_5002,11602.241940566717
00e12e8b_5003,11602.241940566717
00e12e8b_5004,11602.241940566717
00e12e8b_5005,11602.241940566717
00e12e8b_5006,11602.24439497206
00e12e8b_5007,11602.141447713238
00e12e8b_5008,11602.141447713238
00e12e8b_5009,11602.308565390938
00e12e8b_5010,11602.308565390938
00e12e8b_5011,11601.960545733402
00e12e8b_5012,11601.960545733402
00e12e8b_5013,11601.960545733402
00e12e8b_5014,11601.946149307547
00e12e8b_5015,11601.882231946713
00e12e8b_5016,11601.975426965393
00e12e8b_5017,11601.975426965393
00e12e8b_5018,11601.975426965393
00e12e8b_5019,11601.975426965393
00e12e8b_5020,11602.012541515509
00e12e8b_5021,11602.012541515509
00e12e8b_5022,11602.012541515509
00e12e8b_5023,11601.99114231864
00e12e8b_5024,11601.983713522171
00e12e8b_5025,11602.048078032414
00e12e8b_5026,11602.037678396662
00e12e8b_5027,11602.037678396662
00e12e8b_5028,11602.037678396662
00e12e8b_5029,11602.037678396662
00e12e8b_5030,11602.037678396662
00e12e8b_5031,11602.037678396662
00e12e8b_5032,11601.974210745393
00e12e8b_5033,11602.193918322275
00e12e8b_5034,11602.130450671006
00e12e8b_5035,11602.050743599917
00e12e8b_5036,11602.070489656537
00e12e8b_5037,11602.063060860068
00e12e8b_5038,11602.070489656537
00e12e8b_5039,11602.070489656537
00e12e8b_5040,11602.070489656537
00e12e8b_5041,11602.070489656537
00e12e8b_5042,11602.070489656537
00e12e8b_5043,11602.070489656537
00e12e8b_5044,11602.070489656537
00e12e8b_5045,11602.070489656537
00e12e8b_5046,11602.135756116835
00e12e8b_5047,11601.946549673183
00e12e8b_5048,11601.946549673183
00e12e8b_5049,11601.946549673183
00e12e8b_5050,11601.946549673183
00e12e8b_5051,11601.946549673183
00e12e8b_5052,11602.006898929214
00e12e8b_5053,11602.006898929214
00e12e8b_5054,11601.946549673183
00e12e8b_5055,11601.946549673183
00e12e8b_5056,11602.008552069463
00e12e8b_5057,11602.008552069463
00e12e8b_5058,11602.008552069463
00e12e8b_5059,11601.971437519347
00e12e8b_5060,11601.960913206094
00e12e8b_5061,11601.960913206094
00e12e8b_5062,11601.971437519347
00e12e8b_5063,11601.959893208637
00e12e8b_5064,11602.020242464669
00e12e8b_5065,11602.020242464669
00e12e8b_5066,11602.020242464669
00e12e8b_5067,11602.020242464669
00e12e8b_5068,11601.976458215662
00e12e8b_5069,11601.93820313261
00e12e8b_5070,11601.771851777079
00e12e8b_5071,11601.771851777079
00e12e8b_5072,11601.771851777079
00e12e8b_5073,11601.771851777079
00e12e8b_5074,11601.782376090332
00e12e8b_5075,11601.771851777079
00e12e8b_5076,11601.771851777079
00e12e8b_5077,11601.771851777079
00e12e8b_5078,11601.771851777079
00e12e8b_5079,11601.771851777079
00e12e8b_5080,11601.771851777079
00e12e8b_5081,11601.771851777079
00e12e8b_5082,11601.298547119392
00e12e8b_5083,11601.26936120983
00e12e8b_5084,11601.298547119392
00e12e8b_5085,11601.298547119392
00e12e8b_5086,11601.298547119392
00e12e8b_5087,11601.298547119392
00e12e8b_5088,11601.26936120983
00e12e8b_5089,11601.298547119392
00e12e8b_5090,11601.313887291124
00e12e8b_5091,11601.313887291124
00e12e8b_5092,11601.316141848813
00e12e8b_5093,11601.345327758374
00e12e8b_5094,11601.345327758374
00e12e8b_5095,11601.345327758374
00e12e8b_5096,11601.345327758374
00e12e8b_5097,11601.355852071627
00e12e8b_5098,11601.355852071627
00e12e8b_5099,11601.355852071627
00e12e8b_5100,11601.355852071627
00e12e8b_5101,11601.377129291128
00e12e8b_5102,11601.377129291128
00e12e8b_5103,11601.377129291128
00e12e8b_5104,11601.473601911803
00e12e8b_5105,11601.473601911803
00e12e8b_5106,11601.473601911803
00e12e8b_5107,11601.473601911803
00e12e8b_5108,11601.433891688988
00e12e8b_5109,11601.46307759855
00e12e8b_5110,11601.473601911803
00e12e8b_5111,11601.46307759855
00e12e8b_5112,11601.433891688988
00e12e8b_5113,11601.46307759855
00e12e8b_5114,11601.433891688988
00e12e8b_5115,11601.46307759855
00e12e8b_5116,11601.46307759855
00e12e8b_5117,11600.814691429287
00e12e8b_5118,11600.990479934666
00e12e8b_5119,11600.990479934666
00e12e8b_5120,11600.961294025105
00e12e8b_5121,11600.990479934666
00e12e8b_5122,11600.990479934666
00e12e8b_5123,11600.961294025105
00e12e8b_5124,11600.990479934666
00e12e8b_5125,11600.961294025105
00e12e8b_5126,11600.961294025105
00e12e8b_5127,11600.990479934666
00e12e8b_5128,11600.954095338107
00e12e8b_5129,11600.948501983306
00e12e8b_5130,11600.977687892868
00e12e8b_5131,11600.962347721135
00e12e8b_5132,11600.962347721135
00e12e8b_5133,11600.775299236757
00e12e8b_5134,11600.746113327195
00e12e8b_5135,11600.746113327195
00e12e8b_5136,11600.775299236757
00e12e8b_5137,11600.775299236757
00e12e8b_5138,11600.746113327195
00e12e8b_5139,11600.783450433057
00e12e8b_5140,11600.783450433057
00e12e8b_5141,11600.79397474631
00e12e8b_5142,11600.783450433057
00e12e8b_5143,11600.783450433057
00e12e8b_5144,11600.783450433057
00e12e8b_5145,11600.857892107144
00e12e8b_5146,11600.292265696367
00e12e8b_5147,11600.281741383114
00e12e8b_5148,11600.292265696367
00e12e8b_5149,11600.292265696367
00e12e8b_5150,11600.292265696367
00e12e8b_5151,11600.281741383114
00e12e8b_5152,11600.281741383114
00e12e8b_5153,11600.281741383114
00e12e8b_5154,11600.281741383114
00e12e8b_5155,11600.281741383114
00e12e8b_5156,11600.281741383114
00e12e8b_5157,11600.281741383114
00e12e8b_5158,11600.281741383114
00e12e8b_5159,11600.281741383114
00e12e8b_5160,11600.281741383114
00e12e8b_5161,11600.252555473553
00e12e8b_5162,11600.188638112719
00e12e8b_5163,11600.21782402228
00e12e8b_5164,11600.21782402228
00e12e8b_5165,11600.21782402228
00e12e8b_5166,11600.188638112719
00e12e8b_5167,11600.21782402228
00e12e8b_5168,11600.21782402228
00e12e8b_5169,11600.21782402228
00e12e8b_5170,11600.21782402228
00e12e8b_5171,11600.188638112719
00e12e8b_5172,11600.21782402228
00e12e8b_5173,11600.21782402228
00e12e8b_5174,11600.21782402228
00e12e8b_5175,11600.114318457297
00e12e8b_5176,11599.894765431725
00e12e8b_5177,11599.894765431725
00e12e8b_5178,11599.894765431725
00e12e8b_5179,11599.894765431725
00e12e8b_5180,11599.894765431725
00e12e8b_5181,11599.910105603458
00e12e8b_5182,11599.946677992397
00e12e8b_5183,11599.910105603458
00e12e8b_5184,11599.978118459647
00e12e8b_5185,11599.95207038396
00e12e8b_5186,11599.95207038396
00e12e8b_5187,11599.978118459647
00e12e8b_5188,11599.941546070708
00e12e8b_5189,11599.978118459647
00e12e8b_5190,11599.941546070708
00e12e8b_5191,11599.941546070708
00e12e8b_5192,11599.941546070708
00e12e8b_5193,11599.978118459647
00e12e8b_5194,11599.959470034195
00e12e8b_5195,11600.089249000786
00e12e8b_5196,11600.133033249793
00e12e8b_5197,11600.133033249793
00e12e8b_5198,11600.154265299207
00e12e8b_5199,11600.252091119708
00e12e8b_5200,11600.252091119708
00e12e8b_5201,11600.215518730769
00e12e8b_5202,11600.215518730769
00e12e8b_5203,11600.215518730769
00e12e8b_5204,11599.908070527437
00e12e8b_5205,11599.908070527437
00e12e8b_5206,11599.908070527437
00e12e8b_5207,11599.908070527437
00e12e8b_5208,11599.908070527437
00e12e8b_5209,11599.908070527437
00e12e8b_5210,11599.908070527437
00e12e8b_5211,11599.908070527437
00e12e8b_5212,11599.91859484069
00e12e8b_5213,11599.91859484069
00e12e8b_5214,11599.91859484069
00e12e8b_5215,11599.91859484069
00e12e8b_5216,11599.955709390806
00e12e8b_5217,11599.895360134775
00e12e8b_5218,11599.922407587806
00e12e8b_5219,11599.922407587806
00e12e8b_5220,11599.922407587806
00e12e8b_5221,11599.922407587806
00e12e8b_5222,11599.88529303769
00e12e8b_5223,11599.88529303769
00e12e8b_5224,11599.85385257044
00e12e8b_5225,11599.85385257044
00e12e8b_5226,11599.838512398708
00e12e8b_5227,11599.838512398708
00e12e8b_5228,11599.838512398708
00e12e8b_5229,11599.838512398708
00e12e8b_5230,11599.838512398708
00e12e8b_5231,11599.838512398708
00e12e8b_5232,11599.838512398708
00e12e8b_5233,11599.838512398708
00e12e8b_5234,11599.838512398708
00e12e8b_5235,11599.838512398708
00e12e8b_5236,11599.838512398708
00e12e8b_5237,11599.853852738233
00e12e8b_5238,11599.853852738233
00e12e8b_5239,11599.804583516865
00e12e8b_5240,11599.804583516865
00e12e8b_5241,11599.804583516865
00e12e8b_5242,11599.804583516865
00e12e8b_5243,11599.804583516865
00e12e8b_5244,11599.804583516865
00e12e8b_5245,11599.78924317734
00e12e8b_5246,11599.804583516865
00e12e8b_5247,11599.804583516865
00e12e8b_5248,11599.804583516865
00e12e8b_5249,11599.78924317734
00e12e8b_5250,11599.864932772896
00e12e8b_5251,11599.584089271524
00e12e8b_5252,11599.584089271524
00e12e8b_5253,11599.644438527555
00e12e8b_5254,11599.584089271524
00e12e8b_5255,11599.584089271524
00e12e8b_5256,11599.584089271524
00e12e8b_5257,11599.644438527555
00e12e8b_5258,11599.711978178164
00e12e8b_5259,11599.711978178164
00e12e8b_5260,11599.711978178164
00e12e8b_5261,11599.711978178164
00e12e8b_5262,11599.651628922133
00e12e8b_5263,11599.711978178164
00e12e8b_5264,11599.711978178164
00e12e8b_5265,11599.711978178164
00e12e8b_5266,11599.651628922133
00e12e8b_5267,11599.651628922133
00e12e8b_5268,11599.538555717238
00e12e8b_5269,11599.38272867496
00e12e8b_5270,11599.372204361707
00e12e8b_5271,11599.401377100412
00e12e8b_5272,11599.390852787159
00e12e8b_5273,11599.390852787159
00e12e8b_5274,11599.390852787159
00e12e8b_5275,11599.401377100412
00e12e8b_5276,11599.390852787159
00e12e8b_5277,11599.401377100412
00e12e8b_5278,11599.401377100412
00e12e8b_5279,11599.401377100412
00e12e8b_5280,11599.390852787159
00e12e8b_5281,11599.401377100412
00e12e8b_5282,11599.390852787159
00e12e8b_5283,11599.390852787159
00e12e8b_5284,11599.390852787159
00e12e8b_5285,11599.390852787159
00e12e8b_5286,11599.401377100412
00e12e8b_5287,11599.416717272145
00e12e8b_5288,11599.416717272145
00e12e8b_5289,11599.448157739394
00e12e8b_5290,11599.448157739394
00e12e8b_5291,11599.448157739394
00e12e8b_5292,11599.448157739394
00e12e8b_5293,11599.448157739394
00e12e8b_5294,11599.448157739394
00e12e8b_5295,11599.448157739394
00e12e8b_5296,11599.448157739394
00e12e8b_5297,11599.448157739394
00e12e8b_5298,11599.448157739394
00e12e8b_5299,11599.448157739394
00e12e8b_5300,11599.437633426141
00e12e8b_5301,11599.448157739394
00e12e8b_5302,11599.437633426141
00e12e8b_5303,11599.448157739394
00e12e8b_5304,11599.448157739394
00e12e8b_5305,11599.427976399527
00e12e8b_5306,11599.427976399527
00e12e8b_5307,11599.392598086923
00e12e8b_5308,11599.469994966474
00e12e8b_5309,11599.480519279727
00e12e8b_5310,11599.38692395456
00e12e8b_5311,11599.38692395456
00e12e8b_5312,11599.38692395456
00e12e8b_5313,11599.38692395456
00e12e8b_5314,11599.39098146368
00e12e8b_5315,11599.39098146368
00e12e8b_5316,11599.39098146368
00e12e8b_5317,11599.39098146368
00e12e8b_5318,11599.39098146368
00e12e8b_5319,11599.39098146368
00e12e8b_5320,11599.380457150428
00e12e8b_5321,11599.39098146368
00e12e8b_5322,11599.39098146368
00e12e8b_5323,11599.380457150428
00e12e8b_5324,11599.397448267813
00e12e8b_5325,11599.38692395456
00e12e8b_5326,11599.403122400176
00e12e8b_5327,11599.43850071278
00e12e8b_5328,11599.448157739394
00e12e8b_5329,11599.437633426141
00e12e8b_5330,11599.437633426141
00e12e8b_5331,11599.437633426141
00e12e8b_5332,11599.437633426141
00e12e8b_5333,11599.437633426141
00e12e8b_5334,11599.416717272145
00e12e8b_5335,11599.401377100412
00e12e8b_5336,11599.401377100412
00e12e8b_5337,11599.390852787159
00e12e8b_5338,11599.401377100412
00e12e8b_5339,11599.465294461246
00e12e8b_5340,11599.454770147993
00e12e8b_5341,11599.168968291751
00e12e8b_5342,11598.94529539957
00e12e8b_5343,11599.048242658391
00e12e8b_5344,11599.056312566301
00e12e8b_5345,11599.045788253048
00e12e8b_5346,11599.045788253048
00e12e8b_5347,11599.045788253048
00e12e8b_5348,11599.045788253048
00e12e8b_5349,11599.056312566301
00e12e8b_5350,11598.883595272206
00e12e8b_5351,11598.837754081775
00e12e8b_5352,11598.837754081775
00e12e8b_5353,11598.848278395028
00e12e8b_5354,11598.848278395028
00e12e8b_5355,11598.837754081775
00e12e8b_5356,11598.687178002547
00e12e8b_5357,11598.687178002547
00e12e8b_5358,11598.6977023158
00e12e8b_5359,11598.6977023158
00e12e8b_5360,11598.687178002547
00e12e8b_5361,11598.687178002547
00e12e8b_5362,11598.687178002547
00e12e8b_5363,11598.6977023158
00e12e8b_5364,11598.687178002547
00e12e8b_5365,11598.687178002547
00e12e8b_5366,11598.687178002547
00e12e8b_5367,11598.6977023158
00e12e8b_5368,11598.6977023158
00e12e8b_5369,11598.6977023158
00e12e8b_5370,11598.687178002547
00e12e8b_5371,11598.6977023158
00e12e8b_5372,11598.687178002547
00e12e8b_5373,11598.6977023158
00e12e8b_5374,11598.6977023158
00e12e8b_5375,11598.6977023158
00e12e8b_5376,11598.687178002547
00e12e8b_5377,11598.6977023158
00e12e8b_5378,11598.6977023158
00e12e8b_5379,11598.687178002547
00e12e8b_5380,11598.6977023158
00e12e8b_5381,11598.661330890098
00e12e8b_5382,11598.819105656323
00e12e8b_5383,11598.819105656323
00e12e8b_5384,11598.819105656323
00e12e8b_5385,11598.819105656323
00e12e8b_5386,11598.829629969576
00e12e8b_5387,11598.86163306828
00e12e8b_5388,11598.893761626736
00e12e8b_5389,11599.031298202284
00e12e8b_5390,11599.143666240348
00e12e8b_5391,11599.193491183127
00e12e8b_5392,11599.20401549638
00e12e8b_5393,11599.20401549638
00e12e8b_5394,11599.20401549638
00e12e8b_5395,11599.20401549638
00e12e8b_5396,11599.20401549638
00e12e8b_5397,11599.20401549638
00e12e8b_5398,11599.19594558847
00e12e8b_5399,11599.103522642901
00e12e8b_5400,11598.234575364859
00e12e8b_5401,11598.39789900101
00e12e8b_5402,11598.45824825704
00e12e8b_5403,11598.39789900101
00e12e8b_5404,11598.333981640175
00e12e8b_5405,11598.333981640175
00e12e8b_5406,11598.333981640175
00e12e8b_5407,11598.333981640175
00e12e8b_5408,11598.333981640175
00e12e8b_5409,11598.349321811907
00e12e8b_5410,11598.380762279157
00e12e8b_5411,11598.380762279157
00e12e8b_5412,11598.424546528164
00e12e8b_5413,11598.424546528164
00e12e8b_5414,11598.424546528164
00e12e8b_5415,11598.424546528164
00e12e8b_5416,11598.424546528164
00e12e8b_5417,11598.484895784195
00e12e8b_5418,11598.424546528164
00e12e8b_5419,11598.47523875758
00e12e8b_5420,11598.41488950155
00e12e8b_5421,11598.385018769577
00e12e8b_5422,11598.369678430052
00e12e8b_5423,11598.369678430052
00e12e8b_5424,11598.352316836466
00e12e8b_5425,11598.352316836466
00e12e8b_5426,11598.369678430052
00e12e8b_5427,11598.369678430052
00e12e8b_5428,11598.36417084942
00e12e8b_5429,11598.382187568439
00e12e8b_5430,11598.382187568439
00e12e8b_5431,11598.399549162024
00e12e8b_5432,11598.382187568439
00e12e8b_5433,11598.409206188639
00e12e8b_5434,11598.409206188639
00e12e8b_5435,11598.409206188639
00e12e8b_5436,11598.409206188639
00e12e8b_5437,11598.409206188639
00e12e8b_5438,11598.409206188639
00e12e8b_5439,11598.409206188639
00e12e8b_5440,11598.409206188639
00e12e8b_5441,11598.409206188639
00e12e8b_5442,11598.377765721389
00e12e8b_5443,11598.377765889181
00e12e8b_5444,11598.377765889181
00e12e8b_5445,11598.377765889181
00e12e8b_5446,11598.370337092712
00e12e8b_5447,11598.370337092712
00e12e8b_5448,11598.377765889181
00e12e8b_5449,11598.370337092712
00e12e8b_5450,11598.377765889181
00e12e8b_5451,11598.441683250016
00e12e8b_5452,11598.39789900101
00e12e8b_5453,11598.39789900101
00e12e8b_5454,11598.39789900101
00e12e8b_5455,11598.174226108827
00e12e8b_5456,11598.174226108827
00e12e8b_5457,11598.174226108827
00e12e8b_5458,11598.320957616656
00e12e8b_5459,11598.318503211312
00e12e8b_5460,11598.303162871787
00e12e8b_5461,11598.303162871787
00e12e8b_5462,11598.303162871787
00e12e8b_5463,11598.36366420522
00e12e8b_5464,11598.36366420522
00e12e8b_5465,11598.251862988882
00e12e8b_5466,11598.251862988882
00e12e8b_5467,11598.251862988882
00e12e8b_5468,11598.251862988882
00e12e8b_5469,11598.251862988882
00e12e8b_5470,11598.251862988882
00e12e8b_5471,11598.251862988882
00e12e8b_5472,11598.315701297848
00e12e8b_5473,11598.08967000804
00e12e8b_5474,11598.315701297848
00e12e8b_5475,11598.315701297848
00e12e8b_5476,11598.251862988882
00e12e8b_5477,11598.251862988882
00e12e8b_5478,11598.250209848633
00e12e8b_5479,11598.250209848633
00e12e8b_5480,11598.250209848633
00e12e8b_5481,11598.250209848633
00e12e8b_5482,11598.221381855295
00e12e8b_5483,11598.308517722853
00e12e8b_5484,11598.371985374122
00e12e8b_5485,11598.567445933793
00e12e8b_5486,11598.434151128846
00e12e8b_5487,11598.371985374122
00e12e8b_5488,11598.484703617427
00e12e8b_5489,11598.221381855295
00e12e8b_5490,11598.250209848633
00e12e8b_5491,11598.149716995154
00e12e8b_5492,11598.149716995154
00e12e8b_5493,11598.149716995154
00e12e8b_5494,11598.373389887336
00e12e8b_5495,11598.433739143367
00e12e8b_5496,11598.373389887336
00e12e8b_5497,11598.373389887336
00e12e8b_5498,11598.373389887336
00e12e8b_5499,11598.373389887336
00e12e8b_5500,11598.373389887336
00e12e8b_5501,11598.373389887336
00e12e8b_5502,11598.438555001847
00e12e8b_5503,11598.420170526319
00e12e8b_5504,11598.420170526319
00e12e8b_5505,11598.48051978235
00e12e8b_5506,11598.48051978235
00e12e8b_5507,11598.460338442483
00e12e8b_5508,11598.440992023763
00e12e8b_5509,11598.3741759636
00e12e8b_5510,11598.3741759636
00e12e8b_5511,11598.43617835988
00e12e8b_5512,11598.375829103848
00e12e8b_5513,11598.375829103848
00e12e8b_5514,11598.305514752028
00e12e8b_5515,11598.238325494072
00e12e8b_5516,11598.248849807325
00e12e8b_5517,11598.238325494072
00e12e8b_5518,11598.248849807325
00e12e8b_5519,11598.248849807325
00e12e8b_5520,11598.27473506347
00e12e8b_5521,11598.377271593816
00e12e8b_5522,11598.384882759025
00e12e8b_5523,11598.374358445772
00e12e8b_5524,11598.366747280563
00e12e8b_5525,11598.35138633767
00e12e8b_5526,11598.35138633767
00e12e8b_5527,11598.35138633767
00e12e8b_5528,11598.35138633767
00e12e8b_5529,11598.35138633767
00e12e8b_5530,11598.19136056911
00e12e8b_5531,11598.19136056911
00e12e8b_5532,11598.197827373242
00e12e8b_5533,11598.197827373242
00e12e8b_5534,11598.23887981821
00e12e8b_5535,11598.23801253157
00e12e8b_5536,11598.23801253157
00e12e8b_5537,11598.23801253157
00e12e8b_5538,11598.20657206432
00e12e8b_5539,11598.191231892588
00e12e8b_5540,11598.20175620584
00e12e8b_5541,11598.20175620584
00e12e8b_5542,11598.20175620584
00e12e8b_5543,11598.191231892588
00e12e8b_5544,11597.967559000406
00e12e8b_5545,11598.078576167138
00e12e8b_5546,11598.078576167138
00e12e8b_5547,11598.068051853885
00e12e8b_5548,11598.068051853885
00e12e8b_5549,11598.078576167138
00e12e8b_5550,11597.905858873042
00e12e8b_5551,11597.860017682611
00e12e8b_5552,11597.870541995864
00e12e8b_5553,11597.969243544898
00e12e8b_5554,11597.969243544898
00e12e8b_5555,11597.829191778923
00e12e8b_5556,11597.829191778923
00e12e8b_5557,11597.829191778923
00e12e8b_5558,11597.81866746567
00e12e8b_5559,11597.81866746567
00e12e8b_5560,11597.81866746567
00e12e8b_5561,11597.829191778923
00e12e8b_5562,11597.81866746567
00e12e8b_5563,11597.829191778923
00e12e8b_5564,11597.829191778923
00e12e8b_5565,11597.829191778923
00e12e8b_5566,11597.829191778923
00e12e8b_5567,11597.829191778923
00e12e8b_5568,11597.829191778923
00e12e8b_5569,11597.81866746567
00e12e8b_5570,11597.829191778923
00e12e8b_5571,11597.735254749245
00e12e8b_5572,11597.735254749245
00e12e8b_5573,11597.724730435992
00e12e8b_5574,11597.724730435992
00e12e8b_5575,11597.724730435992
00e12e8b_5576,11597.724730435992
00e12e8b_5577,11597.735254749245
00e12e8b_5578,11597.735254749245
00e12e8b_5579,11597.735254749245
00e12e8b_5580,11597.735254749245
00e12e8b_5581,11597.724730435992
00e12e8b_5582,11597.771923091159
00e12e8b_5583,11597.771923091159
00e12e8b_5584,11597.771923091159
00e12e8b_5585,11597.771923091159
00e12e8b_5586,11597.771923091159
00e12e8b_5587,11597.761398777906
00e12e8b_5588,11597.771923091159
00e12e8b_5589,11597.771923091159
00e12e8b_5590,11597.771923091159
00e12e8b_5591,11597.771923091159
00e12e8b_5592,11597.771923091159
00e12e8b_5593,11597.986313779162
00e12e8b_5594,11597.986313779162
00e12e8b_5595,11597.986313779162
00e12e8b_5596,11597.986313779162
00e12e8b_5597,11597.986313779162
00e12e8b_5598,11597.986313779162
00e12e8b_5599,11597.975789465909
00e12e8b_5600,11597.975789465909
00e12e8b_5601,11598.032154969593
00e12e8b_5602,11598.032154969593
00e12e8b_5603,11598.194347950435
00e12e8b_5604,11598.194347950435
00e12e8b_5605,11598.287572209761
00e12e8b_5606,11598.287572209761
00e12e8b_5607,11598.287572209761
00e12e8b_5608,11598.287572209761
00e12e8b_5609,11598.287572209761
00e12e8b_5610,11598.287572209761
00e12e8b_5611,11598.261725097313
00e12e8b_5612,11598.26892378431
00e12e8b_5613,11598.26892378431
00e12e8b_5614,11598.374925883809
00e12e8b_5615,11598.374925883809
00e12e8b_5616,11598.418710132815
00e12e8b_5617,11598.552530372666
00e12e8b_5618,11598.494635521978
00e12e8b_5619,11598.494635521978
00e12e8b_5620,11598.494635521978
00e12e8b_5621,11598.391688263157
00e12e8b_5622,11598.391688263157
00e12e8b_5623,11598.391688263157
00e12e8b_5624,11598.452037519188
00e12e8b_5625,11598.391688263157
00e12e8b_5626,11598.391688263157
00e12e8b_5627,11598.558910090062
00e12e8b_5628,11598.619259346093
00e12e8b_5629,11598.558910090062
00e12e8b_5630,11598.782582982243
00e12e8b_5631,11598.782582982243
00e12e8b_5632,11598.782582982243
00e12e8b_5633,11598.782582982243
00e12e8b_5634,11598.782582982243
00e12e8b_5635,11598.782582982243
00e12e8b_5636,11598.782582982243
00e12e8b_5637,11598.782582982243
00e12e8b_5638,11598.782582982243
00e12e8b_5639,11598.782582982243
00e12e8b_5640,11598.782582982243
00e12e8b_5641,11598.782582982243
00e12e8b_5642,11598.860924677338
00e12e8b_5643,11598.860924677338
00e12e8b_5644,11598.860924677338
00e12e8b_5645,11598.669684388617
00e12e8b_5646,11598.669684388617
00e12e8b_5647,11598.669684388617
00e12e8b_5648,11598.669684388617
00e12e8b_5649,11598.669684388617
00e12e8b_5650,11598.662255592148
00e12e8b_5651,11598.669684388617
00e12e8b_5652,11598.669684388617
00e12e8b_5653,11598.669684388617
00e12e8b_5654,11598.669684388617
00e12e8b_5655,11598.772631647438
00e12e8b_5656,11598.772631647438
00e12e8b_5657,11598.772631647438
00e12e8b_5658,11598.772631647438
00e12e8b_5659,11598.770177242095
00e12e8b_5660,11598.770177242095
00e12e8b_5661,11598.770177242095
00e12e8b_5662,11598.762748445626
00e12e8b_5663,11598.770177242095
00e12e8b_5664,11598.770177242095
00e12e8b_5665,11598.770177242095
00e12e8b_5666,11598.762748445626
00e12e8b_5667,11598.770177242095
00e12e8b_5668,11598.770177242095
00e12e8b_5669,11598.762748445626
00e12e8b_5670,11598.770177242095
00e12e8b_5671,11598.770177242095
00e12e8b_5672,11598.770177242095
00e12e8b_5673,11598.770177242095
00e12e8b_5674,11598.770177242095
00e12e8b_5675,11598.770177242095
00e12e8b_5676,11598.770177242095
00e12e8b_5677,11598.770177242095
00e12e8b_5678,11598.770177242095
00e12e8b_5679,11598.770177242095
00e12e8b_5680,11598.770177242095
00e12e8b_5681,11598.770177242095
00e12e8b_5682,11598.770177242095
00e12e8b_5683,11598.772631647438
00e12e8b_5684,11598.772631647438
00e12e8b_5685,11598.772631647438
00e12e8b_5686,11598.772631647438
00e12e8b_5687,11598.669684388617
00e12e8b_5688,11598.669684388617
00e12e8b_5689,11598.777373768722
00e12e8b_5690,11598.777373768722
00e12e8b_5691,11598.858158575951
00e12e8b_5692,11598.858158575951
00e12e8b_5693,11599.081831468133
00e12e8b_5694,11599.081831468133
00e12e8b_5695,11599.081831468133
00e12e8b_5696,11599.081831468133
00e12e8b_5697,11599.081831468133
00e12e8b_5698,11599.081831468133
00e12e8b_5699,11599.038047219126
00e12e8b_5700,11599.038047219126
00e12e8b_5701,11599.098396475158
00e12e8b_5702,11599.333463703528
00e12e8b_5703,11599.333463703528
00e12e8b_5704,11599.257963770258
00e12e8b_5705,11599.333463703528
00e12e8b_5706,11599.333463703528
00e12e8b_5707,11599.333463703528
00e12e8b_5708,11599.289679454521
00e12e8b_5709,11599.333463703528
00e12e8b_5710,11599.214179521252
00e12e8b_5711,11599.289679454521
00e12e8b_5712,11599.37668676463
00e12e8b_5713,11599.284991379513
00e12e8b_5714,11599.284991379513
00e12e8b_5715,11599.284991379513
00e12e8b_5716,11599.195184731861
00e12e8b_5717,11599.195184731861
00e12e8b_5718,11599.195184731861
00e12e8b_5719,11599.224348714844
00e12e8b_5720,11599.224348714844
00e12e8b_5721,11599.224348714844
00e12e8b_5722,11599.224348714844
00e12e8b_5723,11599.224348714844
00e12e8b_5724,11599.224348714844
00e12e8b_5725,11599.224348714844
00e12e8b_5726,11599.224348714844
00e12e8b_5727,11599.224348714844
00e12e8b_5728,11599.224348714844
00e12e8b_5729,11599.224348714844
00e12e8b_5730,11599.224348714844
00e12e8b_5731,11599.224348714844
00e12e8b_5732,11599.224348714844
00e12e8b_5733,11599.224348714844
00e12e8b_5734,11599.224348714844
00e12e8b_5735,11599.224348714844
00e12e8b_5736,11599.224348714844
00e12e8b_5737,11599.224348714844
00e12e8b_5738,11599.000675822663
00e12e8b_5739,11599.000675822663
00e12e8b_5740,11599.000675822663
00e12e8b_5741,11599.000675822663
00e12e8b_5742,11599.000675822663
00e12e8b_5743,11599.103623081484
00e12e8b_5744,11599.103623081484
00e12e8b_5745,11599.101168676141
00e12e8b_5746,11599.101168676141
00e12e8b_5747,11599.101168676141
00e12e8b_5748,11599.101168676141
00e12e8b_5749,11599.101168676141
00e12e8b_5750,11599.201210941354
00e12e8b_5751,11599.201210941354
00e12e8b_5752,11599.201210941354
00e12e8b_5753,11599.201210941354
00e12e8b_5754,11599.201210941354
00e12e8b_5755,11599.201210941354
00e12e8b_5756,11599.201210941354
00e12e8b_5757,11599.201210941354
00e12e8b_5758,11599.201210941354
00e12e8b_5759,11599.36059601131
00e12e8b_5760,11599.36059601131
00e12e8b_5761,11599.36059601131
00e12e8b_5762,11599.36059601131
00e12e8b_5763,11599.36059601131
00e12e8b_5764,11599.36059601131
00e12e8b_5765,11599.36059601131
00e12e8b_5766,11599.36059601131
00e12e8b_5767,11599.36059601131
00e12e8b_5768,11599.481655048015
00e12e8b_5769,11599.481655048015
00e12e8b_5770,11599.481655048015
00e12e8b_5771,11599.481655048015
00e12e8b_5772,11599.481655048015
00e12e8b_5773,11599.481655048015
00e12e8b_5774,11599.481655048015
00e12e8b_5775,11599.481655048015
00e12e8b_5776,11599.481655048015
00e12e8b_5777,11599.481655048015
00e12e8b_5778,11599.481655048015
00e12e8b_5779,11599.481655048015
00e12e8b_5780,11599.484109453359
00e12e8b_5781,11599.381162194537
00e12e8b_5782,11599.381162194537
00e12e8b_5783,11599.381162194537
00e12e8b_5784,11599.689450432486
00e12e8b_5785,11599.689450432486
00e12e8b_5786,11599.689450432486
00e12e8b_5787,11599.689450432486
00e12e8b_5788,11599.689450432486
00e12e8b_5789,11599.689450432486
00e12e8b_5790,11599.805727274503
00e12e8b_5791,11599.805727274503
00e12e8b_5792,11600.082910413752
00e12e8b_5793,11600.098250585484
00e12e8b_5794,11600.129691052734
00e12e8b_5795,11600.179647095993
00e12e8b_5796,11600.243234993883
00e12e8b_5797,11600.243234993883
00e12e8b_5798,11600.243234993883
00e12e8b_5799,11600.243234993883
00e12e8b_5800,11600.310990489364
00e12e8b_5801,11600.29294127815
00e12e8b_5802,11600.281759565156
00e12e8b_5803,11600.281759565156
00e12e8b_5804,11600.281759565156
00e12e8b_5805,11600.275292761024
00e12e8b_5806,11600.275292761024
00e12e8b_5807,11600.275292761024
00e12e8b_5808,11600.275292761024
00e12e8b_5809,11600.275292761024
00e12e8b_5810,11600.275292761024
00e12e8b_5811,11600.275292761024
00e12e8b_5812,11600.275292761024
00e12e8b_5813,11600.275292761024
00e12e8b_5814,11600.275292761024
00e12e8b_5815,11600.275292761024
00e12e8b_5816,11600.275292761024
00e12e8b_5817,11600.275292761024
00e12e8b_5818,11600.275292761024
00e12e8b_5819,11600.275292761024
00e12e8b_5820,11600.275292761024
00e12e8b_5821,11600.275292761024
00e12e8b_5822,11600.450332991883
00e12e8b_5823,11600.450332991883
00e12e8b_5824,11600.456799796015
00e12e8b_5825,11600.7485996938
00e12e8b_5826,11600.7485996938
00e12e8b_5827,11600.759781406794
00e12e8b_5828,11600.777830618008
00e12e8b_5829,11600.710075122526
00e12e8b_5830,11600.710075122526
00e12e8b_5831,11600.710075122526
00e12e8b_5832,11600.710075122526
00e12e8b_5833,11600.8450207808
00e12e8b_5834,11600.8450207808
00e12e8b_5835,11600.8450207808
00e12e8b_5836,11600.8450207808
00e12e8b_5837,11600.8450207808
00e12e8b_5838,11600.8450207808
00e12e8b_5839,11600.81358031355
00e12e8b_5840,11600.798240141818
00e12e8b_5841,11600.798240141818
00e12e8b_5842,11600.798240141818
00e12e8b_5843,11600.798240141818
00e12e8b_5844,11600.798240141818
00e12e8b_5845,11600.798240141818
00e12e8b_5846,11600.798240141818
00e12e8b_5847,11600.798240141818
00e12e8b_5848,11600.798240141818
00e12e8b_5849,11600.798240141818
00e12e8b_5850,11600.798240141818
00e12e8b_5851,11600.798240141818
00e12e8b_5852,11600.798240141818
00e12e8b_5853,11600.798240141818
00e12e8b_5854,11600.798240141818
00e12e8b_5855,11600.798240141818
00e12e8b_5856,11600.798240141818
00e12e8b_5857,11600.798240141818
00e12e8b_5858,11600.798240141818
00e12e8b_5859,11600.798240141818
00e12e8b_5860,11600.537510198348
00e12e8b_5861,11600.537510198348
00e12e8b_5862,11600.537510198348
00e12e8b_5863,11600.5116630859
00e12e8b_5864,11600.518861772896
00e12e8b_5865,11600.744148054671
00e12e8b_5866,11600.744148054671
00e12e8b_5867,11600.744148054671
00e12e8b_5868,11600.847095313493
00e12e8b_5869,11600.847095313493
00e12e8b_5870,11600.847095313493
00e12e8b_5871,11600.847095313493
00e12e8b_5872,11600.84464090815
00e12e8b_5873,11600.842987767901
00e12e8b_5874,11600.842987767901
00e12e8b_5875,11601.270083792346
00e12e8b_5876,11601.32229727344
00e12e8b_5877,11601.32229727344
00e12e8b_5878,11601.32229727344
00e12e8b_5879,11601.32229727344
00e12e8b_5880,11601.32229727344
00e12e8b_5881,11601.32229727344
00e12e8b_5882,11601.32229727344
00e12e8b_5883,11601.323950413689
00e12e8b_5884,11601.323950413689
00e12e8b_5885,11601.323950413689
00e12e8b_5886,11601.24845048042
00e12e8b_5887,11601.24845048042
00e12e8b_5888,11601.24845048042
00e12e8b_5889,11601.24845048042
00e12e8b_5890,11601.24845048042
00e12e8b_5891,11601.328157551508
00e12e8b_5892,11601.550878368975
00e12e8b_5893,11601.43816012567
00e12e8b_5894,11601.287556606843
00e12e8b_5895,11601.294985403312
00e12e8b_5896,11601.294985403312
00e12e8b_5897,11601.294985403312
00e12e8b_5898,11601.294985403312
00e12e8b_5899,11601.294985403312
00e12e8b_5900,11601.297439808655
00e12e8b_5901,11601.330258218666
00e12e8b_5902,11601.330258218666
00e12e8b_5903,11601.227310959845
00e12e8b_5904,11601.225657819596
00e12e8b_5905,11601.225657819596
00e12e8b_5906,11601.225657819596
00e12e8b_5907,11601.225657819596
00e12e8b_5908,11601.249237542868
00e12e8b_5909,11601.36040386754
00e12e8b_5910,11601.36040386754
00e12e8b_5911,11601.62113381101
00e12e8b_5912,11601.62113381101
00e12e8b_5913,11601.69663374428
00e12e8b_5914,11601.69663374428
00e12e8b_5915,11601.62113381101
00e12e8b_5916,11601.69663374428
00e12e8b_5917,11601.62113381101
00e12e8b_5918,11601.903965284437
00e12e8b_5919,11601.903965284437
00e12e8b_5920,11601.903965284437
00e12e8b_5921,11601.903965284437
00e12e8b_5922,11601.903965284437
00e12e8b_5923,11601.903965284437
00e12e8b_5924,11601.896536487968
00e12e8b_5925,11601.940685544663
00e12e8b_5926,11601.98511392328
00e12e8b_5927,11601.782185000819
00e12e8b_5928,11601.782185000819
00e12e8b_5929,11601.782185000819
00e12e8b_5930,11601.797525172551
00e12e8b_5931,11601.992016199605
00e12e8b_5932,11602.117922345004
00e12e8b_5933,11602.117922345004
00e12e8b_5934,11601.828965639801
00e12e8b_5935,11601.828965639801
00e12e8b_5936,11601.828965639801
00e12e8b_5937,11601.776636502169
00e12e8b_5938,11601.776636502169
00e12e8b_5939,11601.665920911339
00e12e8b_5940,11601.753056778896
00e12e8b_5941,11601.805385916528
00e12e8b_5942,11601.871796056692
00e12e8b_5943,11602.307652458896
00e12e8b_5944,11602.309305599145
00e12e8b_5945,11602.309305599145
00e12e8b_5946,11602.335599233598
00e12e8b_5947,11602.372171973
00e12e8b_5948,11602.372171973
00e12e8b_5949,11602.372171973
00e12e8b_5950,11602.372171973
00e12e8b_5951,11602.644217051075
00e12e8b_5952,11602.644217051075
00e12e8b_5953,11602.612776583825
00e12e8b_5954,11602.612776583825
00e12e8b_5955,11602.612776583825
00e12e8b_5956,11602.597436412092
00e12e8b_5957,11602.623541806097
00e12e8b_5958,11602.623541806097
00e12e8b_5959,11602.623541806097
00e12e8b_5960,11602.676541020342
00e12e8b_5961,11602.89737448619
00e12e8b_5962,11602.89737448619
00e12e8b_5963,11602.89737448619
00e12e8b_5964,11602.89737448619
00e12e8b_5965,11602.89737448619
00e12e8b_5966,11603.077660764651
00e12e8b_5967,11603.186331191393
00e12e8b_5968,11603.186331191393
00e12e8b_5969,11603.186331191393
00e12e8b_5970,11603.186331191393
00e12e8b_5971,11603.186331191393
00e12e8b_5972,11603.186331191393
00e12e8b_5973,11603.186331191393
00e12e8b_5974,11603.186331191393
00e12e8b_5975,11603.187627778349
00e12e8b_5976,11603.164283613049
00e12e8b_5977,11603.293308405191
00e12e8b_5978,11603.313492411511
00e12e8b_5979,11603.313492411511
00e12e8b_5980,11603.328832583244
00e12e8b_5981,11603.220162156502
00e12e8b_5982,11603.328832583244
00e12e8b_5983,11603.251602623752
00e12e8b_5984,11603.234366905095
00e12e8b_5985,11603.234366905095
00e12e8b_5986,11603.071316345291
00e12e8b_5987,11603.071316345291
00e12e8b_5988,11603.234366905095
00e12e8b_5989,11603.231418617432
00e12e8b_5990,11603.231418617432
00e12e8b_5991,11603.340089044174
00e12e8b_5992,11603.340089044174
00e12e8b_5993,11603.231418617432
00e12e8b_5994,11603.340089044174
00e12e8b_5995,11603.231418617432
00e12e8b_5996,11603.39048294607
00e12e8b_5997,11603.083477029653
00e12e8b_5998,11603.372433734856
00e12e8b_5999,11603.372433734856
00e12e8b_6000,11603.372433734856
00e12e8b_6001,11603.847978594866
00e12e8b_6002,11603.739308168124
00e12e8b_6003,11603.739308168124
00e12e8b_6004,11603.74439218411
00e12e8b_6005,11603.581341624305
00e12e8b_6006,11603.581341624305
00e12e8b_6007,11603.581341624305
00e12e8b_6008,11603.581341624305
00e12e8b_6009,11603.581341624305
00e12e8b_6010,11603.479654452101
00e12e8b_6011,11603.607500182863
00e12e8b_6012,11603.505813010659
00e12e8b_6013,11603.505813010659
00e12e8b_6014,11603.607500182863
00e12e8b_6015,11603.607500182863
00e12e8b_6016,11603.495125527403
00e12e8b_6017,11603.495125527403
00e12e8b_6018,11603.46883189295
00e12e8b_6019,11603.570519065153
00e12e8b_6020,11603.46883189295
00e12e8b_6021,11603.552326395116
00e12e8b_6022,11603.578130230362
00e12e8b_6023,11603.552326395116
00e12e8b_6024,11603.570519065153
00e12e8b_6025,11603.108777406804
00e12e8b_6026,11603.15340962943
00e12e8b_6027,11603.201333255865
00e12e8b_6028,11603.36438381567
00e12e8b_6029,11603.201333255865
00e12e8b_6030,11603.157549006859
00e12e8b_6031,11602.994061714042
00e12e8b_6032,11603.201333255865
00e12e8b_6033,11603.037845963048
00e12e8b_6034,11603.037845963048
00e12e8b_6035,11603.085377529924
00e12e8b_6036,11603.02357740931
00e12e8b_6037,11603.030044213443
00e12e8b_6038,11603.19353150626
00e12e8b_6039,11603.030044213443
00e12e8b_6040,11603.048093424657
00e12e8b_6041,11603.048093424657
00e12e8b_6042,11602.99769952276
00e12e8b_6043,11603.059499643374
00e12e8b_6044,11602.99769952276
00e12e8b_6045,11602.90293167827
00e12e8b_6046,11602.841131557658
00e12e8b_6047,11602.86506713172
00e12e8b_6048,11602.86506713172
00e12e8b_6049,11603.028554424536
00e12e8b_6050,11603.028554424536
00e12e8b_6051,11603.18685112437
00e12e8b_6052,11603.18685112437
00e12e8b_6053,11603.085163952166
00e12e8b_6054,11603.023363831553
00e12e8b_6055,11603.053723484916
00e12e8b_6056,11603.042338971634
00e12e8b_6057,11603.042338971634
00e12e8b_6058,11603.026998799902
00e12e8b_6059,11603.026998799902
00e12e8b_6060,11603.026998799902
00e12e8b_6061,11603.026998799902
00e12e8b_6062,11603.026998799902
00e12e8b_6063,11603.026998799902
00e12e8b_6064,11603.026998799902
00e12e8b_6065,11603.026998799902
00e12e8b_6066,11603.035637695037
00e12e8b_6067,11603.035637695037
00e12e8b_6068,11603.035637695037
00e12e8b_6069,11603.035637695037
00e12e8b_6070,11603.035637695037
00e12e8b_6071,11603.035637695037
00e12e8b_6072,11603.035637695037
00e12e8b_6073,11603.035637695037
00e12e8b_6074,11603.035637695037
00e12e8b_6075,11603.035637695037
00e12e8b_6076,11603.05097786677
00e12e8b_6077,11603.05097786677
00e12e8b_6078,11603.122487923003
00e12e8b_6079,11603.224175095207
00e12e8b_6080,11603.06068780239
00e12e8b_6081,11603.153928390253
00e12e8b_6082,11603.099557066109
00e12e8b_6083,11603.099557066109
00e12e8b_6084,11603.099557066109
00e12e8b_6085,11603.099557066109
00e12e8b_6086,11603.099557066109
00e12e8b_6087,11603.099557066109
00e12e8b_6088,11603.153928390253
00e12e8b_6089,11603.099557066109
00e12e8b_6090,11603.099557066109
00e12e8b_6091,11603.099557066109
00e12e8b_6092,11603.378369476217
00e12e8b_6093,11603.378369476217
00e12e8b_6094,11603.378369476217
00e12e8b_6095,11603.378369476217
00e12e8b_6096,11603.378369476217
00e12e8b_6097,11603.378369476217
00e12e8b_6098,11603.199427737947
00e12e8b_6099,11603.199427737947
00e12e8b_6100,11603.199427737947
00e12e8b_6101,11603.462657947393
00e12e8b_6102,11603.462657947393
00e12e8b_6103,11603.462657947393
00e12e8b_6104,11603.51305184929
00e12e8b_6105,11603.51305184929
00e12e8b_6106,11603.51305184929
00e12e8b_6107,11603.51305184929
00e12e8b_6108,11603.495002638076
00e12e8b_6109,11603.495002638076
00e12e8b_6110,11603.495002638076
00e12e8b_6111,11603.512364231661
00e12e8b_6112,11603.512364231661
00e12e8b_6113,11603.512364231661
00e12e8b_6114,11603.512364231661
00e12e8b_6115,11603.512364231661
00e12e8b_6116,11603.58786416493
00e12e8b_6117,11603.512364231661
00e12e8b_6118,11603.58786416493
00e12e8b_6119,11603.530413442875
00e12e8b_6120,11603.605913376145
00e12e8b_6121,11603.530413442875
00e12e8b_6122,11603.605913376145
00e12e8b_6123,11603.530413442875
00e12e8b_6124,11603.462657947393
00e12e8b_6125,11603.462657947393
00e12e8b_6126,11603.462657947393
00e12e8b_6127,11603.538157880663
00e12e8b_6128,11603.462657947393
00e12e8b_6129,11603.462657947393
00e12e8b_6130,11603.462657947393
00e12e8b_6131,11603.198071948338
00e12e8b_6132,11603.198071948338
00e12e8b_6133,11603.198071948338
00e12e8b_6134,11603.198071948338
00e12e8b_6135,11603.198071948338
00e12e8b_6136,11603.166631481088
00e12e8b_6137,11603.151291309356
00e12e8b_6138,11603.151291309356
00e12e8b_6139,11603.151291309356
00e12e8b_6140,11603.151291309356
00e12e8b_6141,11603.151291309356
00e12e8b_6142,11603.151291309356
00e12e8b_6143,11603.151291309356
00e12e8b_6144,11603.02370978358
00e12e8b_6145,11603.02370978358
00e12e8b_6146,11602.957297484378
00e12e8b_6147,11602.957297484378
00e12e8b_6148,11602.957297484378
00e12e8b_6149,11602.957297484378
00e12e8b_6150,11602.957297484378
00e12e8b_6151,11602.957297484378
00e12e8b_6152,11602.957297484378
00e12e8b_6153,11602.957297484378
00e12e8b_6154,11602.944869127143
00e12e8b_6155,11602.944869127143
00e12e8b_6156,11602.944869127143
00e12e8b_6157,11602.944869127143
00e12e8b_6158,11602.944869127143
00e12e8b_6159,11602.944869127143
00e12e8b_6160,11602.944869127143
00e12e8b_6161,11602.944869127143
00e12e8b_6162,11602.944869127143
00e12e8b_6163,11602.944869127143
00e12e8b_6164,11602.944869127143
00e12e8b_6165,11602.944869127143
00e12e8b_6166,11602.944869127143
00e12e8b_6167,11602.937440330674
00e12e8b_6168,11602.937440330674
00e12e8b_6169,11602.944869127143
00e12e8b_6170,11602.944869127143
00e12e8b_6171,11602.944869127143
00e12e8b_6172,11602.957297484378
00e12e8b_6173,11602.957297484378
00e12e8b_6174,11602.957297484378
00e12e8b_6175,11602.957297484378
00e12e8b_6176,11602.957297484378
00e12e8b_6177,11602.957297484378
00e12e8b_6178,11602.957297484378
00e12e8b_6179,11603.032797417647
00e12e8b_6180,11603.032797417647
00e12e8b_6181,11602.957297484378
00e12e8b_6182,11602.957297484378
00e12e8b_6183,11602.957297484378
00e12e8b_6184,11602.900096869418
00e12e8b_6185,11602.900096869418
00e12e8b_6186,11602.908556840113
00e12e8b_6187,11602.908556840113
00e12e8b_6188,11602.908556840113
00e12e8b_6189,11602.908556840113
00e12e8b_6190,11602.896128482878
00e12e8b_6191,11602.509506924085
00e12e8b_6192,11602.509506924085
00e12e8b_6193,11602.509506924085
00e12e8b_6194,11602.509506924085
00e12e8b_6195,11602.585006857355
00e12e8b_6196,11602.585006857355
00e12e8b_6197,11602.585006857355
00e12e8b_6198,11602.541222608348
00e12e8b_6199,11602.44952722323
00e12e8b_6200,11602.44952722323
00e12e8b_6201,11602.44952722323
00e12e8b_6202,11602.465722675079
00e12e8b_6203,11602.553650965583
00e12e8b_6204,11602.320380309404
00e12e8b_6205,11602.385342210875
00e12e8b_6206,11602.385342210875
00e12e8b_6207,11602.385342210875
00e12e8b_6208,11602.385342210875
00e12e8b_6209,11602.295535563224
00e12e8b_6210,11602.295535563224
00e12e8b_6211,11602.295535563224
00e12e8b_6212,11602.295535563224
00e12e8b_6213,11602.295535563224
00e12e8b_6214,11602.295535563224
00e12e8b_6215,11602.288336876227
00e12e8b_6216,11602.314183988676
00e12e8b_6217,11602.314183988676
00e12e8b_6218,11602.314183988676
00e12e8b_6219,11602.314183988676
00e12e8b_6220,11602.314183988676
00e12e8b_6221,11602.329524160408
00e12e8b_6222,11602.360964627658
00e12e8b_6223,11602.360964627658
00e12e8b_6224,11602.220824923168
00e12e8b_6225,11602.220824923168
00e12e8b_6226,11602.220824923168
00e12e8b_6227,11602.220824923168
00e12e8b_6228,11602.220824923168
00e12e8b_6229,11602.113663813367
00e12e8b_6230,11602.113663813367
00e12e8b_6231,11602.113663813367
00e12e8b_6232,11602.113663813367
00e12e8b_6233,11602.257401156143
00e12e8b_6234,11602.257401156143
00e12e8b_6235,11602.288592862431
00e12e8b_6236,11602.181168296656
00e12e8b_6237,11602.181168296656
00e12e8b_6238,11602.181168296656
00e12e8b_6239,11601.998701621742
00e12e8b_6240,11601.998701621742
00e12e8b_6241,11601.998701621742
00e12e8b_6242,11601.998701621742
00e12e8b_6243,11601.998701621742
00e12e8b_6244,11601.998701621742
00e12e8b_6245,11601.998701621742
00e12e8b_6246,11601.998701621742
00e12e8b_6247,11601.863618939198
00e12e8b_6248,11601.863618939198
00e12e8b_6249,11601.863618939198
00e12e8b_6250,11601.874800652193
00e12e8b_6251,11601.843608945905
00e12e8b_6252,11601.843608945905
00e12e8b_6253,11601.699871603128
00e12e8b_6254,11601.699871603128
00e12e8b_6255,11601.699871603128
00e12e8b_6256,11601.699871603128
00e12e8b_6257,11601.79131221623
00e12e8b_6258,11601.79131221623
00e12e8b_6259,11601.828234050397
00e12e8b_6260,11601.828234050397
00e12e8b_6261,11601.828234050397
00e12e8b_6262,11601.81628759724
00e12e8b_6263,11601.997789630008
00e12e8b_6264,11602.041573879014
00e12e8b_6265,11602.010133411764
00e12e8b_6266,11601.994793240032
00e12e8b_6267,11601.994793240032
00e12e8b_6268,11601.994793240032
00e12e8b_6269,11601.994793240032
00e12e8b_6270,11601.994793240032
00e12e8b_6271,11601.994793240032
00e12e8b_6272,11602.012876668176
00e12e8b_6273,11602.012876668176
00e12e8b_6274,11602.012876668176
00e12e8b_6275,11602.012876668176
00e12e8b_6276,11602.089490037766
00e12e8b_6277,11602.077061680531
00e12e8b_6278,11602.077061680531
00e12e8b_6279,11602.077061680531
00e12e8b_6280,11602.25221531174
00e12e8b_6281,11602.25221531174
00e12e8b_6282,11601.905685167352
00e12e8b_6283,11601.981185100622
00e12e8b_6284,11601.905685167352
00e12e8b_6285,11601.873650749028
00e12e8b_6286,11601.873650749028
00e12e8b_6287,11601.873650749028
00e12e8b_6288,11601.912448040663
00e12e8b_6289,11601.912448040663
00e12e8b_6290,11601.912448040663
00e12e8b_6291,11601.912448040663
00e12e8b_6292,11601.912448040663
00e12e8b_6293,11601.791857801683
00e12e8b_6294,11601.791857801683
00e12e8b_6295,11601.791857801683
00e12e8b_6296,11601.791857801683
00e12e8b_6297,11601.791857801683
00e12e8b_6298,11601.791857801683
00e12e8b_6299,11601.791857801683
00e12e8b_6300,11601.791857801683
00e12e8b_6301,11601.784429005214
00e12e8b_6302,11601.791857801683
00e12e8b_6303,11601.791857801683
00e12e8b_6304,11601.791857801683
00e12e8b_6305,11601.784429005214
00e12e8b_6306,11601.791857801683
00e12e8b_6307,11602.184149319293
00e12e8b_6308,11602.176720522824
00e12e8b_6309,11602.184149319293
00e12e8b_6310,11602.16606589115
00e12e8b_6311,11602.16606589115
00e12e8b_6312,11602.16606589115
00e12e8b_6313,11602.184149319293
00e12e8b_6314,11602.184149319293
00e12e8b_6315,11602.184149319293
00e12e8b_6316,11602.184149319293
00e12e8b_6317,11602.184149319293
00e12e8b_6318,11602.225605162668
00e12e8b_6319,11602.225605162668
00e12e8b_6320,11601.449035266653
00e12e8b_6321,11601.569625505632
00e12e8b_6322,11601.569625505632
00e12e8b_6323,11601.569625505632
00e12e8b_6324,11601.569625505632
00e12e8b_6325,11601.569625505632
00e12e8b_6326,11601.569625505632
00e12e8b_6327,11601.2640567855
00e12e8b_6328,11601.25662798903
00e12e8b_6329,11601.25662798903
00e12e8b_6330,11601.25662798903
00e12e8b_6331,11601.25662798903
00e12e8b_6332,11601.2640567855
00e12e8b_6333,11601.2640567855
00e12e8b_6334,11601.2640567855
00e12e8b_6335,11601.2640567855
00e12e8b_6336,11601.2640567855
00e12e8b_6337,11601.2640567855
00e12e8b_6338,11601.2640567855
00e12e8b_6339,11601.2640567855
00e12e8b_6340,11601.2640567855
00e12e8b_6341,11601.339556718769
00e12e8b_6342,11601.339556718769
00e12e8b_6343,11601.339556718769
00e12e8b_6344,11601.339556718769
00e12e8b_6345,11601.406702619619
00e12e8b_6346,11601.406702619619
00e12e8b_6347,11601.406702619619
00e12e8b_6348,11601.406702619619
00e12e8b_6349,11601.406702619619
00e12e8b_6350,11601.33120268635
00e12e8b_6351,11601.33120268635
00e12e8b_6352,11601.33120268635
00e12e8b_6353,11601.33120268635
00e12e8b_6354,11601.33120268635
00e12e8b_6355,11601.33120268635
00e12e8b_6356,11601.313119258206
00e12e8b_6357,11601.313119258206
00e12e8b_6358,11601.128095548756
00e12e8b_6359,11601.08431129975
00e12e8b_6360,11600.96372106077
00e12e8b_6361,11601.03922099404
00e12e8b_6362,11601.03922099404
00e12e8b_6363,11601.03922099404
00e12e8b_6364,11601.03922099404
00e12e8b_6365,11601.174747238738
00e12e8b_6366,11601.174747238738
00e12e8b_6367,11600.96372106077
00e12e8b_6368,11600.96372106077
00e12e8b_6369,11601.03922099404
00e12e8b_6370,11601.03922099404
00e12e8b_6371,11601.03922099404
00e12e8b_6372,11601.03922099404
00e12e8b_6373,11601.201182229666
00e12e8b_6374,11601.201182229666
00e12e8b_6375,11601.201182229666
00e12e8b_6376,11601.244966478673
00e12e8b_6377,11601.169466545403
00e12e8b_6378,11601.244966478673
00e12e8b_6379,11601.244966478673
00e12e8b_6380,11601.337864183959
00e12e8b_6381,11601.411300646996
00e12e8b_6382,11601.411300646996
00e12e8b_6383,11601.411300646996
